surrogate_key,natural_key,seller_region,seller_city,seller_state,valid_from,valid_to,is_current
89e88558-d8d8-41c7-b5bd-6b99a83caa48,3442f8959a84dea7ee197c632cb2df15,sudeste,campinas,SP,2026-07-04,,True
4fcf0685-b072-49b3-871c-a426ac7890c3,d1b65fc7debc3361ea86b5f14c68d2e2,sudeste,mogi guacu,SP,2026-07-04,,True
3f38bf80-71fe-427e-b185-8861e645c2ed,ce3ad9de960102d0677a81f5d0bb7b2d,sudeste,rio de janeiro,RJ,2026-07-04,,True
88df33d2-9334-4ae7-9e83-b1383a9eab9f,c0f3eea2e14555b6faeea3dd58c1b1c3,sudeste,sao paulo,SP,2026-07-04,,True
6cc1d0fa-516a-436e-8c95-6d28a7755ee5,51a04a8a6bdcb23deccc82b0b80742cf,sudeste,braganca paulista,SP,2026-07-04,,True
92178486-79fe-4f1b-bb4a-e75eff825bd1,c240c4061717ac1806ae6ee72be3533b,sudeste,rio de janeiro,RJ,2026-07-04,,True
5c9b39f4-1010-489d-9643-5cca94095fe8,e49c26c3edfa46d227d5121a6b6e4d37,nordeste,brejao,PE,2026-07-04,,True
ea1531f5-cf1f-43be-b3ef-c8d02dd775cd,1b938a7ec6ac5061a66a3766e0e75f90,sudeste,penapolis,SP,2026-07-04,,True
47fa4ec4-28f6-4c04-90a0-2d727e78c74e,768a86e36ad6aae3d03ee3c6433d61df,sudeste,sao paulo,SP,2026-07-04,,True
42acdd4e-4570-433f-8222-5b54e081c53a,ccc4bbb5f32a6ab2b7066a4130f114e3,sul,curitiba,PR,2026-07-04,,True
4ca8f9fb-b578-4764-a913-20c0f44799b0,8cb7c5ddf41f4d506eba76e9a4702a25,centro_oeste,anapolis,GO,2026-07-04,,True
3769d162-13b9-43d8-a2df-1a651e8b64ec,a7a9b880c49781da66651ccf4ba9ac38,sudeste,itirapina,SP,2026-07-04,,True
64ba8130-8cbc-452b-bf2f-83f51c13557f,8bd0f31cf0a614c658f6763bd02dea69,sudeste,sao paulo,SP,2026-07-04,,True
66627046-a5f1-45d6-800c-3ce28e4ce21c,05a48cc8859962767935ab9087417fbb,sudeste,sao paulo,SP,2026-07-04,,True
db2ef10d-4e66-4d69-9c3f-350b68c7ad02,7b8e8ec35bad4b0ef7e3963650b0a87b,sul,tubarao,SC,2026-07-04,,True
3d5ebd8f-e39c-4426-937c-b4b8dabe4ecb,1444c08e64d55fb3c25f0f09c07ffcf2,nordeste,lauro de freitas,BA,2026-07-04,,True
d9fbad0d-e0d9-4205-bf00-aafabf016186,166e8f1381e09651983c38b1f6f91c11,sul,imbituba,SC,2026-07-04,,True
5bdf1988-d754-4042-a30a-ec0363161e2e,e38db885400cd35c71dfd162f2c1dbcf,centro_oeste,brasilia,DF,2026-07-04,,True
8180e56c-11b1-4be1-8e11-8ecf332a8214,d2e753bb80b7d4faa77483ed00edc8ca,nordeste,porto seguro,BA,2026-07-04,,True
aa005dad-1241-41ed-a0c6-986a70fb1bde,f9ec7093df3a7b346b7bcf7864069ca3,sudeste,sao paulo,SP,2026-07-04,,True
5af2565a-6a5c-4faa-a6bb-1d64706411e4,4e6015589b781adaa5ce7f1892d06bb1,sudeste,guaruja,SP,2026-07-04,,True
15ff165d-24c6-4c16-b945-34c3f65b14d6,4cf490a58259286ada5ba8525ba9e84a,sudeste,tabatinga,SP,2026-07-04,,True
4190bcce-05f4-4efd-8937-38b130c170b5,f7496d659ca9fdaf323c0aae84176632,sudeste,sao paulo,SP,2026-07-04,,True
08bbeda3-8c24-4840-8fe8-89824043bf6d,2ff97219cb8622eaf3cd89b7d9c09824,sudeste,salto,SP,2026-07-04,,True
949e1b9a-9107-450f-ba1f-a905511438a6,8bd0e3abda539b9479c4b44a691be1ec,sul,tres de maio,RS,2026-07-04,,True
bc490785-4f71-4c38-b56a-d259cf8b2df6,2a1348e9addc1af5aaa619b1a3679d6b,sudeste,belo horizonte,MG,2026-07-04,,True
b5ce8de9-c376-46a5-a4bd-f794a07acbeb,2078fe5066350e7d220c0ad3a3bbc6c1,sul,arapongas,PR,2026-07-04,,True
f964582e-8fa0-48c4-8a17-25050faefc8c,116ccb1a1604bc88e4d234a8c23f33de,sudeste,sao bernardo do campo,SP,2026-07-04,,True
6f149268-5713-46f7-91cb-a96abfd2f936,430315b7bb4b6e4b3c978f9dfa9b0558,sudeste,sao paulo,SP,2026-07-04,,True
35ad81ac-2186-4135-bf66-2660aef56e43,406822777a0b9eb5c50e442dd4cd3ec5,sudeste,tatui,SP,2026-07-04,,True
097b7c70-72e7-4248-b5d6-342c83ffbb03,4dbd95a08b31ede5c82d3f861cb1ce1a,sul,curitiba,PR,2026-07-04,,True
c015a688-ef35-42e6-bd87-01a4d813a6f0,e9e446d01bd10a97a8ffcfc4a3a20cb2,sudeste,sao paulo,SP,2026-07-04,,True
fa94c6cd-924b-4147-91a4-1f212d9e9626,d52cbce9845184537284a23c3bc3da0e,sul,garopaba,SC,2026-07-04,,True
41fafbd7-58d4-4e3e-b1c7-d1f22af69f9e,d9a84e1403de8da0c3aa531d6d108ba6,sudeste,sao paulo,SP,2026-07-04,,True
e66339b4-d3e9-4395-a7d6-c3842f2104d3,9c690ceacd5c66731bf443ea810195cb,sudeste,camanducaia,MG,2026-07-04,,True
bea2ec46-dd19-4846-94a5-5c9da9f0afd1,1f9ab4708f3056ede07124aad39a2554,sudeste,tupa,SP,2026-07-04,,True
ce63e7d4-8bc5-4098-b4b6-e6ab67fc1ae7,1961c3e1272bfeceb05d0b78b5bbfdaf,sudeste,guarulhos,SP,2026-07-04,,True
35386bc1-c1d8-4924-8a68-727461558882,d3e7d37c0df9aef383f3f2a15b0dddfb,sul,sao jose dos pinhais,PR,2026-07-04,,True
65e7c70b-18b1-4e65-aca7-2c82b89fb91e,ec2e006556300a79a5a91e4876ab3a56,sudeste,sao paulo,SP,2026-07-04,,True
fec58711-8fc5-412b-b258-42c707ae302c,b2a6d334e2833acea353624840e25a0e,sudeste,sao paulo,SP,2026-07-04,,True
2dbe2bec-5cf3-40c9-99c3-e478b7666790,d3674f271c91f824f82d24d92011f669,centro_oeste,brasilia,DF,2026-07-04,,True
986c33ef-bd95-4e6c-864f-0322c4262457,768de2a4fc06aacecb9a586ccc30746a,centro_oeste,brasilia,DF,2026-07-04,,True
cd0a54bc-0818-40a7-9b0c-548bb98ebd5e,a81466620e46a6970b22ef40379fdfc9,sul,sao ludgero,SC,2026-07-04,,True
2a1c3970-6a9d-453b-a26a-cb43c1ed58b6,5c030029b5916fed0986310385ec9009,sul,sao jose,SC,2026-07-04,,True
4ab61356-3bb7-4d9f-9843-45d8a3ef7134,c0f783394e37cd9c9d7f5f81141450fa,sudeste,piracicaba,SP,2026-07-04,,True
7233293d-ad74-48c6-ae36-09f86d18e6b8,c353f8fc0ce8344999f17d578eb69a5e,sul,porto alegre,RS,2026-07-04,,True
9d67d231-8db0-4e2d-8dd8-7bef04191b58,8444e55c1f13cd5c179851e5ca5ebd00,sudeste,congonhal,MG,2026-07-04,,True
6b0f6b17-51de-4ead-809b-b3cc3278e77c,28a26ebce31d5918b181ede016fd693b,sudeste,belo horizonte,MG,2026-07-04,,True
274811b1-0aea-43dc-8919-6cfe70262196,41ab63a91b8b264e8c8780368bf1dd5b,sudeste,belo horizonte,MG,2026-07-04,,True
de00f097-9b5a-4926-9a3f-ff784434b0aa,8759e7aedd644f487315e5860962f162,sudeste,santo andre,SP,2026-07-04,,True
d330c74a-83ff-40ed-be38-df77ef8e3dd6,e546117ed9cafbc40239c0c78635c584,sudeste,sao paulo,SP,2026-07-04,,True
43caec22-dbc4-4075-813a-920fb433b797,d71d863e5ef30d94e440c11be17dcd8f,sudeste,osasco,SP,2026-07-04,,True
bed5e972-a6b9-4037-aca8-295ab0fcca17,0c7533c71df861ec58ad7ff999ed0e8d,sudeste,valinhos,SP,2026-07-04,,True
7cb68d8f-115c-4d9a-b767-f2821ee0e50e,ef990a83bbea832f36ebe81376335aa8,sul,joinville,SC,2026-07-04,,True
2230d0b1-451e-4d4d-9cab-499dce2625c1,41e0fa5761c886a630994a55c12087e7,sudeste,guaruja,SP,2026-07-04,,True
9a90f4e6-7aa9-4275-89c5-9d342df9b24d,0747d5bb69f0586cc869d8af4c50f93e,sudeste,saquarema,RJ,2026-07-04,,True
6fde95fa-4756-47c1-b23a-14ac8199c36b,7d294cf9a6a69dc6a0c3e540fff0e039,sul,barra velha,SC,2026-07-04,,True
78712a59-001b-4a34-8fb6-229d8fffea3d,c89cf7c468a48af70aada384e722f9e2,sudeste,petropolis,RJ,2026-07-04,,True
0369e7e5-9cb7-47cb-96d9-678abffd6620,b7ba853e9551f4558440881fd3e5c815,sul,santo antonio da patrulha,RS,2026-07-04,,True
dd1ff335-7a45-426f-8713-ecd337ec10a7,13c2ed7698b3ca92dad49e849219da59,sul,ponta grossa,PR,2026-07-04,,True
fe1895df-8ca4-4e14-9a7a-7cdc7dac4fee,cbbd5ae8f53de5f5097cd8217b529e24,sudeste,santana de parnaiba,SP,2026-07-04,,True
65c47b12-b4a7-4dbe-a165-23db7a385232,02ecc2a19303f05e59ce133fd923fff7,sudeste,santo andre,SP,2026-07-04,,True
3afdfac5-f5b7-4b0d-99a9-0ca01334aa89,c013e57c075a06e5b5c48ee03c525719,sudeste,sao carlos,SP,2026-07-04,,True
01033795-ac4d-41f0-a79d-e573463a8f69,55f7a3319d80f7fdf078b8f03e6725fe,sudeste,osasco,SP,2026-07-04,,True
04460108-cd76-47a0-b3be-133f703b9311,2d50d6282f8aa2257819a77bfaa0efe0,sudeste,ibitinga,SP,2026-07-04,,True
3ebb02b2-f398-4ad3-a8c6-aad45b972c9a,b7e1750c1157341d2abd0251e07c186b,sudeste,sao paulo,SP,2026-07-04,,True
237b2c44-85fd-4f57-aaa3-147767b5a166,b90e891671cffd9557f33a97dc523645,sul,sao jose dos pinhais,PR,2026-07-04,,True
3497937e-13c9-4e20-a67a-569a54191ce5,a416b6a846a11724393025641d4edd5e,sudeste,sao paulo,SP,2026-07-04,,True
19b93001-6ff7-4b0f-8ba4-324b14765b8d,7e93a43ef30c4f03f38b393420bc753a,sudeste,barueri,SP,2026-07-04,,True
2f46ecb0-6771-45b3-9044-e9a1278e530d,5206cc4bc2297c833e6061c49bf9c43f,sudeste,osasco,SP,2026-07-04,,True
e662623d-d5b4-410d-981f-a128d4652eb6,f410c8873029fcc3809b9df6d0b28914,sudeste,caxias do sul,SP,2026-07-04,,True
0a6adf05-19ea-4eab-b441-bd9f7216142a,ef506c96320abeedfb894c34db06f478,sudeste,sao paulo,SP,2026-07-04,,True
8b570085-4de0-4f99-99c1-b60dc590bb27,a13aaf2d2886ab9fb30fb9a920160b8f,sul,joinville,SC,2026-07-04,,True
49c2ea6f-710d-48b7-81b8-f2aed7c9cb2d,7299e27ed73d2ad986de7f7c77d919fa,sudeste,araguari,MG,2026-07-04,,True
bd273784-1be0-47c2-9df1-9654aebd25dd,8a9260f2b0340411d6d2a56bcf4f7378,sudeste,contagem,MG,2026-07-04,,True
4c69c628-163a-4901-8756-8dcd353626a8,dedcab67899479e4ea5dcc4eba47f587,sul,jaragua do sul,SC,2026-07-04,,True
09d1fd8c-804a-46fe-a859-eb07489da2b2,b2479f944e1b90cf8a5de1bbfde284d6,sudeste,ibitinga,SP,2026-07-04,,True
de1d426b-ab96-4a39-834c-d538222a16e4,7722b1df1b0e383e000397b2c11e3e19,sudeste,sao bernardo do campo,SP,2026-07-04,,True
1c36a3ca-6d44-4d10-8ae4-623c9074e30e,731ef20c231d9a7103a425e83fd91271,sul,lages - sc,SC,2026-07-04,,True
1c59ab66-bdab-49b5-a925-1f73b0bc936c,78813699ffac347fe27dba345a5f1551,sul,bento goncalves,RS,2026-07-04,,True
9d46c04d-753f-4dc0-9bbd-1b9dcf89ce47,3296662b1331dea51e744505065ae889,sudeste,catanduva,SP,2026-07-04,,True
ab9dd941-c35b-4573-982b-d02f0e6ef33e,411f3b52d857390502ee4e4d5ceabc2d,sudeste,ribeirao pires,SP,2026-07-04,,True
48b82713-2530-4fd0-ab15-bc7e9ec1fc14,bba3293d6f5d5af2f415e004e8b93ae3,sudeste,sao paulo,SP,2026-07-04,,True
76cea830-8c20-4256-8f98-8deb812a14a6,4e7c18b98d84e05cbae3ff0ff03846c2,sudeste,jaboticabal,SP,2026-07-04,,True
9418e085-f5b8-4800-99b1-ecda0673b6d1,b56906f7fd1696e043f1bcce164c487b,sudeste,echapora,SP,2026-07-04,,True
363fc100-751a-4396-a079-02875e52471d,d650b663c3b5f6fb392b6326366efa9a,sudeste,cotia,SP,2026-07-04,,True
16d6d428-54d8-45d6-9895-0f0a3ef517f3,669ae81880e08f269a64487cfb287169,sul,rio do sul,SC,2026-07-04,,True
a27600a9-6b48-479c-86d6-344d771086ac,c2d70ce2c5d0a2eb75e78668236e6dc8,sudeste,sao paulo,SP,2026-07-04,,True
5b7e6548-5eea-46b0-b061-359bc534269e,674207551483fec113276b67b0d871ff,sudeste,sorocaba,SP,2026-07-04,,True
818f1984-f710-44d1-84e2-48c59c108cbd,abe42c5d03695b4257b5c6cbf4e6784e,sudeste,rio de janeiro,RJ,2026-07-04,,True
117cd68c-1612-4178-bf7b-e3ae71bf6429,1996942dc085d7773ba77a529b163cd0,sudeste,pradopolis,SP,2026-07-04,,True
d66a528a-4986-4f25-b4da-d8b719829dfd,79b93a308a97792cf53ac75f46da00b5,sudeste,rio de janeiro,RJ,2026-07-04,,True
035ca6ee-d07c-40fb-92a4-2481ff3e0d07,7cf4ea70955b00d6b3c22542598e2715,sudeste,sao paulo,SP,2026-07-04,,True
9bb3dd6d-05df-4723-bcd2-8279eba3b893,63ffcb71394dd8ea3872ed9ffda17c74,sudeste,itaborai,RJ,2026-07-04,,True
e9db7960-7bf7-4e01-ae16-c5eac7944af5,83353a83fd769dfafa4f21a72b15e3e5,sudeste,sao paulo,SP,2026-07-04,,True
dca95ca5-5274-474b-aff6-08c6a4de20d4,cda598c48d7c614bc1cad7d8ff6f0010,sudeste,mirassol,SP,2026-07-04,,True
e474dbc7-9a83-4dd0-a3da-67a6a03fb8f4,d4910f1cdcfdabd48d6b316e395d4a23,sudeste,santo andre,SP,2026-07-04,,True
f7efe000-a97b-48bb-9182-d62929d74170,709e16e2b25c7474d980076c6bfc4806,sudeste,birigui,SP,2026-07-04,,True
d18630ab-6f6c-4181-b41c-c179cf41a267,9dc79dd988ac42f4d56c340d7048420a,sudeste,sao paulo,SP,2026-07-04,,True
eb7fce2b-93ea-4d9a-99d0-0e96879fc569,276677b5d08786d5dce7c2149dcce48b,sudeste,belo horizonte,MG,2026-07-04,,True
6449a833-a546-4e9e-b44d-b38fd6412781,9c4d31c7e46ab03a43fc06e3142afd4e,sudeste,rio de janeiro,RJ,2026-07-04,,True
4b8485f2-1fa2-4bfa-8b5e-277205b9eb83,512d298ac2a96d1931b6bd30aa21f61d,sudeste,rio de janeiro,RJ,2026-07-04,,True
9fe07fd4-bb9a-4484-bd3e-c58d4a197db7,422be4cc81a457fdb46f47edeb968ae5,sudeste,ibitinga,SP,2026-07-04,,True
5e98c7a5-3a5f-4889-8caf-f6aa07dcafbb,99cd94252748d2bdde08e17858233602,sudeste,sao paulo,SP,2026-07-04,,True
5d1082a9-7bd6-408c-8984-567dd3034e28,698624c6632eeba1774924dbea24c700,sudeste,sao paulo,SP,2026-07-04,,True
9e080e3e-d07a-48a3-9b55-e1b46ce0b1c7,8bb48dc19fccaa8613b6229bf7f452a2,sudeste,assis,SP,2026-07-04,,True
a0d76aca-eade-40bb-bd0f-e2e1afe4a805,ad87df7699e83b8a91822a4a0b765c3a,sudeste,jaguariuna,SP,2026-07-04,,True
bea20e98-43cb-4389-be5e-6766ca86aa53,d6b664fa0667064c6d76394e7848d790,sudeste,araraquara,SP,2026-07-04,,True
0c1fea9a-42fe-4d46-88aa-d51a85476f02,98f52e1020fe788c10c0418de4393fec,sudeste,macae,RJ,2026-07-04,,True
f3e42bd9-aa25-4b42-b2c8-6245bcac30e8,62760d278921b5f352461620d68a9cee,sudeste,salto,SP,2026-07-04,,True
52940e0a-0364-44da-ad36-7a69e001f858,eb72802c83dc7547529c9546d1a9b8ef,sudeste,rio claro,SP,2026-07-04,,True
88e7f39d-2b9e-4d4e-815e-9c1001e5cc0d,3f9be91358837bff69df67edfa3e42e8,sul,londrina,PR,2026-07-04,,True
1c616fc5-0a3f-4476-8455-3ce63dcb970a,1d4587203296c8f4ad134dc286fa6db0,sudeste,sao paulo,SP,2026-07-04,,True
9c143a33-ab08-4a2b-a7cc-8a5e3ed87d9d,791cfcfe22fe4a771ece27f90017da92,sudeste,ribeirao preto,SP,2026-07-04,,True
3ccc5637-a350-449c-84f9-faaa85c7fb23,392f7f2c797e4dc077e4311bde2ab8ce,nordeste,rio de janeiro,RN,2026-07-04,,True
aabf7421-83f0-4a4a-99e4-6f9086399ddc,0c8380b62e38e8a1e6adbeba7eb9688c,sudeste,tres coracoes,MG,2026-07-04,,True
218db710-025c-4bfd-94e9-be9bb6f62ca9,37be5a7c751166fbc5f8ccba4119e043,sudeste,sao paulo,SP,2026-07-04,,True
eb65199c-8777-4c5f-b209-fddabe80b02d,87d73636a3acf123e842bb890a4db036,sudeste,nhandeara,SP,2026-07-04,,True
a11860f2-00ed-48b8-a54f-a8898c991770,3d3ccf2b2f8134b10dce9dd446f0e075,sudeste,ibitinga,SP,2026-07-04,,True
360b327f-5ec8-43a4-aeb6-46f398c19974,e24d3429d294b2eb200b064ebb035879,sudeste,sao paulo,SP,2026-07-04,,True
cbc79509-f059-4e19-81fd-9bd7027bae6d,44073f8b7e41514de3b7815dd0237f4f,centro_oeste,brasilia,DF,2026-07-04,,True
1ff0a24d-efaf-447b-baca-d1f54c5348c1,05ca864204d09595ae591b93ea9cf93d,sudeste,barueri,SP,2026-07-04,,True
dad9eb18-deaf-4e4f-8315-d9cc30c49fd4,9d39404483343dd55c7ae254494d8388,sudeste,sao paulo,SP,2026-07-04,,True
3fd18ff1-9335-4ddf-bc41-f9afb95f03bd,f9eda05b67bef472deaddbba84aca289,sul,orleans,SC,2026-07-04,,True
087dbd49-bd05-47c9-b8f5-dae183b9b1aa,75745ef7bc7d4f3ea3380f6f5303f514,centro_oeste,brasilia,DF,2026-07-04,,True
d4f14e67-5c7a-4f75-83c9-2a5685e71970,0692610d8abe24f287e9fae90ea0bbee,sudeste,sao paulo,SP,2026-07-04,,True
cb14ae22-c882-4167-9213-d3b7c1abe60a,7b07b3c7487f0ea825fc6df75abd658b,sudeste,sao paulo,SP,2026-07-04,,True
07b55735-7447-41fb-943d-0f7172e09c74,99002261c568a84cce14d43fcffb43ea,centro_oeste,cuiaba,MT,2026-07-04,,True
5aba8042-0fa1-4521-b2ff-50c1ac95c3f1,e5899683388855d3dabe8913bbe365de,sudeste,sao carlos,SP,2026-07-04,,True
b130d0e0-d566-4fc4-89c8-f5562683266c,784ba75dd9d20200c4caed3d7a77141a,sudeste,sao paulo,SP,2026-07-04,,True
56be6ccc-d7d6-413f-9308-8626aa902893,099095b050cfe8eb1ddff5317587e96e,sudeste,sao paulo,SP,2026-07-04,,True
8a11c08f-f470-48c5-8782-48df5db14602,0ad80de75c811326389cfb1daba7d45e,sudeste,rio de janeiro,RJ,2026-07-04,,True
6542891c-5c99-416b-9f2c-c186a99837ca,b9a03475e6447e631b6799ec8274800f,sul,formosa do oeste,PR,2026-07-04,,True
3d7f0d53-f32c-431d-91d2-3d30a61dcce6,ba6b4a237f92479743cf0ca06b67a9ac,sudeste,rio de janeiro,RJ,2026-07-04,,True
9f896d63-20a1-4b35-9e2f-a246f13a3f39,ea00f977a203ff88adf7057cb7806998,sudeste,santos,SP,2026-07-04,,True
2af1edd2-902a-4fe4-8552-338584a07771,82e0a475a88cc9595229d8029273f045,sudeste,sao paulo,SP,2026-07-04,,True
3903e6ec-53e5-4443-9c77-16f5d76c1636,ad75519a07f039025e83795a4418470f,centro_oeste,santa terezinha de goias,GO,2026-07-04,,True
4af92edb-8c4e-48e2-813b-02ed2e6de603,34aefe746cd81b7f3b23253ea28bef39,sul,curitiba,PR,2026-07-04,,True
79b467c2-2945-4cc0-a9d2-d8b92d718dc4,ed4acab38528488b65a9a9c603ff024a,sudeste,sao paulo,SP,2026-07-04,,True
796805fd-d2f8-4e36-ac6b-1cb0bc718e05,f0837c8d71434931d9e38e7b79234797,sul,arvorezinha,RS,2026-07-04,,True
aadc2f5a-20bf-412f-be9a-b7b8719345f5,fce62094ffe6a4009188ec44e681dfdd,sudeste,sao paulo,SP,2026-07-04,,True
ae8c2088-b0a8-4da4-a053-a71065b8ffed,ebef8d8c92b4fd3226e5d407bbff21ac,sudeste,ribeirao preto,SP,2026-07-04,,True
50e773bb-f91b-45c2-b13d-a630e8cb75d1,d73cbd89533ce8b041a9190241453ac8,sudeste,guiricema,MG,2026-07-04,,True
8c5f4a0b-ef65-4d99-947d-a0ac59263341,75a4764c108403a7a0575140cb22287c,sul,caxias do sul,RS,2026-07-04,,True
4d7d0cbf-e5de-44c8-b8b6-2c516f8e4c30,70c0fda4c313d87115644d39e62eec60,nordeste,caruaru,PE,2026-07-04,,True
0daa9e60-08bf-4e75-8a35-296885cd1c6e,ffcfefa19b08742c5d315f2791395ee5,sul,curitiba,PR,2026-07-04,,True
f214d87c-635b-42cd-8739-0e68ba006b96,26e13b6ff5b641b329e5524241ee2c93,sudeste,franca,SP,2026-07-04,,True
280efb3a-e465-4967-af41-8ff74a65b5d3,0ade5cc4a305ed7093a23f68ca47519c,sul,curitiba,PR,2026-07-04,,True
7b34a73d-2a4b-4aed-8241-612b29d7d51b,fc59392d66ef99377e50356ee4f3b4e1,nordeste,salvador,BA,2026-07-04,,True
b5fbf7ac-5518-496d-bcd5-e9a4cfbb3318,b18dc380845b24038cfc48006478f099,sudeste,diadema,SP,2026-07-04,,True
e301b317-a0c0-406d-81ea-86593b3414ca,f22a247b79dd22ecd91dc8e3b2a1b07c,sudeste,itaquaquecetuba,SP,2026-07-04,,True
1aaab655-2e54-48d1-aa38-addc03ff0ec0,889009a0ed0bb52c87819941192931b8,sudeste,lencois paulista,SP,2026-07-04,,True
dc7a77ef-8829-40b9-8d44-4f1a732310bf,ffc470761de7d0232558ba5e786e57b7,sudeste,guarulhos,SP,2026-07-04,,True
43b30d06-5f8b-42f5-8e5a-587afd11147d,4c498c7345e89aebad651544829beca0,sudeste,carapicuiba,SP,2026-07-04,,True
2c4c7956-d1c6-440c-9d66-9aaff15bca51,01bcc9d254a0143f0ce9791b960b2a47,centro_oeste,uruacu,GO,2026-07-04,,True
3eb6dda3-6cea-45b4-86ea-c82b53cd5ec1,f021c962aaba8ef6eb527a9c2c8394d1,sul,itajai,SC,2026-07-04,,True
41cb9ef3-456e-4492-b2c5-ff487067936e,024b564ae893ce8e9bfa02c10a401ece,sudeste,sao paulo,SP,2026-07-04,,True
6dd7ec7d-eaaf-45d6-8d2a-1eb956a4846f,a513150f33f99a06569e9cd5c4bb889b,sudeste,sao paulo,SP,2026-07-04,,True
b9fa101f-dca5-4acd-a740-deed9559bd39,c1dde11f12d05c478f5de2d7319ad3b2,sudeste,sao paulo,SP,2026-07-04,,True
2f25139f-445a-437e-80f4-46c916065e1b,02f5837340d7eb4f653d676c7256523a,sul,curitiba,PR,2026-07-04,,True
716561cb-52ac-4418-98ca-3a4c3f05e377,7b98de631987e26dd6d803490c43a13c,sul,loanda,PR,2026-07-04,,True
b4a772be-0e66-4dc2-baab-59e16682c00f,f12ff17ad8bbf01ec5c33b17e506649b,sudeste,sao paulo,SP,2026-07-04,,True
8f6f543e-7fc0-4039-883f-54d962605178,a64e44665225d19dfc0277eeeaaccc57,sudeste,sao paulo,SP,2026-07-04,,True
b12f9de7-8bec-4beb-830d-3399a99a2dea,6a8a889bde935bafa76d7848782dfaf9,sudeste,sao paulo,SP,2026-07-04,,True
f630ba11-8ae8-4d04-8273-92af7df5a8f7,42b6488f5b8246d9141712abd4b1b693,sul,maringa,PR,2026-07-04,,True
2e29c4c2-6f0d-474f-beb0-356ffa983142,d6cd01c59123df02fc226eadbadb5f89,sudeste,sao paulo,SP,2026-07-04,,True
934a7d07-fff3-4545-b168-6f517f6a0de4,c8e135e7b21ecbc36c1153a29d2f5a06,sudeste,sao paulo,SP,2026-07-04,,True
056e865b-2ae7-403e-91ba-8b9b4f0f1034,229c3efbfb0ea2058de4ccdfbc3d784a,sudeste,belo horizonte,MG,2026-07-04,,True
c3e08831-0355-4870-8016-e22a6bdb6bda,f9a02f1922d1de564392e656d82b3fda,sudeste,ferraz de vasconcelos,SP,2026-07-04,,True
28b3a640-24da-4f4d-9f76-1716c648c5bd,9523fb39dd240aa958e040f8183d64f3,sudeste,sao paulo,SP,2026-07-04,,True
f07c8f52-265c-426a-90b0-2857fca83c23,95ec4458365c4d11f452ccf538377619,sudeste,limeira,SP,2026-07-04,,True
fcca0957-6451-4a9b-98d9-98f3259f047a,6ec1a01e866584bb679eb9b098345919,sudeste,santos,SP,2026-07-04,,True
95b6c047-51ad-4a19-bcb3-533d763cf85f,f6122bc84774df1b372bdb3bb88ddb9f,sudeste,barueri,SP,2026-07-04,,True
4efd0543-0435-4636-9af9-60c272c5dc05,fa40cc5b934574b62717c68f3d678b6d,sudeste,sao paulo,SP,2026-07-04,,True
dc3276a0-4684-47e6-b108-779affc7e5fb,623ad9d0c1e14bb5464a8c72bff7b4af,sudeste,claudio,MG,2026-07-04,,True
56c343d9-5335-4292-b1d9-c6b6f4d4bf6a,c0098efcf800861dcae589affca31408,sudeste,ribeirao preto,SP,2026-07-04,,True
faa55c80-3a83-445c-8184-0222d6f9ed03,a63bfbaa882c8f4542891b4e2246cc7f,sudeste,niteroi,RJ,2026-07-04,,True
2f8ef729-4f72-46bc-8cc3-4a988469aa0c,48b6c3f4c6a93171da04b75313f2130f,sudeste,osvaldo cruz,SP,2026-07-04,,True
f6694666-2a17-4083-a132-739e734b583f,270d3ef21830ad0ecf3a6c53d08a533a,sudeste,carapicuiba,SP,2026-07-04,,True
8e044fef-fa49-4bc7-8b00-88b75234d909,89c127985a8b130cfa45c1d36764017a,sudeste,osasco,SP,2026-07-04,,True
8ba8929b-ce4a-4e84-8197-7bdcdf1d019d,8b2492b7ff4468839593fafeed55bad9,sudeste,sao goncalo,RJ,2026-07-04,,True
6efd8169-cbdf-40b3-a8f8-3c6c562b83da,1e9d5a33694bddb76316fd1f54734d20,centro_oeste,jaciara,MT,2026-07-04,,True
d2ac50bf-9d78-49dd-b399-0e88bd93d8eb,5e49e3a44bdeb5aab2684258bbd4f525,sul,balenario camboriu,SC,2026-07-04,,True
792d8ef7-552e-4a50-b756-954f19d27bcd,8e34331b7eedd03be4e5d965c1956225,sudeste,sao paulo,SP,2026-07-04,,True
7ccb5abb-598b-4de5-85e6-210c800096d5,aaed1309374718fdd995ee4c58c9dfcd,sul,timbo,SC,2026-07-04,,True
7a6e9bf1-9ba8-4cd2-a45d-12edc07bdf57,11d4c477d09821164bca4f70a2eae031,sudeste,ribeirao preto,SP,2026-07-04,,True
6449ed84-9925-41a8-9c3f-75dd88208b29,ff314fa6033cc68ec451c47aee2d6ba4,sudeste,sao paulo,SP,2026-07-04,,True
092e8758-41a8-4605-bb69-9a1564b7f961,d1c7fa84e48cfa21a0e595167c1c500e,sul,jacutinga,RS,2026-07-04,,True
95c7885a-1a76-4627-8d4c-95b8e205a154,c7246702dc991a06d788120dc7544391,nordeste,fortaleza,CE,2026-07-04,,True
405995a8-43c8-43f2-87cf-5164e338d8da,e819bcfade7b5d88a27325eb6cfd62c5,sudeste,guarulhos,SP,2026-07-04,,True
2267799c-1680-4101-99a8-081b35e50131,6d2f2e3b539480db1e0842b3a4e32e6e,sudeste,guarulhos,SP,2026-07-04,,True
dab30ecc-7e74-479d-b7a3-473bea229622,e88165a185134e13fdfc85d4fa654db8,sudeste,ferraz de  vasconcelos,SP,2026-07-04,,True
cf5e3a46-15a1-4164-856d-7f413570d9d9,9e6229250fedbe05838fef417b74e7fb,sudeste,mirandopolis,SP,2026-07-04,,True
1ac13413-790a-4558-a1b4-e3f493cf89ca,5abb8ea023c77787f2c15da891c8d384,sul,joinville,SC,2026-07-04,,True
c081de44-ba20-4b21-a8fd-6e9bfc598c93,1d953075c2f0dd990bacf27b83b330f1,sudeste,belo horizonte,MG,2026-07-04,,True
9393cc63-ff4d-4f7f-adea-1c296559a83e,817245bcc3badd82bbd222e0366951a6,sudeste,bauru,SP,2026-07-04,,True
dd599f28-9793-4b39-8445-1be5d52e8de0,caa9bc43a9fe8cf9c564ddd8a03cc4a6,sudeste,jacarei,SP,2026-07-04,,True
326b3441-49ee-4cd8-af17-0338728e9d2c,615005a3ef192c00c6f0e977cee3d2bc,sudeste,itu,SP,2026-07-04,,True
5cc5c041-7959-4a10-ad4e-a0b5eb2257ad,1284de4ae8aa26997e748c851557cf0e,sudeste,laranjeiras do sul,SP,2026-07-04,,True
0daa9276-5fad-4f92-ac02-24476bb3ed70,5fd924b4836098a5be0ecf81ba054ce0,sudeste,sao paulo,SP,2026-07-04,,True
4d20dca3-096f-4817-9d64-9c31e2943752,7178f9f4dd81dcef02f62acdf8151e01,sul,videira,SC,2026-07-04,,True
91e9b6ee-c4e9-49be-b750-5f712f2dd7b0,8132b9bd16876e1b0f8808d43825dd48,sul,florianopolis,SC,2026-07-04,,True
0be8777a-74e1-437a-a9f4-30d75a39a37b,3f995f07c49d0d55a99d5c54957f7d81,sudeste,itapecerica da serra,SP,2026-07-04,,True
2b9b9ac1-5f28-46db-a4d7-b44cade7a075,a6bd7d1ccdac48c6b33b28596b7eb122,nordeste,mamanguape,PB,2026-07-04,,True
b6c5c393-172b-40de-8581-eddc741b18be,6650fcccd8cd2f7e55ffa524f30c4c59,sudeste,sao paulo,SP,2026-07-04,,True
1c92a692-b2b8-45a9-bce1-abe167174407,3db66a856d18a9cba7c9241fc5221c50,sudeste,ponte nova,MG,2026-07-04,,True
1edd6596-f017-486b-8304-68cdee8464a9,8b181ee5518df84f18f4e1a43fe07923,sudeste,goioere,SP,2026-07-04,,True
54b9d4a2-5a1b-4d57-9234-fa8e40111bb7,10ff823eda2b032e2c93d17a7d294736,sudeste,pederneiras,SP,2026-07-04,,True
958e31be-50b7-413f-8db4-0b3897aa3779,b4a476fbd28de64b1e347abf9089366a,sudeste,itapevi,SP,2026-07-04,,True
dcc78f76-e79d-4ff1-afac-22a082db1a8e,39c763cca83e654764b7a4a650fb9b7c,centro_oeste,goiania,GO,2026-07-04,,True
41a2e196-ca05-4098-a810-b13273a160fb,dadc51ef321949ec9a3ab25cd902e23d,sudeste,sao paulo,SP,2026-07-04,,True
3ff669d1-0e3f-4d87-8528-a6925be32c89,83b08de96980757220871b31bf6cffca,sudeste,rio de janeiro,RJ,2026-07-04,,True
ed93f710-d4d0-4097-a575-bc98046fc717,14a08204d03bb6b6bde8029f801ae0eb,sudeste,sao paulo,SP,2026-07-04,,True
391e23be-f233-41bc-bc7c-8da90b312518,bee36b4f9a2b9fdcaff6ec05df202ed0,sudeste,sao paulo,SP,2026-07-04,,True
8534d352-865a-49b9-b1c2-a895dad3878c,28872dc528e978a639754bc8c2ce5a4c,sul,caxias do sul,RS,2026-07-04,,True
fdc95a51-7562-448b-8eba-8019ccf083e5,c85d7b477a709c85a1e8b8f25aa1b270,sudeste,sao bernardo do campo,SP,2026-07-04,,True
d35b717c-98cc-4317-97d2-795b5334c0af,739c7d7be81f63812dea0d1b1451c651,nordeste,campina grande,PB,2026-07-04,,True
bcc60407-213e-4ee2-b9ef-2e960dc0318d,657969cca82e884d272385ec0ef06edd,sul,estancia velha,RS,2026-07-04,,True
4af9d12b-80ed-45b3-a390-e0f5bade3a17,455befea1bb853c75ccbca94cff26e5c,sudeste,resende,RJ,2026-07-04,,True
f5d74905-5bfc-4309-84aa-621231ac6362,800214c63934acd05d47e84214db8ba8,sul,jaragua do sul,SC,2026-07-04,,True
1caa2bae-c12b-47be-ac4e-58a41a37d91c,5cf1ec37aea089f45110c70653a166ab,sudeste,sao paulo,SP,2026-07-04,,True
3964a99c-a483-41f4-91d9-43898d8c69db,0a82f5fb06a4fe4ac2cf7cb412ec71b8,sudeste,sao paulo,SP,2026-07-04,,True
235ced2d-89cc-4326-a8c9-1882fd3b46f3,e45edf75f568ed2f93f78d060e246e25,sudeste,rio de janeiro,RJ,2026-07-04,,True
f7e347b4-2712-451c-ab1a-517439ed2704,3d621842b2ed28e2b474132480edac3c,sudeste,sao paulo,SP,2026-07-04,,True
c450f3e0-b994-4b1b-bc1c-9761faf1aac4,baf15155e37ef5492731459bdc05be8a,sudeste,sao paulo,SP,2026-07-04,,True
d70bd42e-ff1e-485d-b52f-f103a6946f69,c0aff2da32c17759d30b22fb0af6649d,sul,florianopolis,SC,2026-07-04,,True
6d137664-bf8c-46f0-96eb-92108b7ce83f,a17f621c590ea0fab3d5d883e1630ec6,sudeste,sorocaba,SP,2026-07-04,,True
d719dd83-3549-4be4-b0bf-d32fad0e82f4,4deebb3199eeafb282ae33229144f94b,sudeste,sao paulo,SP,2026-07-04,,True
0d7256d0-40e4-4fe5-97dd-cd8bf68df101,9d69ba0a7a626a64dc5db08e529559cf,sudeste,ribeirao preto,SP,2026-07-04,,True
fc40592b-5764-4b6e-99a3-6f27a6fe216c,f92d8c817434bd2d84d4e9c61322b7fa,sudeste,sorocaba,SP,2026-07-04,,True
3a5dfe93-c5ef-45e5-bc8a-5296148e0344,8ca5b19e0263150d2c57afdde2b3d011,sudeste,maua,SP,2026-07-04,,True
129f50bc-bdfa-46ec-aa11-9057d679c52b,eec3469d83e142f9a104886655338c37,sudeste,bauru,SP,2026-07-04,,True
f0d8214e-078f-4c5f-99d6-977fc51e8bc2,55bb6fe5bebe5012e2d7d9928e1128ff,sudeste,bauru,SP,2026-07-04,,True
937575e9-e63d-4e06-9ae1-d46edde838fb,d180e07dc1e58c31c3f0cd599dc4d945,sudeste,belo horizonte,MG,2026-07-04,,True
9bc36c32-f809-420d-8728-f7d8aafab99c,d6b1ce66b035a475f00c017792ff9769,sudeste,salto,SP,2026-07-04,,True
2ba78769-80d1-463f-a7e9-31b3bd5e91bd,3aa3c89ae3cd482385568be76120f63c,centro_oeste,goiania,GO,2026-07-04,,True
e26c70f8-b65e-400f-9713-82b4365fb02c,fe4cd9461203cee790d36792420b310f,sudeste,caratinga,MG,2026-07-04,,True
c4b62d95-2296-42a9-913c-c852579aef14,c3aad7dc65449ae90a5e9c3c6c1e78e0,sudeste,auriflama/sp,SP,2026-07-04,,True
fa2adb3f-2401-4246-83c3-97c61b7e3a4d,f5fea3ffed6c2e889bab72705557c63a,sudeste,rio de janeiro,RJ,2026-07-04,,True
433b1ef5-7f05-4fcb-b0ee-06ab34b824df,ececbfcff9804a2d6b40f589df8eef2b,sudeste,franca,SP,2026-07-04,,True
7f17b190-8e56-4ff6-8417-e1cf4d10356b,a254c682cc01e119f83530446f1df9a9,sudeste,cafelandia,SP,2026-07-04,,True
7224eed1-d508-4310-862c-140c80d58864,830379336fad8c6f3b15a4a3ddb5c66e,sudeste,sao paulo,SP,2026-07-04,,True
3e00aff9-9adf-4cfe-8808-3eb615aab96a,7d13fca15225358621be4086e1eb0964,sudeste,ribeirao preto,SP,2026-07-04,,True
31ee3048-96e7-410c-a6ca-08c959546685,1b4c3a6f53068f0b6944d2d005c9fc89,sul,sao ludgero,SC,2026-07-04,,True
b76ea205-b828-4608-b481-d9590b5d29dd,b92e3c8f9738272ff7c59e111e108d7c,sudeste,uba,MG,2026-07-04,,True
6f887226-ad46-4a33-a12d-f729fd49a263,b8555308bfdb4ca1ed54325a58da9a97,sudeste,sao bernardo do campo,SP,2026-07-04,,True
bb3ee469-b30e-4a77-b56d-8a151cbe9c4a,71593c7413973a1e160057b80d4958f6,sudeste,sao paulo / sao paulo,SP,2026-07-04,,True
ba5bb608-bf16-4df9-848d-668010db59a9,1dc2de47ee26a0a5b12dc14fd6dc0dea,sudeste,ibitinga,SP,2026-07-04,,True
8a1afca2-80bb-4188-a6b2-c0825ec253fe,6c6e3d67f969468f3bfd33f827a31222,sul,maringa,PR,2026-07-04,,True
1e17cdeb-01c0-488a-b81f-c82d8c8da041,66d5ae34537110d3affc56174dad2b2f,sudeste,sao jose do rio preto,SP,2026-07-04,,True
6806332a-062d-4aa2-93df-77339620919b,781a66c0d89e30814d49fe8b5e14cd07,sudeste,campinas,SP,2026-07-04,,True
68ffb671-df4e-463c-8d2c-1d4dc58ad40e,a4bd6e9adf39b63f43dc545d3ca1f53d,sudeste,rio de janeiro,RJ,2026-07-04,,True
4818b754-3717-4a3c-98ce-e56a3d21f1d7,f88adb15807168d3c43d71021090ce4a,sudeste,porto ferreira,SP,2026-07-04,,True
238bcefb-b97c-461a-9565-ed2ac181f64a,fa8d335d68129e464e60c1826a683e96,sul,tres coroas,RS,2026-07-04,,True
4cb5f7d8-355f-43dc-8265-ce19e569dea4,f12d3c2a14729ae461b920c11fe20fdc,sudeste,santo andre,SP,2026-07-04,,True
86aae3d8-382e-48e4-bbd0-b03fab4f4f93,4917cee8d902e13428c3ec4b1ca6f315,sul,blumenau,SC,2026-07-04,,True
8df8a820-cc68-497b-9ca8-22e60dc5699b,741f8c587cb4248ebc5b779a0e8e0e51,sudeste,santo andre,SP,2026-07-04,,True
6fe1df3a-af02-4e21-955b-77d55d10a0a2,4bcec44888b30ba9001234c534716d3f,sudeste,santo andre,SP,2026-07-04,,True
5ec0c44d-c0e5-47e7-b517-a7ee42fb2bea,a663d9c3797e90eac99ff60939416a56,sudeste,sao paulo,SP,2026-07-04,,True
c83fe45c-7669-45e8-aff8-84eb92b14482,dff87e4de60c9736ce8df835951b09bc,sudeste,sao paulo,SP,2026-07-04,,True
fe1f75e3-35b9-4dc5-8d24-5151da0a228c,ac1ed5fc15901fbc92920361eb4ab350,sudeste,sao paulo,SP,2026-07-04,,True
9e734c1d-c94e-4b5a-8798-b72f4ad91758,f9903dd0f812c7e771fcad47b6fff231,sul,blumenau,SC,2026-07-04,,True
ff6514d0-16d8-4c32-ab21-56f29d3cedd8,ac9b01377919cdbd2a1bbb8d5837c70b,sudeste,mogi das cruzes,SP,2026-07-04,,True
31d5208d-f35f-49e1-a58a-b06edb39b7e9,5011f0d93373a4c5753adf58ca77af8d,sudeste,santos,SP,2026-07-04,,True
32e5e569-dfb7-4a20-9209-50a0c96a5388,a4e634166243bbb3a13fa584463fa468,sudeste,osasco,SP,2026-07-04,,True
f1382ca9-be12-4a19-b44d-a5341f55af88,50bf89f1349bc0409a268c3a49678009,sudeste,jaci,SP,2026-07-04,,True
624fd4b9-8263-45a1-8ead-e018aad9264d,50c9975695009e5e6473912e83a6d1da,sudeste,claudio,MG,2026-07-04,,True
73950254-a193-4678-b4cc-6aa07681179b,42d4b7e70819438f5ada61c965e92d7e,centro_oeste,goiania,GO,2026-07-04,,True
c0c28f30-8a46-4d03-aee7-853b7b212ec2,7aa4334be125fcdd2ba64b3180029f14,sudeste,laranjal paulista,SP,2026-07-04,,True
790329bd-acd0-434b-9f70-c47255e2ba31,b14db04aa7881970e83ffa9426897925,sudeste,sorocaba,SP,2026-07-04,,True
13a7022c-ef8a-471b-b937-edd060dec006,fac1a9017ade7bdc94058fc1c969f355,sudeste,sao paulo,SP,2026-07-04,,True
f0a33315-6c9f-483b-b135-593b8a225cbd,31ae0774c17fabd06ff707cc5bde005f,sudeste,americana,SP,2026-07-04,,True
84caf735-0535-4b8c-afda-97f0776333c6,f0ec6a2adb05c62655a26dd347b8dede,sudeste,sao paulo,SP,2026-07-04,,True
07adcced-ac2d-4ea7-bf4d-f63073f6e85e,cc1f04647be106ba74e62b21f358af25,sudeste,sao paulo,SP,2026-07-04,,True
3ee6d012-6a12-4769-b83b-7b38e57bb8ce,1099a00e0ee3a50935e6c2447ca090c5,sudeste,rio de janeiro,RJ,2026-07-04,,True
7fb11fbc-7dbf-48ee-88d9-cc6d61ae1d60,3d700782d7818f2c1e0d7a9e9d75fc00,sudeste,sertanopolis,SP,2026-07-04,,True
e4c2551e-c8c1-42ba-aae2-68caa747e865,a3e9a2c700480d9bb01fba070ba80a0e,sudeste,ibitinga,SP,2026-07-04,,True
c347e804-ecf8-4a8e-a8f9-bcc75434510d,c3f5668699a1b04c0fa61ecea1e2bff6,sul,apucarana,PR,2026-07-04,,True
d694be60-4492-4aac-90a7-ccd2e21e3d8f,80f2cf9abf6b5a0e5c612b5eea6646e6,sudeste,sao jose do rio preto,SP,2026-07-04,,True
10ae8977-d640-43da-bcdd-fc00903891b3,516e7738bd8f735ac19a010ee5450d8d,sudeste,rio de janeiro,RJ,2026-07-04,,True
bc98701c-a719-4a59-b395-11f50b26b1f7,4fe2f67634d00c021aa01f96b6f2d68e,sul,maringa,PR,2026-07-04,,True
3f257d2d-ca01-49dd-82d9-9308e09319d5,9f505651f4a6abe901a56cdc21508025,sudeste,sao paulo,SP,2026-07-04,,True
0cd667dd-6d7c-49fd-aff5-a066ef47b6c1,17adeba047385fb0c67d8e90b4296d21,sudeste,guarulhos,SP,2026-07-04,,True
0c8e6709-3489-412a-858d-34dd2bf334c4,7142540dd4c91e2237acb7e911c4eba2,sudeste,penapolis,SP,2026-07-04,,True
4edca7cd-b3be-489b-826b-36ec04968877,c04d70d515d15a7e3db3a73320598566,sudeste,niteroi,RJ,2026-07-04,,True
3fdb2c60-0d9a-4e13-b880-b6a32c677e85,a3a38f4affed601eb87a97788c949667,sul,joinville,SC,2026-07-04,,True
d2eb3161-5a5d-4ca8-a37e-69513fc4205b,744dac408745240a2c2528fb1b6028f3,sul,colombo,PR,2026-07-04,,True
0648e3ae-5abc-4556-9a88-44d7fc2a9e5b,9b013e03b2ab786505a1d3b5c0756754,sudeste,vicente de carvalho,SP,2026-07-04,,True
92105cdb-9502-4d84-a6ca-9090cfe81aac,8b9d6eec4a7eb7d0f9d579ce0b38324d,sudeste,mesquita,RJ,2026-07-04,,True
bf194aec-f70d-4da7-b493-d688756dd263,38e679b9e0064cd94c6f035707344dae,sul,londrina,PR,2026-07-04,,True
73aae3cc-3ecb-4be3-b602-91cead356f6c,5444b12c82f21c923f2639ebc722c1ea,sudeste,sao pauo,SP,2026-07-04,,True
69747ac9-0168-4875-819f-c87242ccdd8f,83deb69e889cf80f82be1dc6d5f2d486,sul,florianopolis,SC,2026-07-04,,True
621ae51a-6b40-4bb1-b43c-dea69a9c1322,54aa8463e87776b5612f4bdc4bd5d4de,sudeste,belo horizonte,MG,2026-07-04,,True
9b2b0469-2d34-4704-abd5-b1b67d15b0c2,2e7ea2aafec5835e781b21d6d1faf1f1,sudeste,sao paulo,SP,2026-07-04,,True
585c3c99-8a76-4647-bf07-de3202c4a0fc,79ebd9a61bac3eaf882805ed4ecfa12a,sul,cascavel,PR,2026-07-04,,True
ca55f28e-3905-4931-b397-c0536b31989a,1cbd50a8c52e6cf8e315c5709fab386f,sul,fazenda rio grande,PR,2026-07-04,,True
24514f96-7b36-4ceb-a644-dfb62365ab13,e503f22be6a4f456d9851920a5d9c670,sudeste,sao paulo,SP,2026-07-04,,True
262175f1-a458-49d5-b75f-3c2d102d92f0,88af55b4a7ca402b27df16f7c7c9b5d2,sudeste,taboao da serra,SP,2026-07-04,,True
ae834848-b8a6-4598-aeda-8c3b839cf1c8,5f3ae9136c875522250f8184f253413a,sudeste,sao paulo,SP,2026-07-04,,True
60a97b17-2895-4b9b-8641-453080f83619,b026643914f651e8371425e5b8a1e780,sudeste,rio de janeiro,RJ,2026-07-04,,True
dcf8ff24-7258-48e6-82fc-d3d02d2d1dba,26af45f5dfd967225a832838aa4e24a3,sul,curitiba,PR,2026-07-04,,True
5ca8836b-ac5e-4483-92b5-fc4c4a9311a3,9dd459b29a14bf89d47183cf2cd0e4c7,sudeste,sao paulo,SP,2026-07-04,,True
105c45c0-2700-41dc-8ac4-ba8859929906,8e6d7754bc7e0f22c96d255ebda59eba,sudeste,sao jose dos campos,SP,2026-07-04,,True
455a1cd7-cf87-40af-88e5-3b6d9cb36f43,e250d617a0ad591ba9bd663e584a895d,sudeste,guarulhos,SP,2026-07-04,,True
42b994a0-a581-4217-8ecf-57813aa47882,92c8bc6e8f925792247656fed09aad65,sudeste,sao paulo,SP,2026-07-04,,True
039237a9-6ba6-4a2a-8d5e-15ef3494a0d2,e53d5b9b29d1218281f4a907ada18626,sul,toledo,PR,2026-07-04,,True
a62e44c4-1506-4ed8-a1d2-ce8027105ab5,3ca08eeb8d5595949fed424bd3677742,sul,curitiba,PR,2026-07-04,,True
9dfab401-d853-426a-90c4-a26e89402dd7,cbd996ad3c1b7dc71fd0e5f5df9087e2,sudeste,sao jose do rio preto,SP,2026-07-04,,True
6435d1c4-76cf-4555-8a09-2feb5f51e436,8daab2245ebdc277c51098d01c5ad8ef,sudeste,sao paulo,SP,2026-07-04,,True
c5066d17-188b-4bfd-8c18-56c6d904905a,15b3b1b81484422eb41df68ac87f1f50,sudeste,bauru,SP,2026-07-04,,True
ab63e1a9-640e-4cd2-8198-a4e10542b0b0,e067ad2c1c0b48758eb1b5228bcf7a68,sudeste,santos,SP,2026-07-04,,True
7a6a4980-a3ec-4a29-a27b-6c12c123cb35,f626e15b7314c267e4429010866f70e9,sudeste,marechal candido rondon,SP,2026-07-04,,True
5374c870-12fe-4ca6-8329-6edc1c9ca824,f1fd5ab1181f827ffad998c1a5de7d74,sul,curitiba,PR,2026-07-04,,True
44f8fbe3-16be-4518-bb2e-df269851b560,a7c88262832dfc683781d6a421edefae,sudeste,mogi das cruzes,SP,2026-07-04,,True
527b4ec7-bd7f-44fd-80b5-c398e5ec152f,6b1c4d4d9ccf0be3d8544eb0e71e5318,sul,porto alegre,RS,2026-07-04,,True
2f82d386-2f7e-46d8-be76-7097ec34a712,4e85b538b0dad58852641540686d0e14,sudeste,sao jose dos campos,SP,2026-07-04,,True
60de97da-3b6d-4283-bd80-47a64acbd2e9,093805f8f2aeb63881444571e1f48f30,sudeste,osasco,SP,2026-07-04,,True
c62bce4a-9719-4de9-a70a-56679858bdde,5acd070dd3fe441bbb2ec1f1ede515ee,sudeste,jundiai,SP,2026-07-04,,True
e6e65f2a-52ad-4a65-a4ed-4e4c54634617,3c010235b7345c92f125d14ee232a76b,sul,mandirituba,PR,2026-07-04,,True
88f27ee2-b9ac-4399-8a6b-e32be7bcb418,cb9fb4ca75d7ba8437480e8dde64fe98,sudeste,sao paulo,SP,2026-07-04,,True
ee6874ca-e97e-4a01-b48e-d20ac5b27c3b,ce33c6211beaa8fef4cae8b52db39862,sudeste,suzano,SP,2026-07-04,,True
05175652-28c4-4109-89da-cd7c4da80bd7,081acf3de680d554796c9cf041be7bc2,sudeste,vespasiano,MG,2026-07-04,,True
e17cc950-b1b3-4d69-82a6-1eb927fe3813,6989574bd97d9773f10d232b6c07da59,sul,curitiba,PR,2026-07-04,,True
47196e67-2114-4ae0-a3df-1743f32b7d18,535bf14f36346c7f59d87cece104d70c,sudeste,rio de janeiro,RJ,2026-07-04,,True
5a461ed4-9035-4554-932a-4d143992f55f,8501d82f68d23148b6d78bb7c4a42037,sul,blumenau,SC,2026-07-04,,True
f9cc79bc-7921-47a7-947c-3999d40d6368,7f02656561b680def9986c0795a8a080,sudeste,sao paulo,SP,2026-07-04,,True
a67b74d2-2e00-47c2-bb01-b0c194b60061,57a834594e1e9e9219603bfec184eadc,sul,santa rosa,RS,2026-07-04,,True
ee3b040b-428d-4b76-a7df-bb70279239eb,8fd3b4468f6425810648177996c14cbd,sudeste,sao jose do rio preto,SP,2026-07-04,,True
e5ec83de-9655-4c5a-ab80-0bbb1dd734bc,6d803cb79cc31c41c4c789a75933b3c7,sudeste,sao joaquim da barra,SP,2026-07-04,,True
08a69138-5994-447f-ae64-b27ebc032367,5f2684dab12e59f83bef73ae57724e45,sudeste,sao paulo,SP,2026-07-04,,True
7b1bef0a-0984-43eb-a2eb-c04155e8d12d,713e3a23ca5e47786eb6f0d99f94cfac,sul,curitiba,PR,2026-07-04,,True
5b8003bc-6f49-498f-aad4-17ec4a59516e,f97e2b0650c2068227e1d366140eb62f,sudeste,santo antonio de posse,SP,2026-07-04,,True
bebddda7-1139-4fb6-be46-c3c213f1c5c8,8b321bb669392f5163d04c59e235e066,sudeste,sao paulo,SP,2026-07-04,,True
b4c01461-69c9-493c-9a64-d1d03697ef28,32f83ffe11cd40f7adcf4eef171f52d9,sul,uruguaiana,RS,2026-07-04,,True
0aea3eb1-50e4-48be-8215-786477f9dd4c,76d64c4aca3a7baf218bf93ef7fa768d,sul,curitiba,PR,2026-07-04,,True
b26d386d-8ac2-425f-8c22-b5cc6a3b02fc,d06d019f72a04e5497a0b64190af170c,sudeste,cotia,SP,2026-07-04,,True
dd845468-6195-4933-bdc3-8ea4f0f64fee,ec80e49e69745ab6c14f984bf2149423,sudeste,limeira,SP,2026-07-04,,True
26d2baca-ac65-4a3a-8314-ab73ff5ede3d,f8f35af4634605e6693c17cc3ffff5a8,sudeste,campanha,MG,2026-07-04,,True
a01da516-2edc-4adf-8ed6-a14a7e8c4a52,004c9cd9d87a3c30c522c48c4fc07416,sudeste,ibitinga,SP,2026-07-04,,True
a92a8b4e-4796-423e-8c94-c568997c3968,3bdff180c7e1f6551a643b99c265a120,sudeste,sao paulo,SP,2026-07-04,,True
e2388f18-b145-4fb1-b247-eed093d7e7b2,6b89abe95848c850399130d149a39b63,centro_oeste,piracanjuba,GO,2026-07-04,,True
d836a431-cfac-43a1-b417-b0b44216e22a,aced59e9b31ef866a94f9e7f29d8d418,sudeste,sao paulo,SP,2026-07-04,,True
8e66520e-f0cf-4242-b2ac-2d36bba36dd0,b4f8921fcc4ff77b66bea6dda43dcd51,sul,caxias do sul,RS,2026-07-04,,True
de97c97a-6da3-46d9-84b7-0b057a6706d2,d2572f31e9023e9850ef986a636ff9bf,sudeste,belo horizonte,MG,2026-07-04,,True
c10c6d7d-57b4-4fb0-a785-dfb811edbf8e,c731d18cea9bf687ffee82a241c25b11,sul,concordia,SC,2026-07-04,,True
f2aaceec-f0cf-4d27-a669-fa20d73cf559,3dc69bf2c42f0568a5c4791ec3fd3745,sudeste,sao paulo,SP,2026-07-04,,True
59901d7c-7726-4d37-8475-1f061a86b7f3,d8d9567d0bfb0bc7eb845a205ba42657,sudeste,sao paulo,SP,2026-07-04,,True
5ba300d5-3a0c-41c1-ad0c-265ba34a7d5e,0daf5180aa44356f60f8effa533b55a2,centro_oeste,goiania,GO,2026-07-04,,True
13e3060e-d2c4-43d7-804a-387ee1dcd29f,5194c22ed1f616ec0c0f33c571542879,sudeste,santa rita do sapucai,MG,2026-07-04,,True
8e63cf24-69aa-4bba-8410-1dbeff5f4f8c,fe8055980a4ff7f64ed889c2b5926929,sul,curitiba,PR,2026-07-04,,True
c8816907-d650-44f1-ad2d-40466cfb104b,c42fd8e4d47dfb18ce5222f2dd7752f9,sudeste,osasco,SP,2026-07-04,,True
b7f5d654-44b0-4d0e-a4b8-cb2f214c820a,671585f5a2af58b6e276bc01003c0d2b,sul,curitiba,PR,2026-07-04,,True
bc84723f-90df-4f64-ab40-a66a97f8c1d0,2dd1fb6f0e42a2243b8a01e40cd41216,sul,curitiba,PR,2026-07-04,,True
e20ca6c0-3ea2-4aa6-9ba8-b5d8e3cd00b7,a7c53f6b3b61adbdaa99dda97e8cbd56,sudeste,barretos,SP,2026-07-04,,True
508d9272-295a-4ff7-a34d-e208447b219a,a11a0e0ca67423425691db355cff69b0,sudeste,indaiatuba,SP,2026-07-04,,True
0906df7f-690f-4529-9678-daebfce9e167,5bffbafbb22daf6d3bfc216a46db8708,sudeste,nilopolis,RJ,2026-07-04,,True
a6dec7b5-6100-4544-9c7c-a2551ea0723b,fc0b214b59a83615fea981c6424a02ae,sudeste,maua,SP,2026-07-04,,True
7f1aef49-72dd-43ec-bd68-ffb4253eafb7,011b0eaba87386a2ae96a7d32bb531d1,sudeste,pompeia,SP,2026-07-04,,True
4eb4be98-e93c-4676-b7c9-2692be829262,43753b27d77860f1654aa72e251a7878,nordeste,barro alto,BA,2026-07-04,,True
b7c9e4ba-7921-43bb-8268-3d71704aeb75,822b63912576852aea9a8436d72317b7,sudeste,mogi guacu,SP,2026-07-04,,True
bbebc762-e778-46ac-a6e5-b3a1823b469e,a3fa18b3f688ec0fca3eb8bfcbd2d5b3,sudeste,sao paulo,SP,2026-07-04,,True
d14d87e3-95e3-4875-846b-c962d0b63bbf,5587130f9850696ed7fafbc91c2cee44,sudeste,sao paulo,SP,2026-07-04,,True
46f2d313-14ed-4e68-804f-7a19da385fe4,9c1c0c36cd23c20897e473901a8fb149,sudeste,praia grande,SP,2026-07-04,,True
030062b0-26fc-4087-ac47-21e58fd4cef3,34a557286ead8fe75c989e0afcf7d98c,sudeste,franca,SP,2026-07-04,,True
a68fe59c-b103-4ea0-86af-9598c7219e42,c716e0b86ed568878475b60fbb6323ad,sudeste,rio de janeiro,SP,2026-07-04,,True
de042928-ccca-423d-a6f6-d978fd5e4ebd,455c5640e8c5bd1b2ee85c0158f85727,sul,luiz alves,SC,2026-07-04,,True
556e0859-9560-4795-bf4e-af8b7a25340c,87d30a6a0cbf89356e49324971ab1d24,sudeste,sao paulo,SP,2026-07-04,,True
fc673ca4-0600-4ebd-af18-57b95961e706,217f005bb37ff3aeef5b2ae1788e75ba,sudeste,osasco,SP,2026-07-04,,True
30d81555-b5cd-47cd-ac84-476d92c94b1b,cac4e0bc1a3269fa2b6ea5e763f6115b,sul,brusque,SC,2026-07-04,,True
5e79c03a-853d-4164-949f-182a77fd81a7,8ec76bb0965af3f007692b26fa9d6623,sul,criciuma,SC,2026-07-04,,True
a58b52d2-d1ca-4191-9d9a-43a6c6644c0d,aba1721a889e04decc910aa13b768ef4,sudeste,sao paulo,SP,2026-07-04,,True
3410ec18-0867-45e9-8412-6ffac1025006,7238f877570096ae403c51898fa64566,sudeste,santana de parnaiba,SP,2026-07-04,,True
ec46dba2-981a-4342-81ad-b7daa08c371f,044668ccd5316b12a7cf0d54a156e3e9,sudeste,osasco,SP,2026-07-04,,True
a3a12739-087b-4c04-8113-0d587792caf8,643c01d7c56a724bec0454f4780e8a3e,sul,joinville,SC,2026-07-04,,True
a207eda2-676d-4a1b-a246-bcb9aa603039,cab85505710c7cb9b720bceb52b01cee,sudeste,sao paulo,SP,2026-07-04,,True
8db7de26-5c76-443c-ad7b-9369cc9059fe,312ba1d77e9c332ef21f9598b7f64cd7,sudeste,guarulhos,SP,2026-07-04,,True
66c7b3b4-e073-48cc-be64-b4295153d604,8c3b533c63cca56240f94f1e3a6b18ef,sudeste,belo horizonte,MG,2026-07-04,,True
b5bb3376-0fad-4b72-981d-84a25be6a1ee,1fdc574883ef3b33ad41562d93f3a74a,sudeste,limeira,SP,2026-07-04,,True
19235506-08af-4cad-89b5-437700ccb250,9a03a4e9eb0b947652fae4f6121a3f5e,sudeste,catanduva,SP,2026-07-04,,True
c1e57520-7cf2-452b-8be6-b1b2df6a5aa6,33cbda8716511e27e556dff9d8418bf2,sul,blumenau,SC,2026-07-04,,True
733a9476-7cdf-4f89-a085-980752b05ac5,6cd68b3ed6d59aaa9fece558ad360c0a,sudeste,belo horizonte,MG,2026-07-04,,True
5d5c3040-5a8a-4668-b052-a1142dd92919,3df020b72d3d44b3af9d110fa3940b65,sudeste,jales,SP,2026-07-04,,True
07561a61-1db4-4666-a0fa-6d7524fbd4bb,537eb890efff034a88679788b647c564,sudeste,rio de janeiro,RJ,2026-07-04,,True
cb7e6031-eb78-4a70-8979-b0d17e2c2cb5,89de2d6f23e9746ff309705b23581faa,sul,londrina,PR,2026-07-04,,True
d390aae3-c013-486a-a493-8b9018deb5f3,c611f4ce9ce875bcc063fa97fd4d7d12,sudeste,atibaia,SP,2026-07-04,,True
225d859e-6530-49a3-889f-037449fc4162,4be2e7f96b4fd749d52dff41f80e39dd,norte,rio branco,AC,2026-07-04,,True
545a4ed3-cd01-4a08-91eb-5bc1f1c554f0,3bfba5a77604f6dfae7e6dd7aaf65821,sul,londrina,PR,2026-07-04,,True
816a3493-2932-40f4-8adc-20c159dbdb5e,48fb026ed7455a42f5d3e9390ed5088e,sudeste,barra mansa,RJ,2026-07-04,,True
97a442f3-42b8-4aee-8941-7d7f71752d53,0d33a55da925bbf1ff02af5f6059fc7f,sudeste,sao paulo,SP,2026-07-04,,True
cd9bd792-2c44-4a36-a25d-1c1f416106c9,cea729054f157f5870bdd321a958d994,sudeste,sao paulo,SP,2026-07-04,,True
70c77899-855d-4edd-8d77-9fa863fa2ab5,955fee9216a65b617aa5c0531780ce60,sudeste,sao paulo,SP,2026-07-04,,True
07307569-0068-4dd1-b44d-303701086794,0f0c984a4a955310903b6b6008660bad,sudeste,franca,SP,2026-07-04,,True
72e24f37-2aee-4719-a052-3b406e72e609,f805b96fa705ba7995a221f1749dc141,sul,maringa,PR,2026-07-04,,True
31f39a3b-5969-48d3-9c30-4caf939cd128,751bdc4d83a466c7206cd42e8f426b03,sudeste,ribeirao pires,SP,2026-07-04,,True
19599ffb-afe5-4bf9-87f2-883c63325cdf,2f4b0d3b9634b647d4edee577d7ebb7e,sudeste,sao paulo,SP,2026-07-04,,True
1e458db6-db1e-4f90-8d0c-20b0a30d102f,ba5daa4041e1f15cdf34b76e3e18a450,sudeste,sao paulo,SP,2026-07-04,,True
c3f6528d-bc15-404b-b5e1-b6cb148c6a66,6e386f64c84e482f0b9abf960797ee1b,sudeste,sao paulo,SP,2026-07-04,,True
8ad8677d-2ecf-4255-9059-0d2c79c55620,83c465a786b06574376909b35ef6752a,sudeste,sao carlos,SP,2026-07-04,,True
21f50d74-2237-49bd-b3bc-e57000e7f420,d93b8458c6fe139d85cfa5eadbf55bd2,sudeste,sao paulo,SP,2026-07-04,,True
d68c2340-c7f1-466b-83c8-21513a9229af,71592660bbcb6a4664e97b6f8b68babc,sudeste,sao jose do rio preto,SP,2026-07-04,,True
6a4af93d-2de1-43bc-b864-30b1cd1956da,6a53b90c3ad9e0b56d9fe5c69165fff5,sul,curitiba,PR,2026-07-04,,True
cb46d302-ed91-4a4d-b6b7-24196c18068d,38f276ca6e7cc95a6d1bb55ac9e5550f,sudeste,marilia,SP,2026-07-04,,True
e0a65fd2-6eac-4ed5-b53d-36a335ed49f0,eae9af4811c294c56795d70e715b7337,sudeste,sao paulo,SP,2026-07-04,,True
3d2ac673-e672-47b6-a7de-24f5d69c5ce5,039b29ff3b3473435d0cd59040575de9,sudeste,ribeirao pires,SP,2026-07-04,,True
d6170b5e-3ab9-400d-ad5e-57961b837323,ac51cac5e20d69ff485a54746488ef48,sudeste,ribeirao preto,SP,2026-07-04,,True
0c5474c5-3490-4c69-a558-068df8f55d5f,4221a7df464f1fe2955934e30ff3a5a1,nordeste,bahia,BA,2026-07-04,,True
c8e9a536-0fac-4dc9-941b-9e50cc2cea22,48e954b2da4f6a750c844173b347ed40,sul,porto alegre,RS,2026-07-04,,True
8fec6bea-26e4-48ce-afb3-05f725a2fdfb,fc4751cfe3b279c419615b9b00c1abb4,sul,londrina,PR,2026-07-04,,True
ec58f5bb-0cf8-4363-9376-fdf852a4a9ca,e1a210d482714ce337763a19aef94ba4,sul,cascavel,PR,2026-07-04,,True
ca4f5972-19b6-481a-b9a7-79945fe36d37,085f6f7e049c996695fb2074fe38d45e,sudeste,taubate,SP,2026-07-04,,True
b1b786cc-2b4e-439a-a503-7617331e63bf,34675b28b826facfde119785bf287dc1,sul,cascavael,PR,2026-07-04,,True
793fccee-afd1-4092-9dbc-af66cb0a41dc,7d7866a99a8656a42c7ff6352a433410,sudeste,sao paulo,SP,2026-07-04,,True
65562f8e-5f76-4f2f-b910-f3a88cd1ea58,5a93f3ab0ef4c84ed5e1b5dbf23978bc,sudeste,monteiro lobato,SP,2026-07-04,,True
829c6db1-91a5-4dcf-8afe-8216b126f092,64cc804291f90c81f02bfc2bb58ff55a,sul,curitiba,PR,2026-07-04,,True
0a8e1332-5d32-4015-a961-6af7ab694091,5f57db27027655e6c6a391601daa0258,sudeste,viana,ES,2026-07-04,,True
4ba2cad5-1ccf-48f9-8c58-0b2d7852f4ae,e1b12447a7563944843191754aeb5562,sudeste,guarulhos,SP,2026-07-04,,True
6fd147c1-c1b3-40d3-90c7-8b5784f43ad8,2f3d8b4c9e2ee165075331fea3f3095a,sul,sao jose,SC,2026-07-04,,True
374c92b6-b56f-4565-93bc-64102145b19e,1fe5540d7c1c37a595fefbacd5570d9e,sudeste,paraiba do sul,RJ,2026-07-04,,True
c41cc9aa-e460-4d6c-ad2b-dac0783bbbab,d3f39f05462b79a4562d35893a28f159,sudeste,mococa,SP,2026-07-04,,True
bd261263-ca68-4860-b537-ac9892fc634e,528ce32f560edd11add4169f6a5b65be,sudeste,sao roque,SP,2026-07-04,,True
6e5f06b9-a253-4642-8511-b7078a9d42d7,b86a47b3366e3b5424a7b225781f4908,sudeste,passos,MG,2026-07-04,,True
92c99f4c-ae06-45f5-82ab-805bfc83f90c,0176f73cc1195f367f7b32db1e5b3aa8,sudeste,ibitinga,SP,2026-07-04,,True
d979262f-21eb-429d-9691-09727efe29a2,01cf7e3d21494c41fb86034f2e714fa1,sul,francisco beltrao,PR,2026-07-04,,True
203a5f99-8a00-4770-bdb4-9d8b9ae7aa46,ceaec5548eefc6e23e6607c5435102e7,sudeste,sao paulo,SP,2026-07-04,,True
e8bf46ec-6451-4ac2-8f8b-01c21097e76e,c8771b1a10bb99bb34d3c459c5cffb53,sudeste,tocantins,SP,2026-07-04,,True
c3a2525a-6bba-4b52-b3e3-2cd8278e56df,2d42ebcda99fd55f6f4bc2f1ca035d50,centro_oeste,uruacu,GO,2026-07-04,,True
9743a08f-d34e-4a62-a715-45097fe51b61,e9bc59e7b60fc3063eb2290deda4cced,sul,maringa,PR,2026-07-04,,True
fe46a4ad-fa5f-41d3-8897-ff9dff3aad0c,13d95f0f6f73943d4ceffad0fc2cd32c,centro_oeste,goiania,GO,2026-07-04,,True
51e75266-cb77-4674-946f-3c4b5998fedd,6f229cc508fc6915ed5c499efd93baa4,sudeste,rio de janeiro,RJ,2026-07-04,,True
7b421152-5e12-4546-bb36-0f0ea0b1e8d8,83f2b4881141ce3fcd4e985125d3279e,sudeste,ribeirao preto,SP,2026-07-04,,True
5db8bf81-88ff-4cc5-ae34-462af94099bc,c8c1bea22194a4eefa2dc9a9fa89f536,sul,porto belo,SC,2026-07-04,,True
e832da8f-7eb8-4160-8ec2-1232454b68ef,b0b346d3a89f5eb4c2968af3f083cd43,sudeste,campinas,SP,2026-07-04,,True
84693d9f-44f3-417e-8cab-b4b73369476b,a0415d9b25ede3c4b1e477e9916ffc03,sudeste,nova iguacu,RJ,2026-07-04,,True
1bf66f04-67e1-4d6a-a71e-0bb42a2bafed,3dfd3dc96f7f8598eca74e9ac8a2fa31,sudeste,sao paulo,SP,2026-07-04,,True
bd25cd8e-ab1e-46fd-ab92-4a70e391d0dc,e5545d4d4473876ea78c5bcebca365c3,sudeste,marilia,SP,2026-07-04,,True
72244d20-7b78-4cc8-9952-aefd48c31e2b,fa1a9dec3a9940c072684a46728bf1fc,sul,icara,SC,2026-07-04,,True
5202e0ee-7584-4a54-840c-a014d434d3ef,6ddc28b61be28373b4503a1f61cf98a9,sudeste,sao paulo,SP,2026-07-04,,True
65805e09-92c5-487f-96c2-397dc95cc5cc,c5ebe6598748b0aeaa61cfb820478b92,sul,lajeado,RS,2026-07-04,,True
dd1b8efe-13a7-4f85-ab32-e5e6668a5847,5670f4db5b62c43d542e1b2d56b0cf7c,sudeste,sao paulo,SP,2026-07-04,,True
01312fa0-4948-494a-8cbe-f778bc8a9154,e1c76f339ebd5460999f25a2aa8c92c5,sudeste,sao paulo,SP,2026-07-04,,True
dde011de-041c-49d7-8b85-39e48b19530b,cb8bcce248bb1fb274ba762d8b971456,sudeste,santa rita do sapucai,MG,2026-07-04,,True
4bd05c6c-dbe0-4886-92e3-d4ecee92fc66,6524b847b982cd56bb5d4b02b776ee42,sudeste,campinas,SP,2026-07-04,,True
4228d036-2708-4162-91bd-df25640e47e9,610f72e407cdd7caaa2f8167b0163fd8,sudeste,sao paulo,SP,2026-07-04,,True
1b1eef51-f62a-48dd-b8d9-9780098a38dc,b6d44737c043328708f6749c2dbe50bd,sudeste,santo andre,SP,2026-07-04,,True
6436b56e-cecc-481a-9558-4285785af0fc,972d0f9cf61b499a4812cf0bfa3ad3c4,sul,brusque,SC,2026-07-04,,True
c9fbaba6-d46a-4dd6-9314-62aeab480e2d,8c91bfea4263b8fba54081460693e2a1,sul,horizontina,RS,2026-07-04,,True
3d3448c9-39ff-492d-b986-0cdecea328b3,38af8acfd46ac4a7bf754e8ca6736664,sudeste,sao paulo,SP,2026-07-04,,True
ee40e462-6ded-4d3f-b21d-6b2969a1682b,d90fe2229fee1a5da999ccd0c06c1667,sudeste,sao paulo,SP,2026-07-04,,True
a7a54f3f-3949-42af-9faa-78148c1dec20,75fdd0a732287f9497b179f6bd445d32,sudeste,maua,SP,2026-07-04,,True
603c1b58-ee4d-4944-bb69-4bbcfad2a078,5b2e94f2c22b39ccc24d34ad0f669672,sudeste,sao paulo,SP,2026-07-04,,True
0b16fd39-5211-4975-8c87-df12ab5e524c,9ac75591b69c3402684b6ce0310f22ee,sudeste,sao paulo,SP,2026-07-04,,True
f3af0f06-9719-43f8-83b3-501d09a738a3,e5bd51692380fd8cabb19b756b95e714,sudeste,santo andre,SP,2026-07-04,,True
e3b7ea5d-c999-48a6-b0f7-090c4d151554,cfb1a033743668a192316f3c6d1d2671,sudeste,votorantim,SP,2026-07-04,,True
4e2ff595-e66f-44c6-bd36-82fef8a8a687,adcf50477d6a1f5d91bb9d54c4903cb5,sudeste,claudio,MG,2026-07-04,,True
0fa2d11c-6455-4ef9-ad14-8dadabe61da3,8476243f92442881ddd5b578975cf115,sul,campo bom,RS,2026-07-04,,True
1ab1dd6d-9e51-48a9-a7bc-dc77f84bc02f,f2336e113377dd21c744d9c4fc8293a9,sudeste,sao paulo,SP,2026-07-04,,True
48b09f18-5cad-4ab9-af3c-86dd893910a1,f25e239052084705e17a982bc600ab2a,sudeste,sao paulo,SP,2026-07-04,,True
16dcde54-a107-4972-9ad3-77808d45df38,714b9a1332840f257b49f476bea4e341,sudeste,monte alto,SP,2026-07-04,,True
8b3f20f4-743f-425c-a75e-a93efab1b532,89d9a386b0b6e5fc8403071b03f7206a,sudeste,sao paulo,SP,2026-07-04,,True
c96b6370-7c24-4841-8792-9f5478860197,bd15ee794d5e640d9dd71b665b2ab15b,sudeste,ribeirao preto,SP,2026-07-04,,True
98dcf485-fe6b-4813-b8f2-a4e9ab43c120,f326006815956455b2859abd58fe7e39,sudeste,fernandopolis,SP,2026-07-04,,True
5d606170-d4db-4e87-9ff3-95c0c771bf91,bac692d6c0ed08467878018e6cc9c26c,sul,blumenau,SC,2026-07-04,,True
a4798eee-f5d0-42dd-bb1e-e5170b2c0a47,6a51fc556dab5f766ced6fbc860bc613,sudeste,marilia,SP,2026-07-04,,True
2b8af48e-b438-4e72-bca3-9b3dc1a7c95e,a90a5da8b09e44264a177c0374a5ac87,sul,ponta grossa,PR,2026-07-04,,True
63ba511e-27de-4d50-8f94-a3e6da5dc6f6,ea6b12bf9ffe2bac34602ec631d97a47,sudeste,guarulhos,SP,2026-07-04,,True
c567a82e-f8fc-46b2-93bf-38f71c1e1344,dc64d75cc406bb0697be983831430e60,sudeste,belo horizonte,MG,2026-07-04,,True
23579522-8900-47e2-900f-0342633c7676,fa7ad8ae9bcb2c4493fdf38e96b1d74f,sudeste,pedreira,SP,2026-07-04,,True
d29d862d-3d56-4394-a180-003187bbb133,d1ef48b38baca7e831711c4a0aeb398f,sul,apucarana,PR,2026-07-04,,True
75947e3d-bf38-47cb-843c-475cdf7a6b7e,67e43d802fde8cfd3f9580124f8167d1,sudeste,guarulhos,SP,2026-07-04,,True
6abe18d2-5670-4f69-ac14-72bdef5bbe88,f18112da765e0971ca5d510dec322bdd,sul,brusque,SC,2026-07-04,,True
8a15c719-3b2a-44f4-95b9-9c9fa9f7e168,259f7b5e6e482c230e5bfaa670b6bb8f,sudeste,poa,SP,2026-07-04,,True
234350c5-0602-4934-a8b3-d0d0d81d26cc,dd7ddc04e1b6c2c614352b383efe2d36,sudeste,sao paulo,SP,2026-07-04,,True
0b8b8b96-4dcc-4b80-8fa4-3459d6e1c906,f457c46070d02cadd8a68551231220dd,sul,maringa,PR,2026-07-04,,True
6bdda1c2-c8d0-4bcb-84f8-bd1c065bf580,5962468f885ea01a1b6a97a218797b0a,sul,curitiba,PR,2026-07-04,,True
6542e4f7-53fb-4100-bfb7-146735c8f827,1f50f920176fa81dab994f9023523100,sudeste,sao jose do rio preto,SP,2026-07-04,,True
48894713-29eb-476b-bf7f-26a5ea52ea36,2b1a40c1daabc6ca280c4b815c101841,sudeste,divinopolis,MG,2026-07-04,,True
86765d8c-94ca-4bab-b6c0-85bbd484c77a,26b482dccfa29bd2e40703ba45523702,sudeste,santa barbara d'oeste,SP,2026-07-04,,True
5020e269-064e-4272-84f3-cafb46145845,f356c348fbc8df6a882823e21f5ce8b7,sul,canoas,RS,2026-07-04,,True
a9e33d8e-bb08-4a31-9c6c-bfece481a1ff,2ba91c7ad80ff88b23b7db823b43c233,sudeste,itu,SP,2026-07-04,,True
0b06c052-bea8-458d-89a9-0be31be26346,3d0cd21d41671c46f82cd11176bf7277,sul,joinville,SC,2026-07-04,,True
fb000f44-a732-4744-a1ba-4c9e51bdeb9a,d93919c944be9cff128f6c9cb899eacb,sudeste,mombuca,SP,2026-07-04,,True
395ac210-a97b-45fc-8879-f8835f2d6b32,f7ba60f8c3f99e7ee4042fdef03b70c4,sudeste,sao bernardo do campo,SP,2026-07-04,,True
c1809d98-7b4d-4aed-b858-e1b6d3775203,0ee4fb99ac55ffbbc98795aa01b7f8fa,sudeste,santana de parnaiba,SP,2026-07-04,,True
d25e3725-ccbb-462f-88aa-5ec331184627,c5f7e746b7e6d07def6c0dae9903279b,sul,curitiba,PR,2026-07-04,,True
51a0d2e1-234b-413a-a606-875552b9db38,2d20f1cd18725c91147da0791d498022,sul,londrina,PR,2026-07-04,,True
fd2c672e-718d-45e5-b9c9-b17fb9edae65,002100f778ceb8431b7a1020ff7ab48f,sudeste,franca,SP,2026-07-04,,True
24b4d15d-f8f1-4ab6-b2c2-ac3b048117f2,70f84699be677ec988d1fa824aef7d90,sudeste,sete lagoas,MG,2026-07-04,,True
7e7069a9-a925-4d1f-9fdb-ffa6ab82d7fa,5bc24d989e71e93c33e50a7782431b0e,sudeste,campo do meio,MG,2026-07-04,,True
886d64d2-a9ab-434a-beae-4766907cdfcb,36f98ad67cc981f50ce8aed093d5783c,sul,toledo,PR,2026-07-04,,True
c3f90a01-2477-4fe3-beac-8c47a5065f09,70ee69419916dc13e3aed619061f996c,sudeste,mogi das cruzes,SP,2026-07-04,,True
c99b82ba-97ac-4e5c-9f8a-b75c077452af,6eb94e1466490d327a09abf8f3552a50,sudeste,jundiai,SP,2026-07-04,,True
00fd1365-f843-4016-aa6f-c65adb1e1f17,8ff1a9df749e454105c55cda13e79143,sudeste,marilia,SP,2026-07-04,,True
4f1872ac-4595-4d1d-8fa0-6e03786c0d66,c4fabeea6e569d42d02993bb1f4f1cbc,nordeste,fortaleza,CE,2026-07-04,,True
a3cddc61-f629-4ecd-a49e-bd40ffbd59e6,5236605f4d4b0b3e4df85b850393fca0,sudeste,sao paulo,SP,2026-07-04,,True
67109922-6184-4030-afe5-0ed62d21eaa9,45c20d94d9171b0bcfab3c955e47d67b,sudeste,cordeiropolis,SP,2026-07-04,,True
aa50aa43-dd17-41e2-abc0-e5b98039b448,5bc237df65098fe211bb4818f4d26d78,sudeste,uberlandia,MG,2026-07-04,,True
9043735c-63d5-4149-878f-ffc7c25bee3b,6a38087bc8ad4f89ff453561005f6dea,centro_oeste,anapolis,GO,2026-07-04,,True
b452d18a-3a65-47e0-b708-7127a20f91fe,4e5725ba188db8252977a4f0227bd462,sudeste,ribeirao preto,SP,2026-07-04,,True
8b4e56d4-c8a9-4a6a-8bdb-6f4cac8bfe90,e4f121bf6ef8b9a1d4d3e65dd0473fab,sudeste,sao jose do rio preto,SP,2026-07-04,,True
ff26b7a4-9013-48fc-963d-5bae27ea693c,eebb3372362aa9a46975164bed19a7e7,sudeste,sao paulo,SP,2026-07-04,,True
d3fda6a0-ca25-45d8-b87f-a977e7ce3d40,2ec6e37d992a95eaddb3369dcbcc76d9,sul,porto alegre,RS,2026-07-04,,True
84925514-fd71-4198-8416-c27bc8b70cb9,f84a00e60c73a49e7e851c9bdca3a5bb,sudeste,rio de janeiro,RJ,2026-07-04,,True
7f60aa40-7d86-445b-9642-8be4297fb0e6,e5a38146df062edaf55c38afa99e42dc,sudeste,sao paulo,SP,2026-07-04,,True
7dda2456-cb65-4bc0-9cfe-15c2172d549f,80cfd480be3eb6d6267139f5cb793555,sudeste,sao paulo,SP,2026-07-04,,True
45ff9502-8272-4ca6-98ed-7b2097943087,62c50c1af4dfdc4149d25c5222043d39,sudeste,sao paulo,SP,2026-07-04,,True
088f36a6-ce24-4316-a493-5249d73ab17e,4de6e4ba574aa9dfdc824bc44dc47fdd,sul,colombo,PR,2026-07-04,,True
c62e2ed3-9f8c-4117-b77a-c676817c9cce,6548c2550b6e2d8f18053216e1c7b6f3,sudeste,diadema,SP,2026-07-04,,True
394d8a46-0a68-442a-b498-2edeb9960bd0,f45122a9ab94eb4f3f8953578bc0c560,sudeste,piracicaba,SP,2026-07-04,,True
c0e034e0-266a-480d-9fd6-68b9d65dff32,7901646fdd36a55f564ffaf2dbccaaf7,sudeste,rio de janeiro,RJ,2026-07-04,,True
78136ebd-3465-499c-a498-33b7ab80dd02,6481e96574816ead57975da2c0f6d80d,sudeste,sorocaba,SP,2026-07-04,,True
481b564b-3ce9-4e1c-8484-e48c33ce2cb0,e8dba4d70f7f2b20e775d09cae01142d,sudeste,santa barbara d oeste,SP,2026-07-04,,True
6c37ee4e-8a17-44f2-ad9e-2909313f89a2,13e85aac53340018b40c2af68001b7e0,sudeste,pedreira,SP,2026-07-04,,True
39734cba-581e-4a29-92a2-c317af3138cb,b6dc74ed30f124f95227bed4e43a3bed,sul,arapongas,PR,2026-07-04,,True
4f5b4be8-f360-4a50-94d8-64b708b2b33e,48436dade18ac8b2bce089ec2a041202,sudeste,volta redonda,SP,2026-07-04,,True
a9314ae9-cba1-48b2-b212-444131211105,f5f2ab9bdb6b30c14c61be68c5ed37da,sudeste,porto ferreira,SP,2026-07-04,,True
6a86e516-af0a-40f0-bd01-cbf11d1b41b4,8ed8ea9a57c862f2c18c2fe41f601d56,sul,blumenau,SC,2026-07-04,,True
dc93a9e4-51c3-4eed-ab50-c748dc299f78,c76d418370990614e89e956c7a7567d9,sudeste,taboao da serra,SP,2026-07-04,,True
585be0aa-b893-4c8f-b963-84cd4e4d2eb2,ceb7b4fb9401cd378de7886317ad1b47,sudeste,04482255,RJ,2026-07-04,,True
471ec8fe-74a7-4bd0-a84a-cc9af88a8b72,ea846a0e7ad98a741783e886d89dfa44,sudeste,aracatuba,SP,2026-07-04,,True
d55db3e1-00e8-4b5e-848f-3ac4a7f8c2ff,2c54051840f19eca309a5423cf22df36,sul,curitiba,PR,2026-07-04,,True
07c86f07-9da3-436d-b88e-f54c02b863e9,ee27a8f15b1dded4d213a468ba4eb391,centro_oeste,goiania,GO,2026-07-04,,True
f2d296ce-2c80-49b7-8179-36f456d60a4a,69b5eaa096c3f9d1e5c398c597f567d6,sudeste,birigui,SP,2026-07-04,,True
04fe098a-d994-4500-8ecd-107bcbc0e248,5b92bfa4120daa27c574daa2e386c693,sudeste,sorocaba,SP,2026-07-04,,True
092c863b-7080-43cd-9c4f-07c1d3064caa,1554a68530182680ad5c8b042c3ab563,sudeste,monte siao,MG,2026-07-04,,True
4b328c7f-c64c-4c0d-ba4c-f4e1d0e6aefe,fc38b5dceee1a730fad8853453437fbd,sudeste,campinas,SP,2026-07-04,,True
eebd9b4e-4d74-4a63-b8f2-f8d06dfa8a48,152ee17e4c8aaf53dac99f3462e4999b,sul,garuva,SC,2026-07-04,,True
463c0df5-2164-472f-8af0-6f65d3c10510,fac35d150712afb921ec59ac5f39bb11,sudeste,bonfinopolis de minas,MG,2026-07-04,,True
585f9185-ad23-4950-a714-b6caac8dc73c,04aa0a1c5ce6b222003403a3e11c3cc0,sudeste,cosmopolis,SP,2026-07-04,,True
6b060da3-f149-41d3-833d-f999409d9634,ede0c03645598cdfc63ca8237acbe73d,sudeste,ribeirao preto,SP,2026-07-04,,True
c54183e7-0c83-4cd2-bf22-a40e1084e3ae,1e47defeeadeca0e9a18fa5a9311e735,sudeste,catanduva,SP,2026-07-04,,True
cbe04c36-6f1d-4a74-8b4d-91400da495a8,a7b7354cc588f7566a848bcbb1ce3d96,sudeste,sao paulo,SP,2026-07-04,,True
6eda8235-e817-40ce-b6a5-cb6b4479d1b1,ef0ace09169ac090589d85746e3e036f,sudeste,sao goncalo,RJ,2026-07-04,,True
96328a97-4193-4e39-b650-673c19e4104f,a7dc4098e4da6e41b426269d12ae7e91,sudeste,sao paulo,SP,2026-07-04,,True
205fc3a2-9c3e-4bea-a35f-423b7ff663ec,918717417d88a9f9ae9735567e6c7682,sudeste,sao paulo,SP,2026-07-04,,True
5ac57186-b8e8-4440-b17c-25a89b7b4e52,26f6b7ab07be3e9e69ce82a6552efc19,sudeste,rio de janeiro,RJ,2026-07-04,,True
20447e8b-fb80-43e3-8b34-580dfb48b594,cad9969167c09b48ae6f1d123f7fa68d,sudeste,pocos de caldas,MG,2026-07-04,,True
51c0d260-3a64-4a36-8f41-ab5ab86d2da1,7c4adcc13272c0e26fa23aac642adb7b,sudeste,sao goncalo,RJ,2026-07-04,,True
5abe5959-a5c9-4bc2-a4da-c5882588dd44,f19516b9ff26bfeb091b30108db4ddbd,sudeste,artur nogueira,SP,2026-07-04,,True
7f954134-0596-4055-b13d-05340c9b0ff8,ed8cb7b190ceb6067227478e48cf8dde,sudeste,santos,SP,2026-07-04,,True
16741fe6-cf33-4d37-976c-065484d18d18,97e50a621f8e801f4baf69e08687c192,sudeste,sao paulo,SP,2026-07-04,,True
dd7bef5f-52e1-46c7-a27c-e10575b854b5,562f8cfc51f265411f487d07e9c40e7f,sudeste,belo horizonte,MG,2026-07-04,,True
de4a835c-973c-4f0a-bbe4-0b5d7ae9a259,a21c11ec5c3f03e7cc9f9203bff9e1c6,sudeste,santana de parnaiba,SP,2026-07-04,,True
c4e25624-f915-4cba-8175-c081c4cd3ea4,97e4a63591ca439a2b8b7efd20e6e19e,sudeste,rio de janeiro,RJ,2026-07-04,,True
440b1513-2621-4f10-b382-b9f5a933efb1,07017df32dc5f2f1d2801e579548d620,nordeste,joao pessoa,PB,2026-07-04,,True
f198be36-254a-42d2-ad49-47a4b4b2d5c0,52092ddbd3a58c450a4459bf051b2287,sudeste,dois corregos,SP,2026-07-04,,True
d7f0ba7e-818b-46c2-90cd-ff5cb3e60d0f,1a8e2d9c38b84a9702ac7922924b0573,sul,araquari,SC,2026-07-04,,True
9e88596b-c2bd-42ab-895b-261161f447cf,f1198c871e0171278b63f40d112caeec,sudeste,sao paulo,SP,2026-07-04,,True
519436f6-7993-4437-a9d8-a36c87ef042d,87142160b41353c4e5fca2360caf6f92,sul,porto alegre,RS,2026-07-04,,True
0296f384-f798-4068-8294-677be0736a92,a0e19590a0923cdd0614ea9427713ced,sul,sao jose dos pinhais,PR,2026-07-04,,True
fbd515f1-ba7b-4437-9a0b-e7d863d6da29,289cdb325fb7e7f891c38608bf9e0962,sudeste,belo horizonte,SP,2026-07-04,,True
cf18d116-134b-4d50-bdb9-bcd0d696ddfa,11305281b50fff20ae8bb473f8e11876,sudeste,uba,MG,2026-07-04,,True
e838f861-2b0e-4e23-8627-56edf838f37e,723a46b89fd5c3ed78ccdf039e33ac63,sul,"novo hamburgo, rio grande do sul, brasil",RS,2026-07-04,,True
2d8d4baa-5a5e-4c34-bc85-318ec9124912,d9b00a97818674c7f8d8b1ef0e689679,sul,ponta grossa,PR,2026-07-04,,True
b249459c-1d31-44d5-8b90-e50557a6d910,9d681c7e12db302cb261e721040dde65,sul,curitiba,PR,2026-07-04,,True
748f1113-c642-453e-a5aa-0ee693023fa4,c7bb64409aa480bb7d0335faaaf3d242,sul,joinville,SC,2026-07-04,,True
e08863ea-9552-482d-b8ad-ff68ec282baf,bb7ad8a45c027be8ab075b8e465f8ca0,sul,floranopolis,SC,2026-07-04,,True
d852e79f-d9a0-486e-b9ef-b64cfcc340a6,8a207b6080964f3c1fc9d35bd6096ba4,sudeste,jaci,SP,2026-07-04,,True
233196fa-12d8-44dd-8a5f-989ea28e61c9,fa1c13f2614d7b5c4749cbc52fecda94,sudeste,sumare,SP,2026-07-04,,True
5f5cd85e-b4d1-4bb5-b497-9811af131ce5,bf100ecb7997df312b285358fb32f92c,sul,sao jose dos pinhais,PR,2026-07-04,,True
c06e9113-e5f9-42fc-9d69-34ba7bf71171,3504c0cb71d7fa48d967e0e4c94d59d9,sudeste,maua,SP,2026-07-04,,True
987cc4fb-8b55-4518-ae43-d40a11d81557,164a5a8794e6d42e14f55e447b12a3bc,sul,guaira,PR,2026-07-04,,True
1de2e30d-8a62-4211-9eab-de59d4e70492,de09d00cfc265b8804c7df34075a68fa,sudeste,sao paulo,SP,2026-07-04,,True
da8c715a-5600-4091-85f4-f7c56c3bc3d2,638cba8be1fb599bbb76fd6948351eb3,sudeste,sao jose dos campos,SP,2026-07-04,,True
ae331ec9-e3a6-4dca-af97-b75cdfee630e,2f73e04d12cdf0c945ded66bb3fcf6c7,sudeste,cachoeiro de itapemirim,ES,2026-07-04,,True
e5ce8c90-518c-48b5-a869-60b002cb0bf3,fbc14c0cf93505ef89f64665ffa4a7b5,sudeste,serrana,SP,2026-07-04,,True
73f51dbf-4aed-49cc-8fd1-e2cbce6cbf3d,c3ee2331a724e6fc02c4b698b57a73f3,sudeste,sao paulo,SP,2026-07-04,,True
8db7555d-8268-4db9-8c77-4603f3e690b2,e9874ae10b2d60d43917b6bbfa13a599,sul,rolandia,PR,2026-07-04,,True
6e7d3814-f027-42b9-9bd6-caa879cbf359,df47da4ae86fa4db890d05aaf24e21d8,sudeste,sao paulo,SP,2026-07-04,,True
b66bf2aa-cb94-4bfa-ac60-be01ac8cda04,ddd51ae8cda92f3995a51fc0f0f3eec7,sudeste,rio de janeiro,RJ,2026-07-04,,True
381307d8-459d-463e-8517-a6e8461a4a2c,e644cbadf7eeb30d0d29f335ce7d52ec,sudeste,sao paulo,SP,2026-07-04,,True
a55910db-2f2c-4e8b-a0c3-e2fca8cbd903,2bdb95a56a36ebbc6640337ac5eac174,sudeste,sao paulo,SP,2026-07-04,,True
032280bf-3064-49d9-9aae-b5d037ac7909,34d1ca11b242c0fee2c834ae8d788566,sudeste,congonhas,MG,2026-07-04,,True
151491fc-3c75-4c3e-85eb-ca809464a2ac,324583d68897f5ddbaf38f6248322176,sudeste,sao jose do rio preto,SP,2026-07-04,,True
3ed40ae2-abe1-4b87-8f8d-178521297eee,96493fab2fbb13a14d0c0e8772eef5c3,sudeste,sao paulo,SP,2026-07-04,,True
463f48fd-2007-46a0-b5af-1e045c7c415b,d4ffeb15b67e81ff9af2b4252d99fb7e,sudeste,atibaia,SP,2026-07-04,,True
dd495552-db5a-431d-b4dd-a65aaf9b8014,b5d034ac251546e25afe9067f05c1539,sudeste,itapecerica da serra,SP,2026-07-04,,True
95c11abb-d565-46d3-9773-b16beb1966e6,8a1ff5c35f6595a73fef4c7b96e4908a,sul,sao  jose dos pinhais,PR,2026-07-04,,True
ba493442-f837-438b-9567-e700d2accd99,a150c540f572d0fb53992264bc5c10b5,sudeste,sorocaba,SP,2026-07-04,,True
e9d9f5d6-7e02-46ee-9c77-08b3c4a40733,7c1fea10b5b006671d608b1d7c446ec4,sudeste,boituva,SP,2026-07-04,,True
1d4c021b-c789-44d5-8839-398400c5eeff,b6e1504972665f739dec4facb9943775,sudeste,piracicaba,SP,2026-07-04,,True
c458d2c7-8ca4-4127-b834-2ffae22a355d,f76a3b1349b6df1ee875d1f3fa4340f0,sudeste,sao paulo,SP,2026-07-04,,True
96553b5b-0b5a-49aa-905a-3573f8277c6f,99eaacc9e6046db1c82b163c5f84869f,sudeste,franca,SP,2026-07-04,,True
4f9cfe23-62a5-4201-a2a2-70412273c7df,8603f0038fe0e52fedd3382d266723de,sul,garopaba,SC,2026-07-04,,True
a2f5d98c-f1d1-46af-9b69-f77e49e35f3f,d98eec89afa3380e14463da2aabaea72,sul,porto alegre,RS,2026-07-04,,True
67d56310-7d4b-4a0b-8ac5-3afd0d3944cb,ab75b89cc49c9ab3160d0c91565a442a,sudeste,tupa,SP,2026-07-04,,True
48c226e3-f75b-465b-a1fa-fcf61999a5a9,08084d990eb3f53af056ccbc1730c8a7,sudeste,sao paulo,SP,2026-07-04,,True
ab182d51-0e8b-4aa1-9b39-1d884747adc0,d85efbc8eff2b7adf524e2820569adc8,sudeste,sao paulo,SP,2026-07-04,,True
bd3bd74a-1680-48b0-946c-a344f33be5c5,23613d49c3ac2bd302259e55c06c050c,sudeste,porto ferreira,SP,2026-07-04,,True
90bafdb2-3972-4b1b-8551-897cb066ef03,87d3c3aeb3ead335511b3ce315eb341e,sudeste,sao paulo,SP,2026-07-04,,True
e7190316-807a-4e28-be0a-3e0dde236b70,93b9a99027bd8bd6af682aff18dd19bf,sudeste,mairipora,SP,2026-07-04,,True
ca267b37-112e-436d-882f-c17cd3d7b8e6,0bf0150d5b9d60d9cd2906003332f085,sudeste,sao paulo,SP,2026-07-04,,True
2c15246e-84d6-406f-9864-09bb6518cd08,7ecef8194babfec876ca720714327841,sudeste,campinas,SP,2026-07-04,,True
8b8a7dcf-c3f2-4c10-87ab-266f805cb8c2,87b4428a334b8f676fd9a7f3bf544fb5,sudeste,guaimbe,SP,2026-07-04,,True
66001bda-8ce9-4cde-b0b6-3fdccf59087f,30829ded4523ab9224b93bc49a62c95f,sul,parai,RS,2026-07-04,,True
06db96c3-1f32-4fe5-8b74-45950aeea2dd,dcb7367a92f5ffb89f1e2152ed260285,sudeste,osvaldo cruz,SP,2026-07-04,,True
290a7e7e-6e80-46a5-b175-680da5487340,513a54369b6a8a6602fcb0e129c6d78d,sudeste,sao bernardo do campo,SP,2026-07-04,,True
b236fe1e-06b8-48ec-9512-35c8d46f35f5,5075aaa8404020ae6aa8bf4792099b41,sudeste,pocos de caldas,MG,2026-07-04,,True
97e80c82-3f75-4033-b3c7-d419d9dad33d,d354c38a7182125a748cb10474fe963b,sudeste,aperibe,RJ,2026-07-04,,True
ab8bdbd0-32bb-46b9-b73c-ba37f4cabaf1,4be9ae93c4fc0f41713d71a4194ee1b3,sudeste,divinopolis,MG,2026-07-04,,True
da89c2a6-bdcd-4f3b-b8ba-6b924b938b4b,e0487761face83d64fcada2408959a36,sudeste,sao paulo,SP,2026-07-04,,True
f07f1a33-0c11-4332-9d90-fc389d89f7b4,9996ae921c50e8dff411ac69c0b4bb8b,sudeste,tupa,SP,2026-07-04,,True
23cca6cf-d3bf-4481-ae73-1bf3ee584095,c3cfdc648177fdbbbb35635a37472c53,sul,curitiba,PR,2026-07-04,,True
03b162e7-68cf-44fc-bf9d-8b1216bead71,c8cc60ffd415254af5d9b9f34f32c369,sudeste,sorocaba,SP,2026-07-04,,True
ee9fe194-e81b-47e6-894c-b3ef177d4d7a,1ce3ae5a399804d1a87e706f8a813c3e,sul,jaguaruna,SC,2026-07-04,,True
55b2f31f-6a9f-4097-a3d5-e949497afed9,5f26c1408a65b42a7224cd463bdf3292,sul,arapongas,PR,2026-07-04,,True
157fb301-6a23-494e-ad8e-8a8923db14e3,e59e575a175fadcadf8479e191770425,sudeste,nova iguacu,RJ,2026-07-04,,True
122b0dc6-8866-4655-9212-ddbb99d4802d,2138ccb85b11a4ec1e37afbd1c8eda1f,sudeste,sao paulo,SP,2026-07-04,,True
a5f2f237-9119-4fcf-b6d2-d241856de713,83d458c0d6d4f94295d63f091460bd60,sudeste,vila velha,SP,2026-07-04,,True
a5c9b963-45ec-441b-8ef0-6647a55b973b,ef30892870c278497523264be1be2241,sudeste,araraquara,SP,2026-07-04,,True
049aa6b0-6362-4c27-a634-5aea645b8855,d5b9a084373da994a6e37f732169a853,sudeste,santo andre,SP,2026-07-04,,True
4fdf2c07-103e-4fd3-8695-e0d498843b00,e9c2dc0dd4ac38448289be644ac94f42,sul,joinville,SC,2026-07-04,,True
77fdfe5b-0728-47e0-9cf2-fe37edcc47c9,fe87f472055fbcf1d7e691c00b1560dc,sudeste,campinas,SP,2026-07-04,,True
117bf488-632e-4769-97a1-720b5e1e3cf8,5a32c398a06c345440bf2a683b017ad3,sudeste,rio de janeiro,RJ,2026-07-04,,True
8d5280d3-0fff-4584-b1e4-546d0282d063,f46490624488d3ff7ce78613913a7711,sudeste,guarulhos,SP,2026-07-04,,True
382ee315-672e-4b09-8b77-a635f94dd8e7,4d0041cdbe51b4617d95c70b19decc74,sudeste,juiz de fora,MG,2026-07-04,,True
f121ae4e-f2cb-4781-b4c7-a574ae08a3ce,db46ca7bce82b11f7e247539271fc390,sudeste,rio de janeiro,RJ,2026-07-04,,True
383a493a-0a1c-4fe1-8c26-dca12c1abb9f,ad420dd0c4f92f8af951ac24b86d0cf5,sudeste,fronteira,MG,2026-07-04,,True
6d4fa746-38ff-4baa-a96a-c1940793240e,e8b4225284fbb02d16f200513f1f395d,sudeste,novo horizonte,SP,2026-07-04,,True
9f86e5a9-6f41-4610-bb86-7978dd422ee3,f61c63d13f7cd800549d5acdd390ae72,sudeste,pilar do sul,SP,2026-07-04,,True
faa89cd0-150f-4542-bdf0-a72617e4cfc9,054694fa03fe82cec4b7551487331d74,sudeste,itajobi,SP,2026-07-04,,True
10fdb40f-315e-4a1b-8fc9-d7366eebe1f5,dc50afafdfa325eadc890c7fa42a8f4e,sul,maringa,PR,2026-07-04,,True
17542276-61c2-4b5c-ae11-c4ca17ae7d2a,376d67b61dce0c990155286e7ae486a4,sudeste,sao paulo,SP,2026-07-04,,True
b2f24af4-5f81-42c3-851f-3e893dd763ac,7994b065a7ffb14e71c6312cf87b9de2,sudeste,cariacica / es,ES,2026-07-04,,True
379f7d99-331f-4dcb-93af-d2c013a6af25,a9415cf907dfa12f9ed18693244f5329,sudeste,prados,MG,2026-07-04,,True
e6793008-669a-44f9-871f-81b0b57f45ad,b7d5b4b87af9d42b601865d3f3810bff,sul,florianopolis,SC,2026-07-04,,True
9edbc335-e35b-4a0c-98b6-de8fdf44c27f,7315baebc0572ff220d226283dc66728,sudeste,sao carlos,SP,2026-07-04,,True
48b4cc66-56ab-4986-9e6c-e04be3ae1aa9,4125d9385a25e82d2f72d3a0fd55bc3f,sudeste,santos,SP,2026-07-04,,True
870ca198-c179-4925-bf8d-b61c6da715b3,c8b0e2b0a7095e5d8219575d5e7e1181,sudeste,itaquaquecetuba,SP,2026-07-04,,True
ab34db1b-419c-464c-ae37-19a3c23ebabf,38102b031c2a15e54623d711bfc753d3,nordeste,mucambo,CE,2026-07-04,,True
72c56c66-b7d1-4062-8b0d-d6760dc112a2,160e4f13fd3a64b1b86807be88b5ffb0,sul,colombo,PR,2026-07-04,,True
1164eaab-c6f1-4fc8-b4e5-c7d25be11b2e,8ccf3cf69651cc1d8a02c8bfaf3b8568,sudeste,rio claro,SP,2026-07-04,,True
fc1b9e34-4fa0-46ab-bb25-f0aa7d2189b5,391fc6631aebcf3004804e51b40bcf1e,sudeste,ibitinga,SP,2026-07-04,,True
2f8fd406-9e06-46f0-b4f2-91547c9eb6c4,33cbbec1e7e1044aaf11d152172c776f,sul,bento goncalves,RS,2026-07-04,,True
96af9c44-57f2-4412-9ab1-f344cbd84b36,da03c298e3999e9d828591fc2179d109,sudeste,sao paulo,SP,2026-07-04,,True
21b4dd5e-2c84-48b2-ad31-470183f15de2,49383af7ab774e4e8f3000f49c83dc4b,sudeste,taubate,SP,2026-07-04,,True
de8c7c79-277a-48a4-82d6-df92578e0a76,8a2d12a90e92f012ce5226fc6592b653,sul,curitiba,PR,2026-07-04,,True
8c4703b7-a4ea-4c46-925f-1eaac3ad5648,52956b80ae65fda598f06f6b9943e7a9,sul,maringa,PR,2026-07-04,,True
007dc8be-b2a7-440b-955c-4a3a3c19e0a0,762ed976527cddf02787edba70fffa2a,sul,londrina,PR,2026-07-04,,True
ff97790d-3e1b-4092-80fb-9ca460406905,7994081388d55b9cf976c050653dd359,sudeste,sao paulo,SP,2026-07-04,,True
fb878561-e88f-4227-a03a-b182467323fa,585175ec331ea177fa47199e39a6170a,sudeste,montes claros,MG,2026-07-04,,True
8dd456e7-d904-459e-93df-4f558bd8e650,e59aa562b9f8076dd550fcddf0e73491,sul,curitiba,PR,2026-07-04,,True
b6baea27-9d86-43c2-ba7a-108a6811481f,e84ad2127668df3aafc6b73531a0beb8,sudeste,sao paulo,SP,2026-07-04,,True
fcdf3b7f-bc50-41e6-b005-240388da4914,1a6245add4353f18ed55138808906979,sudeste,sao bernardo do campo,SP,2026-07-04,,True
c40eaea6-53e0-44b7-818a-d2de6bad5b62,e9779976487b77c6d4ac45f75ec7afe9,sudeste,praia grande,SP,2026-07-04,,True
3be27aa1-546e-4b94-8c2f-42d7138ad301,6b90f847357d8981edd79a1eb1bf0acb,sudeste,guarulhos,SP,2026-07-04,,True
2778db8b-a1ba-4673-9370-bbe862e3a9a5,48328ec9a579151d9cc6a86d4a59336c,sul,canoas,RS,2026-07-04,,True
9b09fc7a-a443-4255-acd5-a6b564cec136,73a63f72308aa20a46f4b1632018f196,sul,curitiba,PR,2026-07-04,,True
9972b85c-1060-4bfe-9b40-48535e625bda,f62d7bb4a613ec758a03342d46b580b2,sudeste,vicosa,MG,2026-07-04,,True
5d3398ab-4234-439f-a802-55a286dfb858,252e76235acb79183cfca6e34f13337d,sudeste,campinas,SP,2026-07-04,,True
58e5f1d6-9bf4-427c-8f47-2ae74ff8ebcc,7c5b05cbdb5542049f38d90d7815b97d,sudeste,sao paulo,SP,2026-07-04,,True
5e213673-25d2-466b-acba-08dd2101e7de,db4350fd57ae30082dec7acbaacc17f9,sudeste,sao paulo,SP,2026-07-04,,True
0eb701d9-99ad-4a91-ab92-2777b97bd0ec,845e8036c3f7bf62099352f5ed910240,sudeste,rio de janeiro,RJ,2026-07-04,,True
611d8c1e-8c95-4f56-8bdc-262121c3b235,712efd3b68f9686dc856b84abd0f21ae,sul,curitiba,PR,2026-07-04,,True
31af0636-8b34-40a7-829e-46ea3b56dc48,3364a91ec4d56c98e44174de954b94f6,norte,porto velho,RO,2026-07-04,,True
7ca3a0bc-49e9-4f3d-ac6c-6a73d0b27a79,b00af24704019bd2e1b335e70ad11f7c,nordeste,salvador,BA,2026-07-04,,True
b9993eb3-ce32-4ceb-808f-2565329277a9,4324dd16853115efb0fd9d0d131ba6f4,sudeste,sao jose do rio pardo,SP,2026-07-04,,True
b8ec5b59-3514-4c2b-8568-03140a16bea3,0a198e95d32b1be2da9424c962a6ebfa,sudeste,contagem,MG,2026-07-04,,True
a537033d-ac39-4928-80c3-5cc3bab54024,d1a1b40ec554c593a1a99366746289dd,sul,pato branco,PR,2026-07-04,,True
ef43cc18-aa02-4a6b-9bd1-104d95a9f1ba,55a5b51f93f2b70ea513f5a047b0262a,sudeste,sao joao del rei,MG,2026-07-04,,True
7ef63d8a-cc33-4291-a803-90d9f4aae2c8,6426d21aca402a131fc0a5d0960a3c90,sudeste,ribeirao preto,SP,2026-07-04,,True
891b9d3e-b765-4eda-9dba-910a63bee43f,8a432f4e5b471f8da497d7dc517666e2,sudeste,presidente prudente,SP,2026-07-04,,True
8112c93f-ef1d-49db-a9b0-788422f12d12,da3fede3469bf49b7293ce3fc45b294d,sudeste,mogi das cruzes,SP,2026-07-04,,True
712979af-b5e4-4ee5-8068-6418daf9f274,c092292535a57dacd95a8765f5518f87,sudeste,paracambi,RJ,2026-07-04,,True
89481540-7825-4f36-9669-e2136e37e761,20a8b0dc55da94fe74d112082427c84f,sudeste,itu,SP,2026-07-04,,True
fd18d7cf-fbcc-4532-8d00-1c0472f4690a,bfd27a966d91cfaafdb25d076585f0da,sudeste,serra negra,SP,2026-07-04,,True
47c91f38-9f8b-4ec9-8308-df1afa548497,fadb07c842a2aef5d5a676b85f220e71,sudeste,sao jose do rio preto,SP,2026-07-04,,True
b3a0cce5-d352-4c32-a272-bb0c5c0ce135,6b15924333bd1a741595fe981ea04822,sudeste,sao caetano do sul,SP,2026-07-04,,True
9ff4a277-afa5-4e82-aa66-2ae49444c475,1c83418358f249c9d6affa52d579db0e,sudeste,sao paulo,SP,2026-07-04,,True
6b6f3f15-c3e5-4b4e-a7b5-555e24eba797,04e38a233f726ef161074ab1c9b0399a,sudeste,sao paulo,SP,2026-07-04,,True
9e331968-4ba3-4a4c-bbb9-a10ff5ace1d3,1b4b28463457a256e9a784ebe2a8f630,sudeste,piracicaba,SP,2026-07-04,,True
163ff474-91ac-4615-b970-aa2a37cbd067,db7ed69a53aa9fb1c01930ba54a88bbe,sudeste,jaguariuna,SP,2026-07-04,,True
a93eb747-aa45-4c7a-88c8-462dd28c680e,f664f98bfda2eaf266a23ff144e7a872,sudeste,sao paulo,SP,2026-07-04,,True
2eca015f-0759-45e9-989c-561c77c8572a,7ade73f1b9b4e965f9009a4c3a7e2c15,sudeste,bauru,SP,2026-07-04,,True
83ec952c-9b41-4217-8da7-60c5c5a0d03d,a369d693961cb93b61ca2cc518872a85,sudeste,sao jose do rio preto,SP,2026-07-04,,True
5d928fb5-1482-4689-a818-518e6e723c68,fb8904a8ea99f8831b64ce27db2c1765,sudeste,sao caetano do sul,SP,2026-07-04,,True
d2a58945-a327-4a3d-b09a-728a62c7963b,2ef086a599b597572aca4433b7ed6b3d,sul,jaragua do sul,SC,2026-07-04,,True
ad7f3889-7eac-4edd-b80a-5a8e1e75a32c,134285d1f41da5c13a756ee8142c8a4e,sudeste,sao paulo,SP,2026-07-04,,True
c1db7d09-97b0-43f1-9f54-7b3c744a5049,9ed65337433adfbedefd23dd76eaa494,sudeste,sao paulo,SP,2026-07-04,,True
0897b8eb-ce2d-47ef-8974-a2d2fa3d67b5,aec99834ab5d38ead22766ada8497e87,sul,colombo,PR,2026-07-04,,True
359af677-8a21-4f4c-985d-deccb8233005,b8578d2d823bd8e251f6fdd02b40902d,sul,blumenau,SC,2026-07-04,,True
ca525847-560a-466a-ba51-2cec0157a9ff,d9d43faf741ceaa8da52fdbb81d9e0e3,sudeste,juiz de fora,SP,2026-07-04,,True
95cb55c2-ce6b-42cc-ba9d-80579f6145bc,964ff64dc05b13811c6d0f41e0aa5f6b,sudeste,sao paulo,SP,2026-07-04,,True
a756f804-88e2-4bf7-8284-5beb7eb95283,96e5dc09087bad639b4ee193104ec2e5,sudeste,bom jardim,RJ,2026-07-04,,True
d8cfa694-478f-4b79-bd7e-6b57d08f3884,24c1de8d9551c0b4fbc53317d53efda8,nordeste,serra redonda,PB,2026-07-04,,True
dce313ca-dd36-4d3f-9596-f9028656d19d,0336182e1b3e92f029d5354832045fdf,sudeste,ibitinga,SP,2026-07-04,,True
9aa2bcbc-bb12-4d5b-9128-8586dde783ca,c03121937e54a93fcc1825c3098bbb6e,sul,curitiba,PR,2026-07-04,,True
73decfe7-a8a7-4d2b-9ab1-a961c0cd382d,b87a7ea0c30fad2dd6781b74a0064859,sudeste,sao paulo,SP,2026-07-04,,True
78f98132-07f3-4a41-9bca-8d812ec5ee53,84c945f15571830c1a91a33978e94009,sudeste,sao paulo,SP,2026-07-04,,True
b0dcff90-a167-4ee6-b188-e6e253e032c3,2d378dbb39815785238c0139c7647fb7,sul,sao francisco do sul,SC,2026-07-04,,True
7a8debb2-9f3d-42b5-94a8-2268d5610153,0b0ddbc7b9d9584f442c7ac92b0ff6c9,sudeste,guarulhos,SP,2026-07-04,,True
2acb8034-de56-42b8-81a7-4a6b4da1df4f,51209b446b2073894bdc0face6c73ffc,sudeste,vila velha,ES,2026-07-04,,True
aff88d69-050c-4e98-9e45-ffacc6874de2,5996cddab893a4652a15592fb58ab8db,sudeste,presidente prudente,SP,2026-07-04,,True
02f1b6ac-b202-4efc-a834-483572ccac3c,aa8af66c623d7d544dfe4bb85b5ebe3b,sudeste,betim,MG,2026-07-04,,True
355f1e49-3f99-452a-8bd3-2d3522e48172,1690cada046eb7e92c12f98b1f8a8167,sudeste,sao paulo,SP,2026-07-04,,True
43cdc487-1f24-4436-8948-8f9616cfb79f,385799a1cddbd26dfeb9157356a42282,sudeste,sao paulo,SP,2026-07-04,,True
a833972e-46cc-4829-9464-68d9aef93cff,42b729f859728f5079499127a9c2ef37,sudeste,sao paulo,SP,2026-07-04,,True
ef3f58c6-f595-4c4b-afb6-27dad30e71c3,556a6409838156ea299c9d1f9e2dde43,sul,curitiba,PR,2026-07-04,,True
9d34934d-96dc-48ab-9e5a-38262ab10335,179d859f51292aac5c10806a356f7af9,sudeste,ribeirao pires,SP,2026-07-04,,True
c58fca6f-6117-4003-bcc8-77c2924a91c7,934ed5cd1b9c1c7382d0a94a94b9e639,sul,curitiba,PR,2026-07-04,,True
99c22094-5869-4a31-9b4d-99cf278640c3,be3b4b0f050a6aa1b2d901c4b77e979f,sul,imbituva,PR,2026-07-04,,True
3a9145a4-7f41-4d04-97ce-1eaec2c4ec1b,6806dad1da97bfb5a9038eac6881f706,sul,guaratuba,PR,2026-07-04,,True
67491948-af2b-483c-872e-569d6d376cc9,94231344608e603693b0a8891143f65d,sudeste,porto alegre,SP,2026-07-04,,True
444767d5-5356-4341-b790-b6d0445d1295,446cc09cdbb130904da114e807dbec40,sudeste,sao paulo,SP,2026-07-04,,True
eb3c14fd-b837-42f2-b0bf-d9fb82dffcfb,47efca563408aae19bb7206c2d969ea9,nordeste,teresina,PI,2026-07-04,,True
5bb193d9-6351-4c2a-93a0-ba3cf964466d,00ab3eff1b5192e5f1a63bcecfee11c8,sudeste,sao paulo,SP,2026-07-04,,True
727c9c5f-6498-4f39-a9df-3089d5ce04d4,71271995e85f5b8530be99ed54a91b89,sul,porto alegre,RS,2026-07-04,,True
c63a0d49-ec41-42bd-8954-2e64ba810be6,a435b009cd956ea60748b5cfbddf2e24,sudeste,franca,SP,2026-07-04,,True
3e72678a-e16a-4c37-9588-60c6f9fefb84,11938fcc75f6902fea1d0a6f72b54a57,sul,sao miguel d'oeste,SC,2026-07-04,,True
8262e559-7c87-45a7-8088-2345564c72bf,9b76ad3d04236f76bc71c59470305e13,sudeste,boituva,SP,2026-07-04,,True
b593d66e-db49-476a-baad-0e15c88597ca,d7ab82074b5f1dfba46db123df101bff,sudeste,atibaia,SP,2026-07-04,,True
9cb779e7-2784-4b7d-9d8b-3f9fbdc3b6e1,9c0e69c7bf2619675bbadf47b43f655a,sudeste,sao jose dos campos,SP,2026-07-04,,True
7c0c587a-33c3-49fd-b739-3abbff2e97c8,94d76e96eedd976258cd3278ce56d5f2,sudeste,sao roque,SP,2026-07-04,,True
323b5ec9-a1ee-410c-8e22-255696948115,52f976b17ea7f2f087f56dcc419328f6,sul,california,PR,2026-07-04,,True
df9e2ecc-6951-45cc-bd8b-c236ad7cab1e,4e326052e5dbba8adcd512f3450a307e,sudeste,sao paulo,SP,2026-07-04,,True
2dcfa08d-da50-4529-b4b6-43bcccbfbddb,3586b8580d9c917874e053a1bb37b5ff,sudeste,araraquara,SP,2026-07-04,,True
26f068be-eb72-4adc-874c-8167a21ebc17,6edacfd9f9074789dad6d62ba7950b9c,sudeste,guarulhos,SP,2026-07-04,,True
34143e24-00d9-4a08-8c1b-885294dfdafa,52831e5990d0771cb4951d6f12928167,sudeste,tupa,SP,2026-07-04,,True
883f2607-80f6-4db4-8e00-ae9fd4ef9942,9e7c5f4d7770eab65738cca38f9efccf,sudeste,sao paulo,SP,2026-07-04,,True
317ceb02-b5b6-4c55-9a12-b62f3fcec02d,4677a5437afda5fa7140b927b07be1cc,sul,japira,PR,2026-07-04,,True
30ad722a-add5-44d8-aaa1-5b39db5930e0,3e8bd881d92466e63ba9e3e809cd3c50,sudeste,rio de janeiro,RJ,2026-07-04,,True
fbda0245-5f3e-4028-8210-f1840ce8394c,4a1917ef994878940e1fb03eeb787ad7,centro_oeste,brasilia,DF,2026-07-04,,True
0f73ec1a-e358-4649-afac-609eb72d7454,334cab711dee080b079fa5779b584783,sudeste,santo andre,SP,2026-07-04,,True
291dd431-9091-4f86-b46f-94beda9db1af,9dd59e43f0c9f0553244e8f9c2fb247e,sul,foz do iguacu,PR,2026-07-04,,True
3c366ae2-904e-436f-ae53-2bd8d79c5bcb,ccf8813e5a7d6c84d865cd38bfc2b130,sudeste,taubate,SP,2026-07-04,,True
94197f58-9601-4f3c-aa59-6e9f4f8fc910,8d956fec2e4337affcb520f56fd8cbfd,sudeste,sao bernardo do campo,SP,2026-07-04,,True
298d2e0a-218d-4dee-af33-fdc8d2a0e36a,e5a3438891c0bfdb9394643f95273d8e,sudeste,limeira,SP,2026-07-04,,True
e69a3a15-4615-4f4f-b38e-fbb3c3d193db,f9f68daa2af419d38f745478bcb3da1a,sudeste,sumare,SP,2026-07-04,,True
aa25fb79-b919-4d01-aa7b-c298965d96e2,138dbe45fc62f1e244378131a6801526,sudeste,sao paulo,SP,2026-07-04,,True
1a5d29c5-8672-45a8-b151-642f2a2bdc2b,5058e8c1e82653974541e83690655b4a,sudeste,itaquaquecetuba,SP,2026-07-04,,True
67ca5cf8-1e23-4cd1-8fbc-70263eeeba21,cd2169d9f31ff6fbb9ca3373b0c9e354,sudeste,nova friburgo,RJ,2026-07-04,,True
47fe56bd-670a-4b07-bddd-a47f8e5f2357,15aec03fe4cf30dfa574cf550f5ff5ff,sudeste,rio de janeiro,RJ,2026-07-04,,True
01ef853b-bb09-4adb-a35e-9025c6c1a769,9674754b5a0cb32b638cec001178f799,sudeste,sao paulo,SP,2026-07-04,,True
3c6db703-dea5-46b3-930a-4b076acc7242,c161d1327ebc3a156c09582ab2f59f6c,sudeste,sao paulo,SP,2026-07-04,,True
43e1e079-5475-4d7c-8b20-8260e5518eb1,4d232b78ab7ef10393dc3807d827bc0d,sudeste,belo horizonte,MG,2026-07-04,,True
fd98d48c-66f1-4924-89ec-b4d453537059,23ff42c4bf1f8f16cddb19d8b972974a,sudeste,itau de minas,MG,2026-07-04,,True
56b8599e-dbf2-4f2e-9d16-20afbee1a2ae,d3dcf0604eabf0224fbd5948b5e02f69,sudeste,sao paulo,SP,2026-07-04,,True
3d9db151-0b91-48a4-a1e7-08a844b5047b,49067458c68f7701fd334ce326accbe0,sudeste,juiz de fora,MG,2026-07-04,,True
2884eec3-ea73-4afb-a3dd-9722da7c7370,dfa0c4c6229ab200a4a1336b4d7128ff,sul,florianopolis,SC,2026-07-04,,True
62fd568a-b8b0-4a2d-a8de-869a8652778d,35281d148dcf7134bae913c57db4e6da,sudeste,sao paulo,SP,2026-07-04,,True
b178cfb9-c918-4969-bdea-92d653558114,76833248bbc0e65a0293ec62023e4396,sudeste,birigui,SP,2026-07-04,,True
4e35f129-07dc-4595-9826-b97c454fb80b,48e5ee06fb2dc74df1c711a9b6dfac2a,sudeste,oliveira,MG,2026-07-04,,True
c83c05cf-04bf-402c-958c-b0eb27075f38,2cb6eb1b7185064167657fa09f541105,sudeste,sabara,MG,2026-07-04,,True
834ca556-1f8b-4199-b08e-1a76a4341166,0f7eea709efdf942b5f95c7516dbacd7,sudeste,pedrinhas paulista,SP,2026-07-04,,True
cfbd0fc2-c643-4091-b79b-a1ecf938db24,54583ab379489add547fe47b628db589,sudeste,sao bernardo do campo,SP,2026-07-04,,True
3dc08162-a511-49a1-b139-77bb5b6ab4cf,51e0557bc7b86de13e946c60ee91ce39,sudeste,belo horizonte,MG,2026-07-04,,True
d8e5cadd-db61-4f1f-8117-3ffa2c7410c2,0bebbb2cea103a4a020c95d43fd7d754,sudeste,sao paulo,SP,2026-07-04,,True
6a22bf90-63ab-47ba-86ac-4af91630badb,9da1ca0bef29ee170e541927a5aeabdc,sudeste,votuporanga,SP,2026-07-04,,True
2f337c8d-f1d0-47e8-ad03-f8534ebf5360,6c7d50c24b3ccd2fd83b44d8bb34e073,sudeste,presidente prudente,SP,2026-07-04,,True
f7cc1541-6a61-4430-89c7-65c28855f11e,3faf68a3b0af94b10bac70d86077be49,sudeste,holambra,SP,2026-07-04,,True
72a9aa3c-1395-45c8-a60a-141738107e4e,05feb94f19d094d4b0f9281f0b1d4c99,sudeste,mogi das cruzes,SP,2026-07-04,,True
eca1a0b4-b4a0-4cbc-89da-3c2f8da13a7e,f650a9708fa1bab22bdd8d3a818cc415,sul,ararangua,SC,2026-07-04,,True
5e868488-9f56-4ec4-bce9-42a91cf02b66,5cbbd5a299cab112b7bf23862255e43e,sul,pinhais,PR,2026-07-04,,True
01f71924-74cd-4de9-9fa2-a88a806f110d,07d75e33f2750d97d467fb57e4dfdd8a,sudeste,sao paulo,SP,2026-07-04,,True
4222243f-c694-4445-aeab-163a3983a733,8a8835a43bda99fd37310ad76c457510,sudeste,sao caetano do sul,SP,2026-07-04,,True
4658dfd2-ab5f-4f5d-8c05-715e47780a01,ca3bd7cd9f149df75950150d010fe4a2,sudeste,sao paulo,SP,2026-07-04,,True
c6fd6ae2-cf09-4040-9850-184d6feb2cc4,323ce52b5b81df2cd804b017b7f09aa7,sudeste,sao paulo,SP,2026-07-04,,True
71537160-63b6-48b9-bd08-6401781561a4,ebd1417732defaf66c50b5a800eb293e,sul,londrina,PR,2026-07-04,,True
d42dacf1-397d-42e6-9304-902d4a0f9f94,76ea5315acb3f5f7ade3cd261faf922a,sudeste,sao paulo,SP,2026-07-04,,True
d12958bd-4331-4a88-aa10-32fca2806deb,4b1eaadf791bdbbad8c4a35b65236d52,sudeste,ribeirao preto,SP,2026-07-04,,True
d6c0ca52-caeb-44aa-907f-566f430b9a8d,4cc43a222a0f94910728b62b97a8c5f8,sudeste,ribeirao preto,SP,2026-07-04,,True
fdf7d7d0-70c7-4c72-a16a-517d51063d90,bc503e244f187939d10c92a5c8e378ce,sudeste,birigui,SP,2026-07-04,,True
5bb5a78e-ac86-4d86-bf29-a3b691e477ee,b6f52e346160519c24a23af05410ad32,sudeste,sao paulo,SP,2026-07-04,,True
614fe7cf-7514-4c35-889a-aca6587d3440,70125af26c2d6d4ef401a1d02ae7701f,centro_oeste,goiania,GO,2026-07-04,,True
eb0c1a57-d13c-4d8c-9057-b317b61f7ef6,c84592044b180dec206770c38603814b,sudeste,sao paulo,SP,2026-07-04,,True
4dfcf369-0d10-45ad-8164-9f3e3a8b0570,1caf283236cd69af44cbc09a0a1e7d32,sudeste,nova iguacu,RJ,2026-07-04,,True
f59fb3bd-9143-4c16-86f9-3786fc5fcb22,ba90964cff9b9e0e6f32b23b82465f7b,sudeste,guarulhos,SP,2026-07-04,,True
231a4d07-6a75-48c0-a83a-c26108227ddf,5e9f5bd34e0830569f05c9d4f56e04a8,sul,porto alegre,RS,2026-07-04,,True
7340df37-cd6b-477b-a5eb-33cb4766e912,15fa791d5e017f66402dc28c44480657,sudeste,sao paulo,SP,2026-07-04,,True
ccb3b61a-c976-46bf-9f04-6b2afe6562ed,20d83f3ef0e6925fd74bfd59170babf7,sudeste,sao paulo,SP,2026-07-04,,True
acec56f0-14b9-48d0-9fa6-d7d32499e59e,59417c56835dd8e2e72f91f809cd4092,sudeste,limeira,SP,2026-07-04,,True
77fa84e2-0c94-4c4a-bdc5-20a91446b748,a13580f0e8f782b7a543885a0ef99f08,sudeste,rio de janeiro,RJ,2026-07-04,,True
6ebcb066-d0ac-448a-93eb-4fe79e88d23a,ccada0ef508e698917a6eab263375905,sul,pato bragado,PR,2026-07-04,,True
f674565f-bd3f-4a59-b19f-a144021ac340,4bde6149c15cf7e177b36fa060dd6de8,sul,carazinho,RS,2026-07-04,,True
c0a0e2a8-7af7-4820-80a9-4dbb62d0c0c1,fe1bbc5feda5c8979a8a1b3b2512d5a6,sudeste,arinos,MG,2026-07-04,,True
3abd7767-6b4d-40e5-8887-d5760f6d7e13,23a0ffca143a15b9b5bbdb7d552f626a,sudeste,sao pedro,SP,2026-07-04,,True
d2b90998-8262-429b-be67-716449ac6d23,32b8764b4ef628b53608fc34011fcc13,sul,lages,SC,2026-07-04,,True
7aab768f-77cf-4716-a970-ecd89de923e9,e7df4cd29ab5abab70fb0783ddb53987,sudeste,sao paulo,SP,2026-07-04,,True
62663987-6d05-4d8a-b08c-34dec85039f7,0432ead42b6c8a0bdf68154add917fdf,sudeste,maua,SP,2026-07-04,,True
4f2e31cb-d6ad-4050-8ff3-9a0bbc243d86,7e959205cebc10adefcb331f934238a4,sudeste,sao paulo,SP,2026-07-04,,True
db2c34b1-764a-4572-80f2-62a8da85f918,2a261b5b644fa05f4f2700eb93544f2c,sudeste,porto ferreira,SP,2026-07-04,,True
efc522f6-872e-45ec-86fc-42cca1163bd5,f680f85bee2d253556ac91be391d2c82,sudeste,carapicuiba,SP,2026-07-04,,True
d3236ac9-76d9-4789-bcf5-fa0972866017,3785b653b1b82de85ab47dd139938091,sul,ampere,PR,2026-07-04,,True
519ac265-2fa5-4413-bbbb-84bd6296adec,d379f449f2a3b271bc01c0782020f705,sudeste,divinopolis,MG,2026-07-04,,True
45e6a1df-e9c4-4468-ac4f-1261d62e7618,7ea5bfa6c340f58f8e71fc1f0412b0d6,sudeste,belo horizonte,MG,2026-07-04,,True
de869f7f-d574-4198-b0aa-15c7928e8b7b,dc120d932ddf9d4dfb6fd68beefda622,sul,sao jose dos pinhais,PR,2026-07-04,,True
5e613a33-b482-4e8d-9abe-3b62eb520f37,6902157ee16728322d61a1321fa79e58,sudeste,sao paulo,SP,2026-07-04,,True
259981e7-1824-4dda-b2c1-5991359a5a5d,f3041c2e75ec683697a6a5ea82192210,sudeste,itauna,MG,2026-07-04,,True
e001ccd1-94cd-4205-ab6c-a963cefdfc59,c54679b132454625907c773d273d4126,sudeste,guaruja,SP,2026-07-04,,True
535c5d04-9bfe-439b-9adb-327cb877502b,d26aa40b90272d4843d63be7c1462c8d,sudeste,sao paulo,SP,2026-07-04,,True
a76781fa-fb9b-40ec-b1e4-fee149975f33,a2fa0bdc798ee84cdb08281337cf4fb6,sul,florianopolis,SC,2026-07-04,,True
fc3bdf7b-ec87-4f50-b78a-b931ce7bf3f4,bd697db56ff8e7c9cd1abeb7f72029b2,sudeste,sao paulo,SP,2026-07-04,,True
89fbb2b9-6fc1-42cb-ab9d-d19f01e862ff,2aafae69bf4c41fbd94053d9413e87ee,sul,porto alegre,RS,2026-07-04,,True
cfba42ba-20a1-4b7b-86bd-d8d670971f00,483ca627d131e18f988349b1655c0acd,sudeste,mogi mirim,SP,2026-07-04,,True
88f78c2f-1c56-47bc-bdaf-00467b4ee30b,1a3df491d1c4f1589fc2b934ada68bf2,sul,joinville,SC,2026-07-04,,True
a17185fc-c6e9-44a2-bba1-b0acfb3ca7dd,e81e1f9c3e762e620f3fb60a51499e16,sul,curitibanos,SC,2026-07-04,,True
338a4be7-eaf2-4e8b-b1f2-afc94c59c346,4170f6a9367e6b5d6401d03ce6d54569,centro_oeste,brasilia df,DF,2026-07-04,,True
f13df391-76da-470a-9c8e-7dce58b97db1,4e480be820e37de1444325ff358c9296,sudeste,tres coracoes,MG,2026-07-04,,True
eeefcf35-e370-4958-a84b-7656e18cbc40,6560211a19b47992c3666cc44a7e94c0,sudeste,sao paulo,SP,2026-07-04,,True
87b28d6c-5604-4534-917d-f260e3c5841b,3da38366e7bd9baf6369071f782ecdf0,nordeste,fortaleza,CE,2026-07-04,,True
391b4a45-2217-4c20-ab7c-1452b2f73cd2,e3e290b38963293022cdcd6db8328103,sudeste,sao paulo,SP,2026-07-04,,True
03f29de0-a5cc-4dbc-8874-a2b709dceb22,70b52a4cfc823994561b00bad161b4ed,sudeste,sao paulo,SP,2026-07-04,,True
aa2a49c3-ef3d-447e-8112-0580e3933151,c1552b1dab6e6f760950368ae61fb600,sudeste,sao jose dos campos,SP,2026-07-04,,True
37d00b9f-1f76-4809-9cb2-da7e173c5a99,596849622429351f47b32e6cae1055ff,sudeste,mogi das cruses,SP,2026-07-04,,True
fe6bfb06-bf50-4f7f-8db0-007de6fec885,e6ffc9ac6a7adc9d16a1cfc2286dd546,sudeste,sao paulo,SP,2026-07-04,,True
6092ad2a-3226-4d2b-80e3-1465fd69ee2d,bf0045791395e66460eb04749c68672a,sudeste,sao paulo,SP,2026-07-04,,True
f2d23ba7-f618-4530-a2d5-a67d38943c00,718539d38d07dd351c76db862760e2e2,sudeste,campinas,SP,2026-07-04,,True
a98b1002-1b29-4464-8ec2-c69e0adfb996,b76f4d90e85657a240495c876313adc5,sudeste,hortolandia,SP,2026-07-04,,True
a62e643d-a72a-4b0e-b151-080157f4863d,979e9f8b5b39dd243a2550c8b05aecf0,sudeste,sao paulo,SP,2026-07-04,,True
b9aa02e6-57fc-45b0-af2b-5bafb78739fa,22a23e5ac7061fc538cc2a019afaaf16,sudeste,belo horizonte,MG,2026-07-04,,True
6726bac3-ca88-43e5-a613-734d91ef0aaf,0b90b6df587eb83608a64ea8b390cf07,sul,maringa,PR,2026-07-04,,True
0fd5ecc4-191f-4736-871b-15628df1ee60,9200e6ce317b67196b6b0bad4d4bd567,sudeste,rio de janeiro,RJ,2026-07-04,,True
44293f08-9c45-445e-b6d4-4d317644b528,4c60877808f4318ef1107fbeb8f89afa,sudeste,atibaia,SP,2026-07-04,,True
bb005630-292d-4c27-b0c0-d5523adfcf9f,3bb32fedaa74e4ad20f4ce067733bd31,sul,porto belo,SC,2026-07-04,,True
2f3e5508-d865-4559-a2ac-0ca05e4b0448,ae8bfdbf1c2a2a2dee92d799db0a31c6,sul,toledo,PR,2026-07-04,,True
850c7343-0ba9-4b0d-8c4f-dc9d9938a45c,1927cdb9fa74f5270097f6250e8e8f34,sudeste,marilia,SP,2026-07-04,,True
25883c39-e6e7-4292-a753-c4d5efbe862a,8a87611c08849ffeeccab52aa798b6c7,sul,curitiba,PR,2026-07-04,,True
c30a85f5-f0ba-467e-8741-8c687ac7ef67,679769a98cfcc6da877c8486ff1c13f3,sudeste,ipatinga,MG,2026-07-04,,True
7f84ef3f-712a-4c04-accb-c5ece817fe10,acf974e4d5950ad143a247471b831eb9,sul,caxias do sul,RS,2026-07-04,,True
bdcd14d3-10ab-4e5b-8955-c7b2985549ab,20a7efa9721046319bdde5d60b6b5365,sudeste,laguna,SP,2026-07-04,,True
92508b0f-cfc5-4f24-8e79-53dc7873cd1c,febab0275244b9a49a623f0bd613ca2f,sudeste,pedreira,SP,2026-07-04,,True
efbb71c1-176b-4ea3-af9e-f321af5f4a63,f3da5b2ff499efb8d4a6d371d175d7dd,sudeste,sao paulo,SP,2026-07-04,,True
9d93ef7b-65eb-41f3-9abd-061195b24b4c,436bf27f2f18474fc6047702e9f8a866,sudeste,campinas,SP,2026-07-04,,True
bea9110c-8128-486a-a5ee-4c634aef2df3,d2f3e277560ed4c6361284429b00f037,sudeste,atibaia,SP,2026-07-04,,True
91082a4c-faf7-43a2-b6dc-ed46f21959fb,cd843d4cf8ef32827de0396605163ba3,sudeste,juiz de fora,MG,2026-07-04,,True
ea2f180f-59a6-4e9d-8c74-628071c41421,67883baaae6134ee81b271a542613728,sudeste,sao paulo,SP,2026-07-04,,True
781df2a1-3129-438b-b511-1f0f615ced54,7dc9a3355bae96dd82008b313d3a456c,sudeste,dores de campos,MG,2026-07-04,,True
d80f7915-b81f-4ec7-ac42-e4097d4764d6,05e107217c7266362fd44b75b2cd4cc4,sudeste,sao paulo - sp,SP,2026-07-04,,True
dc2a045b-6e2c-41f2-9c42-66d954f33571,1acde099eb406aa220b1169b188b42da,sudeste,sao paulo,SP,2026-07-04,,True
d1e53961-6c9c-4fa8-9d4a-eda6f429d010,d97df38225e5abadaff1e72cb72b823c,sudeste,sao caetano do sul,SP,2026-07-04,,True
5f30d8da-08ea-4658-8468-38ee0aa17a4d,45213867cefbf2cd4c6177e10216a951,sudeste,araras,SP,2026-07-04,,True
cc0c89ad-efa2-4d34-b31e-9f6582dce620,61b893c57e33626afb104d4112b1be76,sudeste,divisa nova,MG,2026-07-04,,True
79ce31d1-877b-4c9d-8105-afaee24097dd,a420f60ff1aa9acc80d0e42959f2b313,sudeste,sao paulo,SP,2026-07-04,,True
1527051d-9009-44a3-87aa-6ca6f0d6abdb,ff4ea69c2a729e83e63c7579e4ef8170,sudeste,guarulhos,SP,2026-07-04,,True
0897bf7d-d2f2-4e9b-9feb-259a2dfdb7d3,fa5fdc4e4bb6bd1009ad0e4ac4096562,sudeste,santo andre,SP,2026-07-04,,True
160e1f0b-7948-4099-a581-3cd9d6884e2d,916748bc99315c2d202898ae58b1617e,sudeste,sorocaba,SP,2026-07-04,,True
471489ce-2d66-421b-8981-413af8618ecf,bc2ac6b95e1accce9858528ee566c17e,sudeste,campinas,SP,2026-07-04,,True
0b2d745a-037e-4726-abf3-8418d7720264,25debeafbce801fdd479539350185eee,sudeste,igaracu do tiete,SP,2026-07-04,,True
e9895e48-1b79-4b64-ace5-9472f6fad148,02c988090b766852e088c69d7fb3b551,sudeste,americana,SP,2026-07-04,,True
7971fb02-35af-4cab-8f96-bb3e0b5ebaee,e5f9e61ceb5f523cc966e0f34095032f,sul,brusque,SC,2026-07-04,,True
436d22f2-e518-42e3-b995-eb6b2caaca8e,ad97a199236354e53fcd91a5a913e9a2,sul,brusque,SC,2026-07-04,,True
ee3db05d-2b6e-456e-b215-0de66b81ca5b,3606774ec64634822d78dc2db6d37045,sudeste,sao caetano do sul,SP,2026-07-04,,True
6dbd034b-eb7f-4b49-80cb-64c345932528,94165aea8a35c3c21499cbcae239b16c,sudeste,uberlandia,MG,2026-07-04,,True
15131351-d405-4d6e-894e-91aa403cecb4,c8665a4dd081a2c436b1cd921079d0d9,sudeste,pitangueiras,SP,2026-07-04,,True
a4be41cf-4928-4b2b-9517-2de5c74074ed,c7dcd301ecfe5ab7f778ac172cf74be7,sudeste,belo horizonte,MG,2026-07-04,,True
23587d46-1714-474f-a79b-720fd8a0447b,6c17baf138731a4aaacc3210adf2037b,sudeste,franca,SP,2026-07-04,,True
7200067c-a520-4748-9e3a-16c2ccd32fe5,50c361bcf670d16f6df4d52de3dff924,sudeste,sao paulo,SP,2026-07-04,,True
3e90f09d-d459-4c80-94f3-deceb9342941,32e5635e63cb374eb63afdd242fb6134,sudeste,rio de janeiro,RJ,2026-07-04,,True
9a5efc73-669f-40c5-b78a-319881b44c15,c1f12f926d0ba950578b4fa41115cbb6,sudeste,sao paulo,SP,2026-07-04,,True
c4a4e7b9-9e24-4b7c-b68f-4356593260fe,8602a61d680a10a82cceeeda0d99ea3d,sudeste,sao paulo,SP,2026-07-04,,True
5dd5167e-4ea1-4eee-b1e9-2562ad22e1a6,c3acdfac4e3e97ff87529454fbc03642,sudeste,sao paulo,SP,2026-07-04,,True
4c4911ec-80d7-433b-96fd-b919184fb3d1,fde0cc9ea29c8ccfc0a2c22256a58c71,sul,curitiba,PR,2026-07-04,,True
94e9c6ba-e406-4484-935f-b4950f2b7819,e63e8bfa530fb16910dd6956e592bb81,sudeste,guarulhos,SP,2026-07-04,,True
77b47769-a213-4ec6-8434-454287a177e1,c4f7fee5b0db50e87766f5a4d1b1b758,sudeste,sorocaba,SP,2026-07-04,,True
fc9d9d2d-f5cf-4d3e-96f9-e81d5b019cf7,d7485b33791774c36108f8c69602d48d,sul,curitiba,PR,2026-07-04,,True
bdd7a547-7b9b-4434-b8fd-d6bb36f9a593,515d781150feed28a6ac091bb0e3cb8c,centro_oeste,campo grande,MS,2026-07-04,,True
e7fd1475-6a2f-453e-bf9e-84fc3e1c583d,e908c0f3646e8b60375734a350d95d71,sudeste,sao paulo,SP,2026-07-04,,True
da93015e-c34f-4d01-826a-c412adf4c948,2646baaf662d4d92ac48f047e35db92d,sudeste,sao paulo,SP,2026-07-04,,True
fb707022-6a24-42bb-8ac1-dd356e8bb3b7,13fa2a6c6b9d0f43cb588d7c82117a12,sudeste,sao paulo,SP,2026-07-04,,True
5966fec6-01ac-4774-9b15-ecce3701dd5a,5343d0649eca2a983820bfe93fc4d17e,sudeste,santo andre,SP,2026-07-04,,True
58d97f05-8f5d-484d-b46e-8c700d277aac,7c9130f5f3729edd32aa059141d92484,sudeste,garca,SP,2026-07-04,,True
2543b7bc-16e4-4b1c-8c75-40ae50e6bdfc,e4ebd3f87bf70440014f07ddda7fbe03,sudeste,presidente epitacio,SP,2026-07-04,,True
680af16c-0d26-486f-b6d0-224d8aec3042,33a17d60c64393351ebf1ef860f4e0f2,sul,porto alegre,RS,2026-07-04,,True
bd058322-a07a-45ec-9a32-8bd932fcfecd,640e21a7d01df7614a3b4923e990d40c,sudeste,ibitinga,SP,2026-07-04,,True
b7304d0d-7b00-4400-87ac-6aa9b686b583,d57e18d5f73c7ccb7f7339b61166898d,sudeste,sao paulo,SP,2026-07-04,,True
9bda4b11-7024-4063-afe9-0289ecb3fbff,dd2bdf855a9172734fbc3744021ae9b9,sudeste,belo horizonte,MG,2026-07-04,,True
e59a92fe-f5e9-4f4b-8745-292065b948f8,9d213f303afae4983637247556438ede,sudeste,ibitinga,SP,2026-07-04,,True
514b99ef-0a5a-418f-93e5-199afb483c0f,aadfe0417e61315688b6bd7043361e25,centro_oeste,goiania,GO,2026-07-04,,True
2e4603d4-671f-4111-8c8e-93a59ac9bd1f,079d295dcbf06ee8bb1b65ba964eb2b6,sudeste,sao paulo,SP,2026-07-04,,True
53bcb17a-5452-48c2-8c83-e109d4420f31,55c26bcb609f480eb7868594245febb5,sudeste,tabatinga,SP,2026-07-04,,True
208ab542-7e5a-4da9-9017-02fcd81821f0,cbf09e831b0c11f6f23ffb51004db972,sudeste,sbc/sp,SP,2026-07-04,,True
ffba30a5-75d8-4fd5-9304-876bf8597670,7fdb0720c8d7c9075538b365dc8c3a22,sul,toledo,PR,2026-07-04,,True
94c0a48c-1eab-4740-9273-8926b7cef1ef,933446e9a59dece7ae9175103820ca8f,sul,curitiba,PR,2026-07-04,,True
439d5d16-0b5f-4018-bdbf-a1e3a685e1a2,3f8247d0f772ffa58560e5c682521ad5,sul,joinville,SC,2026-07-04,,True
655ba77c-4a7a-4a48-9b86-fafa6503a18c,e46bc031f2c5bae4ccb40bb90712e9b4,sudeste,sao paulo,SP,2026-07-04,,True
782acc43-a707-4352-baab-39935ff3efce,4aba391bc3b88717ce08eb11e44937b2,nordeste,arraial d'ajuda (porto seguro),BA,2026-07-04,,True
d390d755-a3b7-4b40-ad97-0b33f4e71200,fcba71d4d5db057f43249145e4eb1e27,sudeste,limeira,SP,2026-07-04,,True
cd5ba5cd-c3f5-4079-93c8-8a7202aae5eb,c747d5b92c7648417faea95d36d763e8,nordeste,pacatuba,CE,2026-07-04,,True
52f176c4-47d5-4139-925d-e9ff9782ba19,715bbd5ba4e6b74cb0d2f29eb45058b0,sudeste,serra negra,SP,2026-07-04,,True
14b8b3cf-c176-474b-ac4d-1a200d69700f,1430239a858e7682bbc43b20758af153,sudeste,sao paulo,SP,2026-07-04,,True
06ad591e-533b-494c-990f-f17c32bc99cc,bb7a14e229b1c95156719c3d9552eeee,sudeste,rio de janeiro,RJ,2026-07-04,,True
7e836797-2f27-44a7-8aab-8908d717c0f5,d598f929fc44e1e38678e7f47250ec04,centro_oeste,formosa,GO,2026-07-04,,True
b1f139aa-0fd8-4b9a-bf36-1d779afb10e2,edc518ba25576a0188a0e8f2c3af186f,sudeste,guarulhos,SP,2026-07-04,,True
047d186a-57e4-4995-a0ad-de6f06b53778,4c18691b6037662be2df78a765d98ab5,sudeste,sao paulo,SP,2026-07-04,,True
f4210874-0926-4d62-a574-b2f7fbb90431,8f2b51a30523cdecddc2f179f351c7d6,sudeste,sao paulo,SP,2026-07-04,,True
f732624d-5b49-437b-bd02-dcdcfa6fe549,6b536a23086fba0d58c08d68814397f6,sudeste,niteroi,RJ,2026-07-04,,True
702923c6-062a-4f21-904c-4b24cb90f423,95f83f51203c626648c875dd41874c7f,sudeste,borda da mata,MG,2026-07-04,,True
c93e395e-6fc0-4a51-ad11-0d2b6acdb579,6b243f80ed07b10f0e8aa0f21a205f3c,sul,curitiba,PR,2026-07-04,,True
764602ba-b22a-4d5b-9916-4a809fc7d01d,e7f3bf1ecd8526eb7f3b18059e6716e5,sudeste,ubatuba,SP,2026-07-04,,True
7856df99-a1a8-48ae-94ad-fcc0dd1918f4,4d600e08ecbe08258c79e536c5a42fee,sul,entre rios do oeste,PR,2026-07-04,,True
9a20a432-c92f-4ea6-9efa-806470b3ec8d,2089a6d640999f9b9141ac719b2af596,sudeste,sao carlos,SP,2026-07-04,,True
442251da-75c0-47b1-b223-5436c96379df,2a167ca73899c85001a837d8fb4962f6,sudeste,sao paulo,SP,2026-07-04,,True
2d8b4902-f791-4c94-a5cb-3c07cf8809a0,458c6fa920810ce2492da71bc26d9eec,sudeste,catanduva,SP,2026-07-04,,True
1a677142-932e-4523-b0f4-5746093dee16,7494d0dcba8551df6cf37f1b905dc2f7,sudeste,santos,SP,2026-07-04,,True
bd3dcc6d-bbff-4760-8224-0f65b437163b,698f5fa55a5f73d0740e9d9a773e8093,sudeste,rio de janeiro,RJ,2026-07-04,,True
8f25710b-631d-4a69-a8a4-033e720a6cf3,4f0d637c1197fd65405ebd755ac9f86b,sudeste,taboao da serra,SP,2026-07-04,,True
3341c7cd-7947-46b2-aa7a-1ad37bde3b6f,3969863bb8af7f72580b3b1ffd3a17b3,sudeste,sao paulo,SP,2026-07-04,,True
01831a6d-6c0d-41f6-8dd6-6b26df9023c6,2a5b78b41cd05baeac8df54c6606b92c,sudeste,formiga,MG,2026-07-04,,True
2e435b6a-f1b2-4c99-a9dc-766852d84559,1f7dfad2cb384ea4d2d7e1ffbd78c407,sudeste,sao paulo,SP,2026-07-04,,True
47cf0440-87e1-4035-92c9-a8c262ec5bfc,08f5819815f3d06545011850bd70f0a8,sudeste,santos,SP,2026-07-04,,True
7645ba05-6039-480c-b1ef-f43907902080,b32be1695eb7ec5f10f72d9610a12527,sul,caxias do sul,RS,2026-07-04,,True
939cbb8b-59bf-4dfb-af07-dcefb499ec94,b94cc9f10ddc85e4ba73a6f7974e7101,sudeste,macae,RJ,2026-07-04,,True
9d5f2ed3-e24e-4cb1-a236-4c311fcf9d4d,53243585a1d6dc2643021fd1853d8905,nordeste,lauro de freitas,BA,2026-07-04,,True
9f312607-b684-4b64-b6f7-0299f66f56e1,6df688df543f90e9b38f4319e75a9d88,sudeste,belo horizonte,MG,2026-07-04,,True
fe8383f6-ae5d-4e13-9234-66af9f4597bb,7f40d06aa0b5f1aa4f41af8c0480e2ef,sudeste,rio claro,SP,2026-07-04,,True
0e1a8540-ff8e-4896-8a7b-3bc7f7b4c9c5,dd88d13bea9e4c2bf47daf224f8141e5,sul,lajeado,RS,2026-07-04,,True
00a2fce7-d3be-4025-8964-029f7bde81aa,72c38a04bd6a1c3dbc5298425a0db86d,sul,cascavel,PR,2026-07-04,,True
55f74372-6af4-4e1a-852d-8dd927dc3281,9e17b9d64683aebcbb9ee362d06463b4,sudeste,ribeirao preto,SP,2026-07-04,,True
12c329c1-a460-4766-98e4-2939d7c8c69c,b5bb2b985208834bd5bd86c7a402bbad,sul,venancio aires,RS,2026-07-04,,True
f6b40262-fbad-4bd3-a76e-21849434b089,b1fecf4da1fa2689bccffa0121953643,centro_oeste,campo grande,MS,2026-07-04,,True
4bde8ac6-7afa-4548-bc65-a8e6529cfd3c,7b1222c3624aa89b9558b50a2594188c,sudeste,sao jose do rio preto,SP,2026-07-04,,True
c58cf7eb-057f-4b61-af96-d8f3c130c279,e595809a6c31ec4314fd06ef198c244d,sul,navegantes,SC,2026-07-04,,True
60cced28-b8d9-4802-8177-f9fd229b2447,ba6b68b55fe8704377a7d43c8e5c0185,sudeste,belo horizonte,MG,2026-07-04,,True
ffffa822-0b5a-4002-96a4-54369e110996,b8114f2f589a6804810f04f99b36b498,sudeste,sao bernardo do campo,SP,2026-07-04,,True
d4436741-ed44-4c8f-94a2-0dcb517997db,83d7070a0b9a8b4625fa8682b819fabb,sudeste,cotia,SP,2026-07-04,,True
66bac7b5-35bd-4874-8c77-541ee8dd58bc,570d4583587a5fe2d47c7be89b91ad27,sudeste,sao paulo,SP,2026-07-04,,True
02682d11-097e-4c52-9d02-58dcb97e3f65,9591fc341b1bfb7ef561e2968ec6e011,sudeste,sao paulo,SP,2026-07-04,,True
4976011d-fe3f-4245-9082-ed8f3cdc9ab9,0af977692321d895349eded183341d28,sudeste,santos,SP,2026-07-04,,True
c2212a62-8ed6-4d7e-ae48-7aa7612062d5,b33aaadd1a8891d2dfef0c4c3bdf0371,sudeste,limeira,SP,2026-07-04,,True
248679ca-cf3d-40cd-946b-c321ad9fdb27,5d9dc90a686a8fddacffab6bab5653a3,sudeste,santana de parnaiba,SP,2026-07-04,,True
475f6e2e-40f5-4700-9510-0ee4416527b7,cc80e2f693fa6e2408f47ccf62413fc1,sul,curitiba,PR,2026-07-04,,True
8db609d1-2e2c-4a63-aa82-4b97020ddc0f,dee656f0f566ed1aa85bd137c943f08f,sudeste,cruzeiro,SP,2026-07-04,,True
79259a20-1bdf-48be-b117-a7a714e9be4b,ace601496e211a664100321f038f50af,sudeste,sao paulo,SP,2026-07-04,,True
8ff20c59-64f0-49e1-8b81-7b438a61a264,d673a59aac7a70d8b01e6902bf090a11,sudeste,ibitinga,SP,2026-07-04,,True
17e07260-cb4f-4de4-8262-f4f573aedcbe,966cb4760537b1404caedd472cc610a5,sudeste,diadema,SP,2026-07-04,,True
4e14792b-c245-4522-bda5-864e5de63c75,d4a5e99e0dd915df64ba55a7fbd583fd,sudeste,sao paulo,SP,2026-07-04,,True
8af6ac01-2b63-4b9b-80fd-0fe426f4bc8a,6bcb2352a2a0c38b845f598298ab9d26,sul,maringa,PR,2026-07-04,,True
47e1d933-b8a8-40c3-8af6-3b7d98a8e653,2c2c9832d1bb38c5b0034a3b47d313ee,sul,santa maria,RS,2026-07-04,,True
0f64d515-1cc9-4200-bda5-899c69d2bc45,f3b80352b986ab4d1057a4b724be19d0,centro_oeste,brasilia,DF,2026-07-04,,True
192b5006-cae1-4c5f-b318-b3280fba81fd,b452cb0ae35044c4a53179c39f49fb06,sudeste,sorocaba,SP,2026-07-04,,True
5549997d-647d-4502-a1ed-b491e70c98dc,0307f7565ff85b299b6e5ef162b1b1a9,sudeste,sao jose do rio preto,SP,2026-07-04,,True
2ff64e4d-ed1d-497d-9550-66e747eb0d4c,ffeee66ac5d5a62fe688b9d26f83f534,sudeste,mirassol,SP,2026-07-04,,True
c34cd58e-51fe-48d0-910a-190cd48b5e28,3bfad056cf05c00dabe2f895925d83b1,sudeste,osasco,SP,2026-07-04,,True
b92e79a6-7a20-4789-8241-463724138b3c,9aa388272ee334b6ae07bc73706e254a,sudeste,muriae,MG,2026-07-04,,True
44d5a889-d3f8-44de-ab5e-ad508591748d,74bafed391319577bce6f4d2acc0589a,sudeste,sao paulo,SP,2026-07-04,,True
14a3c1e6-a53a-4925-839c-351794e49207,2b03ac196f5ed62ac483960fe0fa3b65,sudeste,sao paulo,SP,2026-07-04,,True
a97bc0c1-266d-4ac0-bd96-339bd08eef75,0b64bcdb0784abc139af04077d49a20e,sul,canoas,RS,2026-07-04,,True
a5018365-1530-4a6d-aebe-91b20af6ef22,0bfd0b434243adc5c2e1aa6baf19c6aa,sudeste,rio de janeiro,RJ,2026-07-04,,True
ccaa058a-c289-482e-9a4d-eacf3c7e2ba4,92d14edfb62ee5ae7fdff70b0f4e7233,sudeste,sao bernardo do campo,SP,2026-07-04,,True
d56f841d-8feb-4144-abb7-a6f080b17038,5e105f5c9f63f5f1fd75d6cb942e55b1,sudeste,sao jose do rio preto,SP,2026-07-04,,True
a5146384-7b83-4dcf-9332-0d667feb6b99,2fb25ab44bdbeae6a4d816e0d0c9d500,sudeste,volta redonda,RJ,2026-07-04,,True
091e7d1a-3a39-459c-b12c-b11b63e194e8,ed4311e67debd72b8610a5347a743087,sudeste,guarulhos,SP,2026-07-04,,True
76bb4f34-e190-454f-9ff4-d57dac4c8f5f,5bf397d04035b5f45cc41e82ec106803,sudeste,sao paulo,SP,2026-07-04,,True
426ebbf1-5887-4aec-9ea3-59f30fc766a5,f9bbdd976532d50b7816d285a22bd01e,sudeste,sao paulo,SP,2026-07-04,,True
06b08c5f-f093-4b42-bc14-f905f90a9e22,e3e15e2c0b9700561efac21c6be48066,sudeste,sao paulo,SP,2026-07-04,,True
6020ed8c-57fc-4ab6-91fe-51c973d7fa88,a5bff0f43eb51f0cad7c37fac7244c8a,sudeste,sao paulo,SP,2026-07-04,,True
5acc0a8e-be38-4520-9be6-c41511a1a932,f52c2422904463fdd7741f99045fecb6,sudeste,santo andre/sao paulo,SP,2026-07-04,,True
c5d7ab5e-c46b-44d1-a300-8b6220951dc1,14f2b3587172b9db894c9bad8dab520b,sul,ipe,RS,2026-07-04,,True
54da2039-44ea-4b5e-9902-3f05b5117ed3,1354d51653f645349064725ed204e85e,sudeste,sao paulo,SP,2026-07-04,,True
7967c94b-58c4-4b58-8110-16a8b6c72600,eaaa46e98c9e61f6764dd1d7a2ab8b3e,nordeste,messias targino,RN,2026-07-04,,True
253255c6-54f9-4288-ac7d-df59f14f01a5,5b664594895aefb418afaee6d40a9a23,sudeste,petropolis,RJ,2026-07-04,,True
aec94bb8-b36d-443a-b387-8dcd11fc14fa,bf00385a5f7fc1ef39a13c2e9ee50a5f,sudeste,sao paulo,SP,2026-07-04,,True
51993b1e-aa90-40c0-9d23-0725e40e1d95,391bbd13b6452244774beff1824006ed,sudeste,campinas,SP,2026-07-04,,True
2ef2e691-fdf5-4e76-8ff7-0b58fc46570a,c714262700f93defc16bf17a51a4cb23,sudeste,sao paulo,SP,2026-07-04,,True
c4f34682-6a48-4064-9e21-ede7a0e0a1ba,bcd2d7510d58e293f20fad6438c1b314,sul,curitiba,PR,2026-07-04,,True
de05e9dd-9ef7-49d7-9149-6e9bfcdd8749,ec4608a1f76453166bb312b2968aeaf4,sudeste,porto ferreira,SP,2026-07-04,,True
affa6d7f-f364-46f6-b6db-80b75c21494f,5c603ffb38cbbf25a0e0698941324143,sudeste,varginha,MG,2026-07-04,,True
bdb24c90-3312-4da1-a4a1-3e1bfb4c1bae,2bd05d410a8fd26dc4184a15f4f2f588,sudeste,belo horizonte,MG,2026-07-04,,True
2e4b92b9-b566-472c-b070-721bb664ed8d,4dab98ca6cd6d3df586203cefd28a042,sul,porto alegre,RS,2026-07-04,,True
70a1005f-f590-4bf6-b30c-59f878c8f961,293dee954235e4e4e43f129313625ebe,centro_oeste,brasilia,DF,2026-07-04,,True
022c637f-5638-4922-987b-624872055751,cd68562d3f44870c08922d380acae552,sudeste,ribeirao preto,SP,2026-07-04,,True
839e2c0a-5c37-4f9a-98f2-7ca066e62678,082e0bf4cb865a6533b1e8e498cc0255,sudeste,botucatu,SP,2026-07-04,,True
d856cf2c-3007-4568-820b-00e2997d58f1,c286ec035ee04ba81c97508f0b5df544,sul,curitiba,PR,2026-07-04,,True
714b6249-a84c-42b8-8103-7e1adc7b4999,dd8a29ce82d5c705ba932d81494600a5,sudeste,sao paulo,SP,2026-07-04,,True
40e2a061-2169-485c-9d3b-92a5c2e1db82,41da412d33e8da4f22baf55cb1bde82c,sudeste,domingos martins,ES,2026-07-04,,True
6f0e0e15-c032-472c-99a2-a576818c96a9,782f78b632a43875dd5b53e3e49c9564,sudeste,campinas,SP,2026-07-04,,True
c0af6283-74ab-4050-a291-3e74f99e3749,28405831a29823802aa22c084cfd0649,sudeste,sao paulo,SP,2026-07-04,,True
9c121a98-24a9-46b8-a874-dc74dd39b1c8,fe19dce63ae80346207c6c55713d1023,sudeste,uberaba,MG,2026-07-04,,True
a6c1b825-52c6-4bfe-9d4e-b114538abd35,a67780aba9dd436e7ac0aa1f889e73ec,sudeste,presidente prudente,SP,2026-07-04,,True
617a5f05-5f68-4f23-b4e1-3c45a4b9d67a,d594982fd877af63ace38ea1fca27c76,sudeste,sao paulo,SP,2026-07-04,,True
ab527e55-9d34-4b99-868c-e3d6b2fc1045,dda37071807e404c5bb2a1590c66326f,sudeste,sao paulo,SP,2026-07-04,,True
3ee68fc3-8cee-48e6-9993-85646eb92285,5bc55dbe2f12b6af6d83ed46023e0dc8,sudeste,coronel fabriciano,MG,2026-07-04,,True
adba52bb-4c26-4744-82f0-db4248762067,b1b3948701c5c72445495bd161b83a4c,sudeste,sao paulo,SP,2026-07-04,,True
6bac4f4f-8539-4361-9219-cd33d9bebda4,4e92348462c75b6c842b994ce84a0ed4,sul,cachoeirinha,RS,2026-07-04,,True
9a232df2-e492-4fa9-8154-b61dee327764,6e13dd869aa7185f601c941423abcc8f,sudeste,sao paulo,SP,2026-07-04,,True
9d65e74d-b935-4ff6-b198-7b4892a79e5b,723cd880edaacdb998898b67c8f9da30,sudeste,ibitinga,SP,2026-07-04,,True
f1fed059-bbd8-4d7d-a645-013360d789c2,00ee68308b45bc5e2660cd833c3f81cc,sudeste,sao paulo,SP,2026-07-04,,True
3d21445e-a8fb-4e16-ade2-529f4c75670a,1fbe10c70e30765ed1de86d9f7e98409,sudeste,maua,SP,2026-07-04,,True
ec9910c1-37ae-4b20-ad9f-6a3254124be9,001e6ad469a905060d959994f1b41e4f,sudeste,sao goncalo,RJ,2026-07-04,,True
469db43d-15dd-4d8b-9ba7-c5a0012530cf,685b870da5b52a710782c9c0fefbeb5b,sudeste,sao bernardo do campo,SP,2026-07-04,,True
91c33808-0a95-4da7-8659-5d779354fd98,701938c450705b8ae65fc923b70f35c7,sudeste,s jose do rio preto,SP,2026-07-04,,True
eb913c07-88ac-4129-9e18-dabf58ffbf5c,f3862c2188522d89860c38a3ea8b550d,sudeste,ribeirao preto,SP,2026-07-04,,True
a9a8e267-0692-4713-a698-a397f634d668,f5f1f2c5f923f36ad79ea1d07185ddc9,sudeste,taruma,SP,2026-07-04,,True
1a71f1a2-704e-41b6-8bc0-aacab12f2d9e,cf8ab1616079e2793aa29d524df01bb1,sudeste,sao paulo,SP,2026-07-04,,True
5b7c6338-80a4-4a03-99af-a79db99a650a,160851d3ece7aa1a510f8d1a4bb8a8af,sudeste,garca,SP,2026-07-04,,True
bf2e08a3-3ee1-4395-adb2-1578e6e7db94,61c36f0fc4a47f9532e5512b66668e62,sudeste,guarulhos,SP,2026-07-04,,True
200654ee-c0ca-471a-982b-130ba81bf138,59b22a78efb79a4797979612b885db36,sudeste,uberlandia,MG,2026-07-04,,True
fe405e97-5252-472d-b829-ecd4305ac1c0,553a440137d6e0cf776aee0bb83ac9f5,sudeste,limeira,SP,2026-07-04,,True
0dfbadaf-fdfe-4396-b937-7a19360a0fbb,ea8482cd71df3c1969d7b9473ff13abc,sudeste,sao paulo,SP,2026-07-04,,True
d92c6622-f799-4746-8de9-f80e4e6e7459,72bc2cce903c872fe376a8faaa81d237,sudeste,sao paulo,SP,2026-07-04,,True
57cdc79b-6b39-41b8-9d2b-ac35e7fdf901,65c255b299faf2d12050937cc219c46c,sudeste,sao paulo,SP,2026-07-04,,True
514a7a5e-3e7b-4ce4-a6aa-f808ea24195e,f09e26011d833ddab11593c1a097a92a,sudeste,pirassununga,SP,2026-07-04,,True
24fac7b8-da32-46a7-be47-79fcd05e5652,72c73be2b085b9d57650dd53eb2004c9,sudeste,sao paulo,SP,2026-07-04,,True
a6432ef4-3ab0-4471-8189-04ec9d7c88dc,c2bda99904207edd1834f03e0022b007,sudeste,sao paulo,SP,2026-07-04,,True
ddb14f8e-19f1-4fd3-ad02-7f2e54ee98d2,3d4824f20035949c710eaf111f869d39,sudeste,sorocaba,SP,2026-07-04,,True
3316c043-099e-4b47-8a65-d5f0ec321683,042573af89b6d931f672efaf789d8358,sudeste,sorocaba,SP,2026-07-04,,True
9b29ffd2-84e6-4a82-a66a-1792699df1e8,5b925e1d006e9476d738aa200751b73b,sudeste,sao paulo,SP,2026-07-04,,True
d89655c3-943f-4a19-b77a-9f685e6e0578,06bb3a2fe5e7b7a845b13e8fb91bd944,sudeste,belo horizonte,MG,2026-07-04,,True
c1159748-e7f9-43d6-8a2e-e9925f06c370,5f5a58930c3c35f3b5af264f34fb8c85,sudeste,ribeirao preto,SP,2026-07-04,,True
7bb7b55b-ddf7-47bb-be6c-a2bf46481075,fe2032dab1a61af8794248c8196565c9,sudeste,campinas,SP,2026-07-04,,True
e40a3221-7b02-4f13-a5ad-ddecc12c6c40,3092c0b297aacfb4bb6e056ebe13b9b8,sudeste,aruja,SP,2026-07-04,,True
cb7800fa-3de4-45ce-abb5-15f8cac0eebb,c004e5ea15737026cecaee0447e00b75,sudeste,sao paulo,SP,2026-07-04,,True
b10e9a5f-82c2-4264-b169-884fd71b2de3,8629a7efec1aab257e58cda559f03ba7,centro_oeste,goiania,GO,2026-07-04,,True
56cc55c9-6c5e-4126-9a3e-15d1f4d56005,1c56ffe0e9dea2657fc6e95b53f40b13,sudeste,sao carlos,SP,2026-07-04,,True
9f77ca50-36f5-4798-bc89-a2a5f725a24a,74a9b9bddf14ece02beb81f52c41a88d,sudeste,sao paulo,SP,2026-07-04,,True
d41e6c8a-32ff-425c-9873-10fa76ffebe4,1cbd32d00d01bb8087a5eb088612fd9c,sudeste,sp / sp,SP,2026-07-04,,True
0bc7c49a-4629-46e6-8ec9-6b84141c7969,850857dfac77488c307e2b1cbd84ab5a,sul,cascavel,PR,2026-07-04,,True
9e46deb9-aca3-4425-a58a-d176d47ff601,e0a366315b1b726b6c7832d664c0f530,sudeste,sao paulo,SP,2026-07-04,,True
62e6de4b-6a87-4562-8589-6df0aa9630c3,4049512728d969bec69f84088b012416,sudeste,belo horizonte,MG,2026-07-04,,True
dad35d09-3066-479c-b310-a2832ab00941,120476eb7a04c149d14772edaf5d9bf2,sudeste,angra dos reis,RJ,2026-07-04,,True
b97ba024-f36b-462f-972b-f2a751f68695,cd6efc47efaabf134f8bdb654e10b4f1,sudeste,rio de janeiro,RJ,2026-07-04,,True
06896eba-fa1e-4113-a3e4-1cd88d851c9f,2a7c6c0b0d5efde2bf75ec1e1cec2d41,sul,maringa,PR,2026-07-04,,True
3ec6893a-5b6d-41f4-89fb-1394acb01717,4e17c65a516f69d023a2ae78b84f28d6,sudeste,suzano,SP,2026-07-04,,True
0e7f4437-a22a-48c1-bde8-086034463d27,a8739afb32aaa45e01815ca76f76f54b,sudeste,sao bernardo do campo,SP,2026-07-04,,True
d1b7497b-3bff-4b48-beb4-f7af9d5d1700,d4828feed4cda2cd9d6b37899a95a71e,nordeste,juzeiro do norte,CE,2026-07-04,,True
2ba48c12-b008-46f1-926c-9029e7a29fb6,e3d3b3efac954a60d61be70b7e05b49b,sudeste,sao paulo,SP,2026-07-04,,True
72c3fc32-c0ba-4edc-9802-88d02cc39e94,d558ebe531605a1285ab2b1bc3256dfb,sudeste,divinopolis,MG,2026-07-04,,True
c2cc4c3a-4342-4174-a630-c113a78267ff,c7a0a13cbcf29d5ce51c8f80afdc0b89,sul,laurentino,SC,2026-07-04,,True
4584f426-90b9-4992-b2a7-c7968e701580,33ac3e28642ab8bda860a2f693000e78,sudeste,cotia,SP,2026-07-04,,True
2b92b17f-1802-4502-857e-f90b4f2385e2,8936ba0de1073ee888cb3185ae5dc661,sudeste,sao paulo,SP,2026-07-04,,True
b2edfe59-4209-45e5-b3a9-3c08390fb89c,18a349e75d307f4b4cc646a691ed4216,sudeste,sao paulo,SP,2026-07-04,,True
30f63570-ed01-4bde-ab29-71e89d4cde6e,a72c2f59332659e361d647515c698798,sul,flores da cunha,RS,2026-07-04,,True
a690144c-5f71-4d04-8f61-bba3928f1dec,b55638ad525e906c698fa2ce742c1742,sul,imbituba,SC,2026-07-04,,True
0fe3eee1-44ab-4324-a748-0c3d6032015e,be9a160a9011f627c3e121d076c1ec7b,sul,jaragua do sul,SC,2026-07-04,,True
bce57eca-aaf2-4bdb-9145-dd7b22475152,ed859002ad59dbf8cf3602696a6c3000,sul,londrina,PR,2026-07-04,,True
b77c723a-7197-4013-b171-e90c70041639,12b9676b00f60f3b700e83af21824c0e,sul,montenegro,RS,2026-07-04,,True
a72b6fa0-304c-48c8-8374-a2dd75c9bb32,ef2fbc2b607d8492bcffe657a4645434,sudeste,rio de janeiro,RJ,2026-07-04,,True
33f22a1b-22a2-455d-b0dc-826204e48c4b,a080fc8a850289b27500f6b49cca2553,sudeste,sao paulo,SP,2026-07-04,,True
b46eafc0-c88a-44c1-b067-1fce61999e8f,9c57bc60cfad5ee62d35d3f1ce4593a1,sul,curitiba,PR,2026-07-04,,True
784bfa30-e8b8-4312-ba99-34cf946fc62b,9539213aa8e023c01937bef95dc006da,sudeste,sao paulo,SP,2026-07-04,,True
a9a08961-4158-45d6-b40b-e6fc9f497f99,69a43819c758c65a5befb0b471c954d7,sul,apucarana,PR,2026-07-04,,True
4c32bf00-f586-4dab-9ea9-34569ad4b725,8fdca8e349553f99bc738833a62c8802,sudeste,sao paulo,SP,2026-07-04,,True
f0d1b9eb-2eba-47cc-91f5-bde957aff405,0bb27263628258b8111a0262769fa9db,sudeste,sao paulo,SP,2026-07-04,,True
8f4c5a65-5f78-4e26-90c7-6c592b8a4d9a,08061dc0fc165ed41288cc7acde738ee,sudeste,osasco,SP,2026-07-04,,True
00c59d5a-a3af-4701-aaaf-43d9a21007af,4ebdc7e6cd6102a022dadc49156d4ea8,sudeste,sao paulo,SP,2026-07-04,,True
7d9d4f36-e6ce-41d6-bb90-b028555f0b0f,f918546be4bec7104d117789ba758b2b,sudeste,sao paulo,SP,2026-07-04,,True
505b48c3-b4f2-48a9-9693-82f149d841bb,eb4a59a06b3948e851a7d7a830bcbc42,nordeste,salvador,BA,2026-07-04,,True
41fba04e-e2ee-4a72-99b3-9c90e0ecc2c5,80146bc52c4f6af5239b23de2a20262b,sudeste,taboao da serra,SP,2026-07-04,,True
11a94511-7eef-40a5-946f-5d61d77354e3,4091f77d8c768fc3e81c20761471761d,sudeste,sao paulo,SP,2026-07-04,,True
50b997fc-165a-41b8-b7e5-069cda84a4c5,0dfbed20065e425d2eaefb101f9816c0,sudeste,porto ferreira,SP,2026-07-04,,True
6dcaf392-4766-40af-9534-38a4767f569b,26bad72add1f86e08a776ce4ffdaf1ca,sudeste,pedregulho,SP,2026-07-04,,True
b6b9858d-4b13-4986-a0bc-3f5dbca679c8,e174dc2de86d60fee178170a154c05e7,sudeste,santo andre,SP,2026-07-04,,True
9eeff296-ad23-4e85-915d-613bad4934da,612170e34b97004b3ba37eae81836b4c,sul,novo hamburgo,RS,2026-07-04,,True
8f9094a9-9bc4-4b7b-9a7d-9b09a60bf2fa,2a84855fd20af891be03bc5924d2b453,sudeste,belo horizonte,MG,2026-07-04,,True
e61c7e5f-cf93-4243-a0fa-3fbb2dbc9c0e,cf2384dd2f1dddea3f838efed0945e65,sudeste,serra negra,SP,2026-07-04,,True
dff2278c-eba3-48fd-b660-832f948047fd,377bc18334c78dd2f1535ef22a3ad225,sul,sao jose dos pinhais,PR,2026-07-04,,True
4fd201ae-6360-4821-afdb-4842ada58d3d,439a47cc365d6e3bd526812ea9de3c29,sudeste,mogi das cruzes,SP,2026-07-04,,True
1c8c9e39-42d2-40a9-a1f2-6635867bc8f5,6ba4733aa33f6386e9fb0c0fd3993b38,sul,torres,RS,2026-07-04,,True
ce6a0032-6e4b-4dbd-aa39-4912561748ea,4b39558c138930b9e5489c93b6df5fe3,nordeste,aracaju,SE,2026-07-04,,True
c3ef0577-1ea9-4214-bf64-14e7a99c0aed,4b9750c8ad28220fe6702d4ecb7c898f,sudeste,limeira,SP,2026-07-04,,True
cda48e82-fb68-4d77-bbb4-a4adaf09395f,278b6e0b20c4f61fefaa0577943d7a35,sul,itajai,SC,2026-07-04,,True
1d6b51f8-e0d4-4d43-b3b8-149a157e367a,ba8e85df286308fe68a2ce83a8f8b2d6,sul,santa catarina,SC,2026-07-04,,True
c7930634-b3e2-4c74-96b5-8ed6f5b6f9a3,2059c39f76271d4ca3f15b5ffaccc8b8,sul,curitiba,PR,2026-07-04,,True
4cbe0224-bacf-4f8a-9f30-a5052095ef86,5a05a16bb50629ee31afab8a6d4c2674,sul,caxias do sul,RS,2026-07-04,,True
81a703a3-a05b-4fd1-9024-f1bf05ba9457,edb65fe661681b1c0de8bd47c8655855,sudeste,sao paulo,SP,2026-07-04,,True
3d3a0cca-be2c-4d82-873c-933cf84e862e,8cbac7e12637ed9cffa18c7875207478,sul,jaragua do sul,SC,2026-07-04,,True
afc09faa-9c6f-42c4-9a1b-a36f854951f5,fdb9095204a334cd8872252ffec6f2db,sudeste,sao paulo,SP,2026-07-04,,True
eb6de88c-68d2-4485-bcb2-cd2388935757,0cab2da43793a6f3c5ed8514c5f54627,sul,curitiba,PR,2026-07-04,,True
cc51f403-5000-47c9-8b69-2d79afbd847e,5b97c06a046398e7005b2b7c0d707a92,sudeste,joao pinheiro,MG,2026-07-04,,True
7fee33a6-ae43-4e92-890d-f5d89c1cd1ac,aae3bfea055532c57fb453ed3ec80b30,sudeste,santo andre,SP,2026-07-04,,True
a0ed745c-cdf1-4d9f-b39b-33ef3237f29b,866558b3bccef2dbc6d29a2b5995016f,sul,arapongas,PR,2026-07-04,,True
91cd71d3-85a1-430e-8f3e-d841203aabe9,cb5df0dcb9e280b1780e9d589889f2c7,sudeste,bady bassitt,SP,2026-07-04,,True
6ecbf8c1-3ea8-49db-9164-9143eabafe18,9bcdfa7b615b3abb9461d9e3ad9886ae,sul,blumenau,SC,2026-07-04,,True
98c46a98-d80a-456a-bd7e-17701a8aff18,271c58a1d139c45eaf3316107c6d3a3b,sudeste,sao paulo,SP,2026-07-04,,True
b897dbd8-f417-456f-a815-16712e509400,2dee2ce60de9709b1a24083217181a1f,centro_oeste,sinop,MT,2026-07-04,,True
53ef5c4a-01d8-47cd-9da4-22866a9d8387,a154d7316f158bb42e6fa18bbe3afd3a,sudeste,sao paulo,SP,2026-07-04,,True
058315c1-d89f-4bb1-9ba8-ad147ade60bc,f84fa566034f5e8e880a07ec624c56af,sudeste,indaiatuba,SP,2026-07-04,,True
b7518fdb-18ad-4d9f-9afc-2c46bd6610c7,4c1c7281388a33dd06daac44f9fadbd1,sudeste,marilia,SP,2026-07-04,,True
dfa30925-7e02-4ec4-a9c1-abc896bbc608,2063dd1b9f568df1c16741ea7d3e6adb,sul,guarapuava,PR,2026-07-04,,True
ff44db71-d223-4a5a-8c7c-c541310cddb0,9cea4682e16655f7da87f406902e989e,sul,araucaria,PR,2026-07-04,,True
dedbcc27-d64a-4818-9b42-8db6b6468597,b1ac6ea7895bc3dd6f0f6f4abbdd2821,sul,canoas,RS,2026-07-04,,True
0caa6564-f34b-4022-8bb2-35873b71c258,851773c885feb5e2da3b4f82bc2b17ce,sudeste,lencois paulista,SP,2026-07-04,,True
b043822d-3144-401a-b7be-d4fca5972e09,0ff83046c3fa22efee8ecf291888b191,sul,caxias do sul,RS,2026-07-04,,True
797eda30-f060-42b9-a5b9-326d608fa8e7,2b2fed75b8e5ea3a052fc4c0825da485,sudeste,juiz de fora,MG,2026-07-04,,True
89e5ab2c-583b-4d4c-be57-c76e85c3ca0f,9f50216bfd01913736a55a11b55ea842,sudeste,taubate,SP,2026-07-04,,True
4c3e7895-2e06-41a6-aad6-1388aca4362f,2d518637f53161b973e01f56ea4bb88e,sudeste,sao paulo,SP,2026-07-04,,True
5bd8e286-f30e-4a85-9eb8-c9f0b42588f6,aafe36600ce604f205b86b5084d3d767,sul,sao jose,SC,2026-07-04,,True
efa0fb61-bf7c-458c-9e1d-89baaf75cc2c,efff9341f3f8f5237b44ff67ed36a7bf,sudeste,vitoria,ES,2026-07-04,,True
ce214b5a-530f-44fd-a6fc-10af8f51fffb,a7d0f8dd44f57ef6de7f7f02e3d82630,sudeste,sao paulo,SP,2026-07-04,,True
b63577da-7bba-4187-bcbe-1ced97713d8c,5b07547f10dd980738a1a27f685af669,sudeste,guarulhos,SP,2026-07-04,,True
e1bcf401-d213-4b9f-9698-7e7ab1f134ef,a99504ac23ed125aaf5302af6cc30af9,sudeste,batatais,SP,2026-07-04,,True
3e8a76e5-9e35-4bae-b127-b155a70a3d2e,5882820ef11c4c068eea0677a7a879b4,sul,caxias do sul,RS,2026-07-04,,True
82da23e4-5651-4cf4-ab11-1b024ffdd322,7357b52d27cbaa90f81a96cbc1279396,sudeste,lagoa santa,MG,2026-07-04,,True
355ebe52-7a39-4db8-98a5-32bd025b02bf,180c3376aff0e43dd5788709df48a843,sudeste,sao paulo,SP,2026-07-04,,True
e92dcc8c-0d60-4d42-90f7-0a6d07ae7360,b4b447d715f9ab302a188fb43d3e96b3,sudeste,sao paulo,SP,2026-07-04,,True
cfdd3f22-809e-447a-ae90-f87bfcb279f4,5e25c632f9db6cfb8bc100421c2737b6,sul,chapeco,SC,2026-07-04,,True
6cc551a7-a98a-4122-8623-891431a2eb3b,f4c4daa86e30c7e5a553a8d518ac03a5,sul,cascavel,PR,2026-07-04,,True
46725b07-f57a-479e-af2c-7f9f2b604d74,398cb257329ef7af7f1943a8974a3cbc,nordeste,salvador,BA,2026-07-04,,True
7621d6ba-cdcc-4d80-969f-6ffb14323dca,4003520d80d0bad1d5623f7aa3c63cda,sudeste,rio de janeiro,RJ,2026-07-04,,True
f7f431e5-ac19-4c58-ad3a-a12c0e13784b,3289d8c3eef4873f91ce0b1343c0dd58,sudeste,praia grande,SP,2026-07-04,,True
201af895-b5c3-48da-acf2-f781359c2e16,b0f2a6122a90a93eb03e68653dd960e3,sul,curitiba,PR,2026-07-04,,True
d3085eac-cb26-42a1-bf06-e6d9caccd7b5,6c1b6d0c604b776f844125f911eb7377,sudeste,sao paulo,SP,2026-07-04,,True
93cd3774-f478-400c-ab2a-fa663731df8d,c4af86330efa7a2620772227d2d670c9,sudeste,mogi das cruzes,SP,2026-07-04,,True
a34649ce-677b-42f0-bd99-9c59b932ad9f,a888faf2d1baececa6baf9c3d603ee1f,sul,umuarama,PR,2026-07-04,,True
64843b8b-2252-495c-9305-61cfb9d6a8be,681fce914360217db47784ae28905a96,sul,araucaria,PR,2026-07-04,,True
4383a49d-b3b0-47fa-a01a-9afa7f50df8e,31be790e64fc99f8ff48ec2bd18a3104,sudeste,sao bernardo do campo,SP,2026-07-04,,True
cb36acaf-8396-4048-b39d-892a6ad494df,7b3447b497e55af8c15fc7bd89d7b81a,sudeste,sao paulo,SP,2026-07-04,,True
e7cc1d11-99b4-4108-ac1d-0a61a75f175d,e560e4022d8f7aebf155db95946c5c0f,sudeste,belo horizonte,MG,2026-07-04,,True
5bf2f661-0b03-45ec-bb15-dc817b07d407,2f9b7ce230a057a98a9f5df5893ee36c,sudeste,barueri,SP,2026-07-04,,True
19746a8c-a409-48a5-b648-d387bb97bb8f,41b39e28db005d9731d9d485a83b4c38,sudeste,santo andre,SP,2026-07-04,,True
14785639-b95b-49cb-9bb1-7db585ad4458,809413606dbfe5deefd2db646693ef67,sudeste,sao paulo,SP,2026-07-04,,True
60da6a95-2514-4e3d-b175-403d7ca29f0e,609e1a9a6c2539919b8205cf7c4e6ff0,sul,brusque,SC,2026-07-04,,True
a9d9cba8-3970-46eb-af8e-1bf5dba6bbc3,c3e2398fcc7e581cda2e546557bf6968,sudeste,sao paulo,SP,2026-07-04,,True
da18849d-5fdb-41b4-9038-31a2f5893b6b,740205fedfe4e90ca6857bc77db0f2b4,sudeste,caxias do sul,SP,2026-07-04,,True
f2743038-0bf4-4813-9415-27c2d14e2925,c79151301b9d90985d1fa52879213105,sul,maringa,PR,2026-07-04,,True
3fc773c2-0fc9-4a33-8ec8-28a044b06362,3e46a38ee171c503c3b4a3f23fe3bf0c,sudeste,sorocaba,SP,2026-07-04,,True
80c6f06b-ca16-4442-9a08-4a13926beb5e,3d4b1ae7539303b5704493798893e82c,sudeste,sao paulo,SP,2026-07-04,,True
286ec633-99b1-4dc8-af05-e8f8d0a81954,bdf0d02d36a1d839d0c39c4a887cdd49,sudeste,birigui,SP,2026-07-04,,True
713e2854-c3b6-4303-9e60-fc41545147b1,65a7c0788e4d632ccb5e1b594b87f0bb,sudeste,sao paulo,SP,2026-07-04,,True
fa6150aa-eb59-4f67-a615-89e0cae216b7,d7f1cfc638473be93baedbfd02208016,sudeste,belford roxo,RJ,2026-07-04,,True
f91660f2-322a-4a00-9971-e6453764169c,001cca7ae9ae17fb1caed9dfb1094831,sudeste,cariacica,ES,2026-07-04,,True
a32cf0ef-78a7-4990-9c08-c83a753dc38a,7f35f9daf223da737b78738fbae4d977,sudeste,valinhos,SP,2026-07-04,,True
cf193b7a-6ce9-4628-9017-aa01f030c52d,2eb70248d66e0e3ef83659f71b244378,sudeste,campinas,SP,2026-07-04,,True
741eb6e4-a2d1-47ae-9447-70aff0de340e,6061155addc1e54b4cfb51c1c2a32ad8,sudeste,campinas,SP,2026-07-04,,True
379b8a33-a7f0-4760-9c72-91a8da8d64ed,8b87cd0d43d49b9bdf40f56229364d59,sudeste,sao paulo,SP,2026-07-04,,True
d9315316-a13d-4741-b290-6698654b680e,52a50b42accf164f9f019941e5759d9b,sudeste,monte alegre do sul,SP,2026-07-04,,True
e39e7747-8a14-4a34-a20c-f0e12785192a,c6bda72e4dbf5c5866b13cb1810c6d03,sudeste,sao paulo,SP,2026-07-04,,True
f949ce4e-bf8c-4680-8679-6860035a73d2,270572bb714b00531be85e16e1550f26,sudeste,maua,SP,2026-07-04,,True
8eaa94bc-1f81-4395-82fa-601eda88d8f2,16bdc8cefd0e32a6f0824d296c5ad14a,sudeste,sp,SP,2026-07-04,,True
ea28c511-a40b-4035-8750-65ee5c14898f,4a82c4af97ffc0fb2dc26bfdc03b1842,sudeste,lagoa da prata,MG,2026-07-04,,True
3dfb435b-08bd-49d1-91f8-8785b63413f9,3985a3c45be355a4c57fde108bfabd1c,sul,rolante,RS,2026-07-04,,True
e2bd2dba-a782-4b2c-93dc-25e28c2f850e,07e8e8fc5222bb358e6f259da3197074,sudeste,sao paulo,SP,2026-07-04,,True
e7c5a4de-526c-44ef-8347-4fede1c87c49,cd06602b43d8800bd0afad514919d35c,sudeste,sao paulo,SP,2026-07-04,,True
9f882573-bb51-439f-b8bd-9a339c399ef1,8f0fbe2cd4d472157dc1cdef6edecaa9,sudeste,sao paulo,SP,2026-07-04,,True
1456dcef-5de7-4d32-aa81-beb7ab474d5f,f44b6f775a2b390380e0e30b5c9d3eee,sudeste,sao paulo,SP,2026-07-04,,True
eadfb189-ece7-47ac-92ea-9b4fc27b928e,365e4bce19bda0082c3d15d83fdb8bcd,sudeste,sao caetano do sul,SP,2026-07-04,,True
fc6c1538-9125-43f4-b173-e0e378004f14,2e0dba2da448400b1c11d7b4b22f32a4,sudeste,santo andre,SP,2026-07-04,,True
b29cd2b0-e848-4974-8eae-de8184cb4534,e882b2a25a10b9c057cc49695f222c19,sudeste,teresopolis,RJ,2026-07-04,,True
43d07e90-c360-48e0-b8ab-7c3f747231b1,734def04b237117a09321dd6d8f3f2a2,sudeste,araras,SP,2026-07-04,,True
e928b4a2-de75-4a90-a085-e3344e0fe66f,28c7d8743fbc8679f484868cc0fcaefb,sudeste,itaporanga,SP,2026-07-04,,True
b84f9bd9-be5d-4a9a-bb05-0fb79303a1d0,9baf5cb77970f539089d09a38bcec5c3,sudeste,indaiatuba,SP,2026-07-04,,True
4c50a1b1-da1e-4bb6-b9e1-699f5578ceef,e3dd723429d1b23614b7fa85e2c7a853,sudeste,sao bernardo do campo,SP,2026-07-04,,True
feb6fd66-2ce8-4216-acdd-06d884020aa4,f4a04f7be452aa3bb31760bf00055dd0,sudeste,santo andre,SP,2026-07-04,,True
7072702d-ee45-4ddc-831b-43b13250278a,dbc22125167c298ef99da25668e1011f,sudeste,borda da mata,MG,2026-07-04,,True
699ca649-6eb4-493b-ad54-edd474ba5b0c,bc302730ea8cf49b5c74f579febb5bbf,sudeste,campinas,SP,2026-07-04,,True
6064b19f-b743-4919-a559-d64fd5593c84,e64ddbe1cbcf4f2fc3092b7c481f3f9d,sudeste,sao paulo,SP,2026-07-04,,True
404c9669-88e3-4641-86c0-30f45bb07bf9,56e361f411e38dcef17cdc2a3d99628b,sudeste,guarulhos,SP,2026-07-04,,True
0a9547f1-b435-4d03-9118-b7f385e8dadd,048c2757535328e0d7dac690ad3c0aae,sudeste,franca,SP,2026-07-04,,True
5fd10aaf-2370-4d97-b813-1ecd3f01cdc8,bdb3edbaee43a761e2d4f258dc08f348,sudeste,lencois paulista,SP,2026-07-04,,True
7fd274e4-3ff6-451e-bc00-aac8c8631015,b127efdabeffb5d559349c7b172eb75d,sudeste,sao paulo,SP,2026-07-04,,True
2e9c6221-c054-4d1d-b98a-743721894eab,951e8cef368f09bb3f3d03c00ca4702c,sudeste,ibitinga,SP,2026-07-04,,True
0990e3df-a781-401e-b857-1716d057c2ab,33d677f27a69b84051204ee4ae76eaca,sul,joinville,SC,2026-07-04,,True
dfd8951e-9713-4680-84cd-d1741c982bea,b88e7c57cb2d8b973b7dd4a2bfa14b36,sul,curitiba,PR,2026-07-04,,True
7b15ff7a-4487-4143-bf30-4d4f7d11e5f1,1967a9e2ad6f51802b093147d861df58,sudeste,sao paulo,SP,2026-07-04,,True
1d7daee2-1844-4129-b41f-16229c4465ac,9da15f4a4ea758d9eeb49000dbe57e22,sudeste,osasco,SP,2026-07-04,,True
0b41ac5e-e536-44bf-8136-63f80d934277,d91fb3b7d041e83b64a00a3edfb37e4f,sudeste,praia grande,SP,2026-07-04,,True
9f97e44f-c43f-40d6-ad63-6fe49584f3b7,749e7cdabbaf72f16677859e27874ba5,sudeste,guarulhos,SP,2026-07-04,,True
e1706405-331a-4005-b56e-e18e6f0191a1,3d5d0dc7073a299e31fa718ce1bc00b6,sudeste,rio de janeiro,RJ,2026-07-04,,True
7bd8937e-1846-4a63-ba3a-912cd0972306,688756f717c462a206ad854c5027a64a,sudeste,guarulhos,SP,2026-07-04,,True
12d3fbbd-90bd-4ea7-8879-f850cb49288e,56a8b450e802502ba53a9885ee38e29f,sudeste,sao bernardo do campo,SP,2026-07-04,,True
3ba628bd-c65f-4301-ab63-56264f7080c3,9b00ed88b7fdb95d6ff76e27c1b52d16,sudeste,sao paulo,SP,2026-07-04,,True
9a9db2e6-6abc-4e46-bf8a-3d3c36927adf,4be6b962d83299498bae2190f95d6566,sudeste,sao carlos,SP,2026-07-04,,True
f93bf371-7b54-4411-a284-846fb867390c,c13fb473e7cb8b83ccd543c094df0608,sudeste,sao paulo,SP,2026-07-04,,True
4cffd801-92d2-4317-ae6f-e1b2d126fd80,17998cf586426bf0f2c3726cb0a4b211,sudeste,belo horizonte,MG,2026-07-04,,True
c4c5ae57-d5c4-4da3-9e2d-470569c8eefa,c88f62b4c386a59281014d677864d016,sul,arapongas,PR,2026-07-04,,True
a575a059-f646-452d-aff3-0b84f49a3111,c864036feaab8c1659f65ea4faebe1da,sul,campo largo,PR,2026-07-04,,True
a0ad0256-ccee-4ec4-b3ef-5895cc82e6cb,8d899e15a5925f097cca50faa49b15e3,sudeste,sao roque,SP,2026-07-04,,True
9aba4687-6a9c-4149-81a9-d7dc39cca464,79565f7d5603b24ddf07ade262547f2f,sudeste,araraquara,SP,2026-07-04,,True
9e474ebf-aea7-4bff-a5b8-9ad31b562d4b,ba143b05f0110f0dc71ad71b4466ce92,sudeste,sao paulo,SP,2026-07-04,,True
23b32e72-91f9-419c-bb9d-4ac972ec95d5,4e0d109ccfba9a1151c103049880c857,sudeste,sao joao de meriti,RJ,2026-07-04,,True
14e1ad87-2ce3-469b-868f-0134bf88d99b,89dda63a3c907c468ec88c310ed91213,sudeste,maua/sao paulo,SP,2026-07-04,,True
08a09696-6e80-4b94-b58b-97284206d03b,c522be04e020c1e7b79f3acff36513d5,sudeste,santana de parnaiba,SP,2026-07-04,,True
171bb7d7-6623-4847-9843-f7760585e978,5f5b43b2bffa8656e4bc6efeb13cc649,sudeste,sao paulo,SP,2026-07-04,,True
35c0302a-e2f0-4ee3-9fc0-9d64944a4576,87f3e35268860433e13d577825aada95,sudeste,bom jesus dos perdoes,SP,2026-07-04,,True
662553be-3f17-40cd-863b-c1d102602045,c5e60e39c0f42b8e827daa13cff74afa,sudeste,sao paulo,SP,2026-07-04,,True
57f6eeab-d3ac-4a5f-8efa-febc7e26c064,bca9230d3bbb4efa51872bf605a2f1ad,sudeste,sao paulo,SP,2026-07-04,,True
be83d3e1-a64f-4ee1-b716-ae2d39f904b7,4bc3d93e4a5f88a598d3d8ce4ae510b3,sudeste,sao paulo,SP,2026-07-04,,True
a8cb4042-01c8-41ad-98fe-c56475bdf870,6e864f5c4669eff3d98140a07cc50202,sudeste,sao paulo,SP,2026-07-04,,True
5a1bc0e3-ba79-436b-bb6c-db41bd44de15,7bcd7c5f8631701474db233ccf1c094b,sudeste,sao paulo,SP,2026-07-04,,True
f3c245b5-fd95-4b26-a7a3-dd19e5ee1e25,8b2d4ab22f42c5cfc338b846decfda60,sul,fazenda rio grande,PR,2026-07-04,,True
2c43ea0a-da84-4f04-8f36-90c477a3cf60,d9bd94811c3338dceb4181f3dbc0c73e,sudeste,sao paulo,SP,2026-07-04,,True
1fb7dd51-d001-48a4-b8d1-291602e4210c,e70053bf73d1b5863932e53a9fa47496,sudeste,sao paulo,SP,2026-07-04,,True
407a1f56-4940-4f1b-83d9-0b79017104e5,dbd66278cbfe1aa1000f90a217ca4695,sudeste,sao paulo,SP,2026-07-04,,True
34daff64-980f-4f6f-9875-d0dac270a94b,e7d5b006eb624f13074497221eb37807,sudeste,santo andre,SP,2026-07-04,,True
9d50116c-be80-4a39-95e8-9ed3b837dcb9,6c9875b2f94ba781186f0c1aed8d1687,sudeste,brotas,SP,2026-07-04,,True
79073b90-1ae0-4b77-8a26-77284d5fa49e,d63f306de130e0391d38a792541723b8,sudeste,sao paulo,SP,2026-07-04,,True
d88d3f0c-9f98-4edd-b53a-f57e42e22377,2f74af7a0ee5636f12c2336f9fffed47,sudeste,sao paulo,SP,2026-07-04,,True
92636869-3df8-498e-a09d-39118ba33126,c7fdb77fdbff3c41981bc52f787e959e,sudeste,santo andre,SP,2026-07-04,,True
a333dd59-966d-4297-8e3d-829e337ebc27,04fdea0c111866e6cf812f1570d6b5bd,sudeste,sao paulo,SP,2026-07-04,,True
8ba4b349-59c7-49f7-86ba-644713e8e19e,63b464dbf392c7b80d12d932fa7cafed,sudeste,sao paulo,SP,2026-07-04,,True
36321fed-4f1f-42f9-8d32-3b1fe060b9ea,747c1cdcd1737dcfbd1547f6eb6f2cf3,sudeste,ibitinga,SP,2026-07-04,,True
c802e25f-42ee-4c56-8b16-a8df77a043cf,2b402d5dc42554061f8ea98d1916f148,nordeste,irece,BA,2026-07-04,,True
17d546b6-9820-4563-b07b-031ce3461008,9c068d10aca38e85c50202e17b4a7e88,centro_oeste,coxim,MS,2026-07-04,,True
6f1437ef-bed6-4fbc-ae85-e0fd81ee5f83,7c67e1448b00f6e969d365cea6b010ab,sudeste,itaquaquecetuba,SP,2026-07-04,,True
6f13af03-7954-4cbc-923a-482715fb9f0c,9ef932e837d8b7f392c0bfee9d359dc2,sudeste,ibitinga,SP,2026-07-04,,True
eb3fcfb7-09ca-4815-ac5e-564c87aabc22,d8bf0fc082fd4a77fc2e5679b6c00133,sudeste,sao paulo,SP,2026-07-04,,True
bb2113b8-ec44-4205-a24a-7465d18af69b,66dc1b1632bd6a3e508510c5b3492107,sudeste,jau,SP,2026-07-04,,True
2727682d-233c-4894-b0ce-8126f7849de4,a7ecf689b40a44361e259b28939023e4,sudeste,vila velha,ES,2026-07-04,,True
ab8ff92b-b556-49e4-bdc4-0c95cab2ae4c,939e6227d6964a11a70aa91243e418f2,sudeste,conselheiro lafaiete,MG,2026-07-04,,True
e343c142-8a60-4dd1-9e66-4f8564a8e976,db1f0f7c7e5e87f40b62226f020bb297,sul,pinhais,PR,2026-07-04,,True
2fb8787c-9e73-44a5-8110-44fce89619d5,91f0eec23d4a61d7d7caeefa3f0ad1ca,sul,tubarao,SC,2026-07-04,,True
5b8ccc0f-baf2-43e8-95ba-f079b482f89d,edf3fabebcc20f7463cc9c53da932ea8,sudeste,sao paulo,SP,2026-07-04,,True
bc142fca-21d3-4194-9c7f-4dabff993ec5,b335c59ab742f751a85db9c411a86739,sudeste,araguari,MG,2026-07-04,,True
6ef6939c-a67f-4ba3-ac59-b58bb7fa1511,c24173065483e421f9e5e7f599de101d,sudeste,sao paulo,SP,2026-07-04,,True
af46c859-a6a2-4ca4-8d8e-19333b8fe361,01fdefa7697d26ad920e9e0346d4bd1b,sul,londrina,PR,2026-07-04,,True
dab05ef0-dfb2-4166-aaa7-1b8b1ce4c3c2,d9e8c084b68fe958861d8f2c21202e6b,sudeste,sao paulo,SP,2026-07-04,,True
b3ad5210-7969-4268-a456-e789e1be4253,466222e777149751370e7e98fb623b0c,sudeste,rio de janeiro,RJ,2026-07-04,,True
5db30a31-cd04-4c5b-8649-f66091d5e40c,43f8c9950d11ecd03a0304a49e010da6,sudeste,carapicuiba,SP,2026-07-04,,True
4ad705d8-1712-45e7-92ec-4f16e2d0acc2,4450bd8327d471c4a11a83d1445b1b62,sudeste,cotia,SP,2026-07-04,,True
c56b151c-5f0e-4f5b-9adc-e331ca7e21be,257e61d3251fb5efb9daadddbc2cf7ca,sul,apucarana,PR,2026-07-04,,True
8bdf325a-7baf-4636-87b4-576ac402c138,5d76d80a2f5f39c891b996a1bf4c9853,sudeste,sao paulo,SP,2026-07-04,,True
2629af6b-ba38-493e-b4d2-39a5327af643,e5def42655b7490edac5a56fe8e9e603,sudeste,amparo,SP,2026-07-04,,True
6c2b722d-fecd-4883-8237-b5c25def93fb,091065b789659bc3cd9af9cb3a6253ff,sul,canoas,RS,2026-07-04,,True
a4f33309-da3c-4657-97df-fcd07e2851af,c74f14c1e26cf1bd5bd34b6a1e274426,sul,sao miguel do oeste,SC,2026-07-04,,True
4fe1f356-e2cf-4a30-8186-f958e651fd0f,c26a2be5b53b7db6b276280da212a779,sudeste,nova friburgo,RJ,2026-07-04,,True
d0f9ff7b-86f5-4842-9686-b835f229638d,cfa5ab0e4d3fc212fd0b3410e7081c62,sudeste,uba,MG,2026-07-04,,True
3b1e2099-f8d4-4857-b7d8-d03c99fa34ec,19d62d484cba71963c93f0f00ab42013,sul,gaspar,SC,2026-07-04,,True
8c258e46-25dd-4ad6-ba78-e232dac28727,6750d71153f00fc58829af2a8ef1bcf1,sudeste,rio bonito,RJ,2026-07-04,,True
26d2aa0b-fcec-4bb4-a439-4a2f36fad171,c60b801f2d52c7f7f91de00870882a75,sudeste,guarulhos,SP,2026-07-04,,True
0dcde812-e625-4805-831a-cc36231df1cb,b57e8460909fa137df7951b4a3b5ea84,sul,porto alegre,RS,2026-07-04,,True
1079cfef-7798-4a6e-a125-bc1186fb0da4,eeb6de78f79159600292e314a77cbd18,sul,lages,SC,2026-07-04,,True
7225380f-97ce-45c5-b4d4-db4359e8b2d2,abe021b01ba992245271b9aa422032df,sul,curitiba,PR,2026-07-04,,True
04c4a930-7a32-4d73-9187-b9e6722e6359,5305693ffae2d3463377b1f6fe67b15a,sudeste,penapolis,SP,2026-07-04,,True
993541b7-63b9-4ca9-ba56-9dbfc8eb9d5a,f049a72cf58fd31b11f8919cade515e7,sudeste,sao paulo,SP,2026-07-04,,True
68c50dbd-8bfe-462d-a78d-5fc447955fec,e51f22821f0c12a16ad5c020cdcd55e9,sudeste,carapicuiba,SP,2026-07-04,,True
568cbb5d-9aca-45ec-96dd-64e2cc61561e,a2a41aedb70551d4a85aa04dc2fced48,sudeste,sao paulo,SP,2026-07-04,,True
994bc9a0-c038-4f5c-a84f-21f89b1d137c,4bf2f4ee540798a61f9636d12cd9cc80,sudeste,assis,SP,2026-07-04,,True
30a32bde-38ca-4e5e-8beb-5eaebb58659d,c0e0b73d039eb9a99b6ce4cb7a429cd3,sul,laurentino,SC,2026-07-04,,True
3dcb8fa7-c6d3-457b-bb71-53d72be03f59,19484c79cef6c062cb177aa4ef2fcc3c,sudeste,valinhos,SP,2026-07-04,,True
040121b2-df2d-4874-9836-d033427657ad,25e6ffe976bd75618accfe16cefcbd0d,sudeste,sao paulo,SP,2026-07-04,,True
f001cbc6-5e23-467a-93b7-0622fc44774a,9dda5bbacd45e18d6485fee649205d09,sudeste,santa rita do sapucai,MG,2026-07-04,,True
5d13978a-c83e-486e-bf87-7963825357fb,2528744c5ef5d955adc318720a94d2e7,sudeste,jundiai,SP,2026-07-04,,True
469a4364-dd01-4dfc-b7c5-1ce1272892d5,b8d890108a7a80e4f5d59eea9f362438,sul,curitiba,PR,2026-07-04,,True
de48db69-56bd-4bd3-9cbf-4c5a8981942e,2c9005d8043aff18b8557ffb7b13cda4,sudeste,cachoeiro de itapemirim,ES,2026-07-04,,True
a8418a5f-d1c2-4e4a-ae90-c2abe094ec50,062c325cd6a2b87845fab56b4ec2eeae,sudeste,sao paulo,SP,2026-07-04,,True
90ab479d-35c1-4340-aeb8-508164c5ecbe,1d8dbc4f32378d715c717c1c1fc57bae,sul,arapongas,PR,2026-07-04,,True
fe65cc63-0b83-4e5d-8a6c-0f3e6fda69a9,fc906263ca5083d09dce42fe02247800,sudeste,belo horizonte,MG,2026-07-04,,True
75a0625d-ada4-43d0-b176-5a42726998ec,1d2732ef8321502ee8488e8bed1ab8cd,sudeste,rio de janeiro,RJ,2026-07-04,,True
8e108244-6587-4400-9cc9-5c413107f05e,626ab1cd96932367f0eeec2e47046c12,sudeste,sao paulo,SP,2026-07-04,,True
48ab668f-047e-4d92-9b67-ddcc86fd9982,a70e9066dbfd10b6b97a3f54a1356762,sul,mandaguari,PR,2026-07-04,,True
f4cec931-930b-47d0-ba1c-abee52108bbb,ce69a8021d18961dd2a40269b7c2c293,sul,curitiba,PR,2026-07-04,,True
e923fb16-e464-4f23-8508-1ce7a45f9142,9596c870880d900012f2e8e6e30d06d7,sudeste,varginha,MG,2026-07-04,,True
6288e247-cb3b-4362-b57b-8a906bb245a3,4b98b0428fc1932cc2514ef9ce2505e6,sudeste,taboao da serra,SP,2026-07-04,,True
cf8f2a0b-df48-4fc2-9352-f24204ac17d9,1da366cade6d8276e7d8beea7af5d4bf,sudeste,uba,MG,2026-07-04,,True
9d8e86ba-d720-461b-a2ee-499b5020e8d8,a3082f442524a1be452e3189e003b361,sudeste,curitiba,SP,2026-07-04,,True
13b5b025-e526-453c-a25e-a2dc57123208,a56a8043ebf66e42119618fb8cf232c6,sul,joinville,SC,2026-07-04,,True
cc7053e0-6d00-4592-bebb-a0bce2f9b833,184725737946a1a938bbbd1a9e978103,sudeste,maua,SP,2026-07-04,,True
4901f21c-c9ac-4a9d-9d18-57180693f8b7,3820c6537b3853be1a0687d5a60807ec,sudeste,cotia,SP,2026-07-04,,True
2e0d8b97-d0c5-4e8e-9876-1f3c79f9afc3,244b04680fdbded0acf5aebd9c92b44a,sudeste,jundiai,SP,2026-07-04,,True
a6159a1f-2748-4abb-af32-b2b0b60428b4,e96498ed8daaa3e9c23f7a62da76591c,sudeste,sao paulo,SP,2026-07-04,,True
41eadd56-5eee-4db4-9bde-a134300071c1,5741dc2bf5044c34d0698681c5081bed,sudeste,sao jose dos campos,SP,2026-07-04,,True
13cf2f2f-97f9-4ef8-9611-cb08ed5b2030,ad781527c93d00d89a11eecd9dcad7c1,sudeste,sao jose do rio preto,SP,2026-07-04,,True
39587364-2b3e-457c-a5b4-e2cfc6137149,b5e3e38609125694d2ea2417522a60b7,sul,florianopolis,SC,2026-07-04,,True
4996baa3-d28e-4fcd-8670-40c66d431276,bacb1f0ed56ad24198f5810d2b3fe9a5,sudeste,jacarei,SP,2026-07-04,,True
6cbd8ffb-146a-4603-8c25-e3e1a9ed3402,980640c45d7a4635885491d077167e4d,sudeste,rio claro,SP,2026-07-04,,True
32d5c8a7-b2b0-433e-8461-838150993bc2,ae45ad30c2d2e5913094769690a239d2,sudeste,franca,SP,2026-07-04,,True
9d8c55cc-3113-479f-9dc2-273e688e90f6,2cb98e27ce1c18abdb42209b34c382a7,sudeste,ribeirao preto,SP,2026-07-04,,True
4869e828-2f7d-4c7a-88a7-ef7a3bd2786b,2156f2671501a81034d7d07f217609d0,sudeste,sp,SP,2026-07-04,,True
7fdf0df9-4c0c-4ad5-b522-52d4a36df300,de0c78824586e9a5f5f04fd84e25df39,sudeste,vargem grande paulista,SP,2026-07-04,,True
e3952e45-9913-48c5-9e61-b6a26cdfd651,128639473a139ac0f3e5f5ade55873a5,sul,maringa,PR,2026-07-04,,True
e037606d-5cd0-441b-a010-860fdd1838d8,0791d9fc1e30678ecf03d3e55fa108d3,sudeste,belo horizonte,MG,2026-07-04,,True
53fa91fe-d6c2-40f9-8610-9b16dbdd8ab8,7a241947449cc45dbfda4f9d0798d9d0,sudeste,jacutinga,MG,2026-07-04,,True
b212acc5-e198-444a-a18d-c54e9dd9ce94,cfd7ddab722b902f7ac5b5f3ba6d723d,sudeste,contagem,MG,2026-07-04,,True
933529f3-0c9d-4337-9280-43766550434e,0e72c1a751b496722a6cb1f10653b62a,sudeste,sao paulo,SP,2026-07-04,,True
d5df66b5-ffa7-4a47-95a7-e8b4f1af4a0b,7e1fb0a3ebfb01ffb3a7dae98bf3238d,sudeste,franca,SP,2026-07-04,,True
96bd1de5-d649-43be-ae27-97b83e824e8d,376a891762bbdecbc02b4b6adec3fdda,centro_oeste,goiania,GO,2026-07-04,,True
352716a3-36c1-40a9-b6cd-30020f69018c,90b36c5aeb728d5504a39f435bef0c5f,sudeste,conchal,SP,2026-07-04,,True
cbe2b428-4e04-49da-8fff-100cd1313750,e76ecc7e9a1a1e3c6df9d2a8261c423d,sudeste,belo horizonte,MG,2026-07-04,,True
dc945990-0ebd-42a6-aac0-37b6548d2c5b,1dfe5347016252a7884b694d4f10f5c4,sudeste,ibitinga,SP,2026-07-04,,True
d86c60c3-04ef-400c-b090-42a4fce6dd49,528bcf6680c36dddf07620bd35b33a6f,sudeste,sao paulo,SP,2026-07-04,,True
2541fb70-1c87-4d5b-82e3-3fa14b98290a,f114dca2828bf718548db175ebe2cfcd,sul,cambe,PR,2026-07-04,,True
a10ed98a-5ba9-4b85-a433-47ac034ad4f7,33dd941c27854f7625b968cc6195a552,sudeste,vila velha,ES,2026-07-04,,True
b6fc2c99-0af3-4c37-b4b1-f23997620fdf,579891617139df7d8671d373f0669622,sudeste,rio de janeiro,RJ,2026-07-04,,True
6eae48e5-d3d0-4012-9641-b693cd8fdd94,48985c61529077fa4f1e38bcff0f2ed3,sul,porto alegre,RS,2026-07-04,,True
49663b28-d8fb-4a5e-9b74-fdabd490aeb2,25c5c91f63607446a97b143d2d535d31,sudeste,itauna,MG,2026-07-04,,True
1f0cfce6-8702-4526-8dcb-1192a9f719b0,f205b1a3ca9a34e0f8a228bae6e4c7b3,sul,cachoeirinha,RS,2026-07-04,,True
ab799a8d-6c01-4545-a865-4ae29102b951,d2374cbcbb3ca4ab1086534108cc3ab7,sudeste,ibitinga,SP,2026-07-04,,True
99ac409b-7768-422d-afed-7a88d88d0ea6,ef728fa1f17436c91ed1ccd03dcf9631,sudeste,jau,SP,2026-07-04,,True
896023c9-e196-46c7-8194-16de5f3da25d,1eade46fba20122dc4aefb379f8c636b,sudeste,sao paulo,SP,2026-07-04,,True
45bc0ed6-5165-46d4-b9c2-4190ea6d70d4,b9de031b671cd48b28fae9d828cbf2b4,sudeste,sao paulo,SP,2026-07-04,,True
06a08aba-a094-450d-96cf-ef856341928c,6f835fd4be26989b1b064399da346143,sul,curitiba,PR,2026-07-04,,True
56d9fd84-23ce-4061-8654-6e5128b6a344,c9a06ece156bb057372c68718ec8909b,centro_oeste,brasilia,DF,2026-07-04,,True
465ca012-5316-4396-8e35-dae6c7718b1f,6b2612338467c08c9b25f0cc55b1578d,sul,marialva,PR,2026-07-04,,True
80c29720-4175-4532-95c8-3f01623b8406,40d54b51e962dbe09cabbcfd33298dee,sudeste,santo andre,SP,2026-07-04,,True
678acb13-7ca2-480f-b0ba-b4b9cbbb0082,70c27847eca8195c983ed7e798c56743,sudeste,rio de janeiro,RJ,2026-07-04,,True
00fbf3a3-cca5-40f0-b19f-be6516c135be,b98b715fe9e276204e2a3464f48cd796,sudeste,sao paulo,SP,2026-07-04,,True
b52f7419-1651-4d00-9d32-eb531780a8c9,0b1ca3ef18a63d7eb0c8897fa0849c08,sudeste,sao roque,SP,2026-07-04,,True
2cb5a9ea-0ee3-416e-aa23-6b061018679e,37ceb404da208418c9032f0674e57804,sudeste,sao paulo,SP,2026-07-04,,True
4323a607-4304-4f8f-ba8c-df15240554bb,05d2173d43ea568aa0540eba70d2ca76,sudeste,alfenas,MG,2026-07-04,,True
f6c01c8e-1af1-4fc8-91e5-44d80af6a8e5,661ad5fcc28cdfb8bcadb12bb2272475,sul,balneario camboriu,SC,2026-07-04,,True
c38a8fce-c121-47f0-b749-f7a940406b0f,999f6d9a1c7c81f43be44c6b7d076210,sudeste,sao paulo,SP,2026-07-04,,True
c694c207-25c5-4aa1-81fc-a57cea968237,101a3a003516bc11253298b2fad3cb65,sudeste,rio claro,SP,2026-07-04,,True
2c4948a9-9fb4-46ab-9f44-786b83f43819,b839e41795b7f3ad94cc2014a52f6796,sudeste,sao caetano do sul,SP,2026-07-04,,True
75104739-8e2e-44b5-b926-921ae98f8e5c,a20d8058c866dbaeca014d2cd20ac62e,sudeste,sao jose dos campos,SP,2026-07-04,,True
49dfadbc-6b50-40df-ba9e-eecd4dbcf7e0,6824a69c9ea0313eba299dd4a2dba09a,sudeste,formiga,MG,2026-07-04,,True
afbef3a1-7e44-40ca-ac70-7657089542e9,058cb5aeb36d7c0fcae20fc85d5e0a59,sudeste,rio de janeiro,RJ,2026-07-04,,True
32801691-5813-427d-987f-839b9730d35f,48efc9d94a9834137efd9ea76b065a38,sul,curitiba,PR,2026-07-04,,True
82a3b516-1aad-484f-a0c2-b4e782e264b1,218f991754f360af9c2daa5e0b8e990c,sudeste,sao paulo,SP,2026-07-04,,True
d5ada16c-fcaf-4d24-923a-04f0116a2684,5dc4bdaf869e8c77c648078cbe8d59c2,sul,florianopolis,SC,2026-07-04,,True
b00bbc98-7128-4211-ac8f-f77a2029d244,9261d76c62caaf0b24677c2ceb7f8f20,sul,palhoca,SC,2026-07-04,,True
8dad7fd9-6ddc-4c79-a81b-f9bd321db209,a3b0df0065e264a91b7bbf5f844af5cd,sudeste,sao bernardo do capo,SP,2026-07-04,,True
b388f8b0-ed23-4ae4-a36f-5c895dc34664,37dd29b36c458d82f74a953c40c43645,sudeste,limeira,SP,2026-07-04,,True
929f03c8-afbc-465a-b3f0-95d335f3128a,077c5fae4bea9500e3737b16f71b9d3a,sudeste,sorocaba,SP,2026-07-04,,True
34d536c7-00d8-422b-938a-234a1d82b160,0dd184061fb0eaa7ca37932c68ab91c5,sudeste,guarulhos,SP,2026-07-04,,True
0edaff21-5cb1-4130-9758-0ad5c31b1d4d,5b35136197710e16ac5e7b7c2bd4ea85,sudeste,rio de janeiro,RJ,2026-07-04,,True
31bad10b-fe35-4289-81fa-1d3ede7a3030,60562ab00b8054280520d390c8c0045c,sudeste,sao paulo,SP,2026-07-04,,True
2b9c0efe-e54d-4182-926f-5d5003b36095,1d29dfba02015238dfbe2449a5eaa361,sudeste,vicosa,MG,2026-07-04,,True
8b4751f1-4ae4-4f8c-b3a4-2ee77b016a95,ad273c9eb54ecb4532de4bf75bae9e4e,sul,curitiba,PR,2026-07-04,,True
c4dcc493-1d17-4c39-9a30-dde9c8607829,7813ea3ebd9411dc600b4dd01f7a97b9,sudeste,osasco,SP,2026-07-04,,True
a0ff8698-b158-4315-98fe-37861db9d9f0,559d56f3b8f0bc2e5a9a62fe2ce2a39f,sul,joinville,SC,2026-07-04,,True
8aef0aac-eee9-4df4-842e-9cbe7b821d6e,57df9869a600bd6b7c405f2a862eccfb,sudeste,santa rita do sapucai,MG,2026-07-04,,True
f9450b92-181f-424d-93fd-17b449e2df36,777a0c55737f34ffeb78010f7542ab41,sudeste,sao paulo,SP,2026-07-04,,True
ec013254-6655-45c3-ad20-ecae47cfdc12,2aa3443d7bf9d9bb11133f420d75e083,sudeste,rio de janeiro,RJ,2026-07-04,,True
b5fe3fde-a294-4dec-854c-194b8ad0d992,c3867b4666c7d76867627c2f7fb22e21,sudeste,guara,SP,2026-07-04,,True
550dab07-c573-4dc2-9aba-6999fe54c4bd,0bae85eb84b9fb3bd773911e89288d54,sudeste,itajai,SP,2026-07-04,,True
17022d80-b0f7-4eff-aaa6-937895c274c3,35fb511489d9ee3ee27a76debce9df06,sul,londrina,PR,2026-07-04,,True
b9a9fae0-336a-405d-91f2-14240e218657,df91910b6a03bb2e3358fa6a35e32f6f,sudeste,sao paulo,SP,2026-07-04,,True
87389401-2b49-4688-8171-e55a3c67f761,7e3dde9ffba72d5340f9aaf09b4424be,sul,cambe,PR,2026-07-04,,True
baedc871-3a54-4279-bcc4-45c361f232c4,dbdd0ec73a4817971d962698f2fea022,nordeste,fortaleza,CE,2026-07-04,,True
88e0288b-9f79-478c-a982-f36478148e99,8ff38bc3969e67c36c48343a07090f66,sudeste,sao paulo,SP,2026-07-04,,True
7d0e8d3c-5786-43cd-8e45-aaf05a48a27c,6e1862e15f33d9994bc25922a85e1efc,sudeste,rio claro,SP,2026-07-04,,True
8d9d54f9-d146-403c-9aa0-8b7aebfbd6f2,058fd0aa2bfdb2274e05e1ae971dabb6,sudeste,santo andre,SP,2026-07-04,,True
b4388a93-df52-461e-b07e-20bfe12cab09,f615fe7efbef0f4f08fd3086bc7a3e60,sudeste,atibaia,SP,2026-07-04,,True
646d432c-41a4-4e0d-add5-cfa6ee7aa045,aa1eb17b9fdf6dfd546e25c45c7b9235,sudeste,sao paulo,SP,2026-07-04,,True
6a6ed8b4-ab75-4e98-83e6-8d698baef555,07bf9669d84d1f11be443a9dd938f698,sudeste,sao paulo,SP,2026-07-04,,True
5a6da59e-8ede-4365-8aa4-dd7bc5a1f2ea,08633c14ef2db992c11f840f04fad4cd,sudeste,ribeirao pires,SP,2026-07-04,,True
30673891-a1a9-4b8c-898b-d2d06db65245,b0398568231ba5e6734af1881671a317,sudeste,colatina,ES,2026-07-04,,True
acf8be5e-e42e-480a-b61b-d5835b89a8c4,f419677537694f0462a91990df6ca44f,sudeste,sao bernardo do campo,SP,2026-07-04,,True
386e73f2-09e0-469b-9afd-a9591b0880ba,e88c9b79e592e370d6bd852eeefbf057,sul,pato branco,PR,2026-07-04,,True
b8050188-4ecf-4389-a321-ca6f0f0345fb,70bf57d811208f8923b41bbd499a67a4,sudeste,franco da rocha,SP,2026-07-04,,True
024497fc-5121-4003-80c0-ed360e3923f7,8c0de775f52fe41590b376a3b7c50f68,sudeste,sumare,SP,2026-07-04,,True
75591658-8e07-451b-9919-72632ab08f43,7a91bf945c6fae0779f1c61ce97fe45c,sudeste,mesquita,RJ,2026-07-04,,True
f4eda82d-a5a0-4c28-8722-2fced5ddd1db,6dc9bec584588412a6a338830946a3e4,sudeste,sao paulo,SP,2026-07-04,,True
5ba2fd7b-514f-41f9-9b80-c6a0680bcc72,b19c48688808720822399ffa9f2dbe2f,sudeste,sao paulo,SP,2026-07-04,,True
8bc7c9a7-e701-4a38-9723-79619a8d7e1b,5b8154610ebb21fb90eb587365e673df,sudeste,sao jose dos campos,SP,2026-07-04,,True
9d8949a9-a018-460e-bc1c-6c3198626b8a,bb2afe2061d53c6968aa0cffa233a8ec,sudeste,sao paulo,SP,2026-07-04,,True
4564f03c-d12f-441a-848d-b723994a8d8f,1cbdc7cf130a41fd13a3c2a7d2fcfda7,sudeste,lambari,MG,2026-07-04,,True
a5e05dbe-5dd4-4900-8cff-868ffb7b38d5,fb89df7f89fd1b8f03fa2acca1ba7364,sul,foz do iguacu,PR,2026-07-04,,True
ab136895-22bf-4fc7-8a4a-b951e3d7815c,b18871c324516afa228a13e8f1ef0ae9,sudeste,sao paulo,SP,2026-07-04,,True
6320ad59-5adb-46cf-b495-95dbb297fc33,17ca9b9e9b9ef8fdb529001b49ebb50f,sudeste,betim,MG,2026-07-04,,True
75ee9d45-dcb0-428f-9114-75aeb3e629c5,3f0e48d209018b466fcd3bb4ccfeb520,sul,curitiba,PR,2026-07-04,,True
72adfc47-1314-4cd0-a835-6206e02f7157,9add47bf45ce8e8c7db6b9cf670b1e09,sul,fazenda rio grande,PR,2026-07-04,,True
4fc61898-9230-43ec-ad90-c3133d707901,acce39e832338debb07b02385cde5967,sudeste,contagem,MG,2026-07-04,,True
145c1301-230c-4a61-9090-b5eb4d6348b1,397c4d0c005b6f41f90098ac724e28cb,sudeste,santo andre,SP,2026-07-04,,True
d3ef3852-d91c-41a8-a45c-a93d9c5479d9,b2c97074649f92197d9387d9033dda5f,sudeste,botucatu,SP,2026-07-04,,True
64084a09-8d5e-40df-b9e1-d38ed10b48ed,f262cbc1c910c83959f849465454ddd3,sudeste,sao paulo,SP,2026-07-04,,True
79a9124e-6237-4291-9901-665ad0d455cb,c113b8df1fc375bc3d73d29c1b1144d1,sudeste,sao paulo,SP,2026-07-04,,True
0be5ffe6-8720-454d-b97d-54e36db7072f,bd65d163ded559eb90a10cd09fec178f,sudeste,sao paulo,SP,2026-07-04,,True
98fd2182-a0b9-4fad-a2ac-fad234504e93,720e6cf846ea7572cbb66b743fb91e6c,sudeste,mogi das cruzes / sp,SP,2026-07-04,,True
75da7a29-463d-49a7-be44-97915e3c0830,8f580d36c1e9d6fbce95283403c7d447,sudeste,ribeirao preto,SP,2026-07-04,,True
da5b2036-bb40-4e6e-b400-923bd8e296f1,be7a093e5b4d147b36b72bb1f9e415e5,sul,toledo,PR,2026-07-04,,True
e722da0e-04ef-4e3f-b67a-aaacd3033945,cb4a705d00e100b9732d0ca34817d441,sul,florianopolis,SC,2026-07-04,,True
d21caae2-3be2-4295-aa10-0a372618e638,f266295f49a28eee21f413e0cbb0521d,sul,ponta grossa,PR,2026-07-04,,True
86870367-549d-4e85-bbb8-f3d03c5199d3,31eec405c9bb71dec8e2629a92e764fa,sudeste,cachoeiro de itapemirim,ES,2026-07-04,,True
5d98c878-92ca-4947-ad0a-7a8d9e0b70b0,6235903333ba7de1928c869e268e5964,sul,treze tilias,SC,2026-07-04,,True
25f16100-048a-49d3-9d6f-a9c4980ed93e,c360e4787614ed31ac7a2f95d3b22dc6,sudeste,lencois paulista,SP,2026-07-04,,True
3d4f60d2-20e8-43fc-ad38-3e85e667453b,1e47d8b6546eb3a77b1acddcc9406242,sudeste,campinas,SP,2026-07-04,,True
5fd5d0d7-7871-4321-96a3-038ac88a909b,cf1313c6e2c01c2f4b014f97db4bcd2b,sudeste,rio de janeiro \rio de janeiro,RJ,2026-07-04,,True
5290d395-eef4-4c59-8c2b-4fe50dd2aae2,14ee35374a7876217954b5fa08e50463,sudeste,sao jose do rio preto,SP,2026-07-04,,True
a0c30403-1c55-4057-9904-1376ed30bafd,8fe8786ee000001ab51d030dfd4a7bf1,sul,paulo lopes,SC,2026-07-04,,True
6bf2f170-eff8-4544-893c-db5b26bf0333,e72b4feb7abe210c52aa667abc25a3a2,sudeste,sao paulo,SP,2026-07-04,,True
f0d658ec-5424-48b7-9a77-edec208feaa7,373ee4a3a775a733770ca3f790b8b9ac,sudeste,rio de janeiro,RJ,2026-07-04,,True
f435cb75-c142-4f2a-8acc-0ea94ce7b5c8,432c37c9dfba871172ec162e20118b8c,centro_oeste,brasilia,DF,2026-07-04,,True
5daedccf-e58e-42a5-bbf2-70c0246afcab,daf565f087a52def0fd5c5825b3661bc,sul,brusque,SC,2026-07-04,,True
27335ca1-df5f-43bd-be68-7f046ae715a4,ea3ebea5317b0efbc663ecc8ce5e9bc2,sul,florianopolis,SC,2026-07-04,,True
47f92144-6c6f-4693-8730-84e81e9986a7,1fe61aa5494bd3ae92a2c13e067c810f,sul,santa cecilia,SC,2026-07-04,,True
cd860d16-d7b6-4f84-91f5-9990395f5015,e9511df20ccd82658a30c37b7fb343af,sudeste,bauru,SP,2026-07-04,,True
c9e2ef3b-ef92-449c-b217-4671506299d6,4c8545742faaf58fafd5fd14d25d75cf,sudeste,fernandopolis,SP,2026-07-04,,True
3baddd7c-c9b5-4e73-a5cb-cb171352a3aa,27a56ff04b34c2ba34ce6ba4d3b9d616,sudeste,campinas,SP,2026-07-04,,True
796dcfeb-77b2-442b-8143-581d99503dc5,888faa8bfb0b159c37de6d898b961c31,sul,braco do norte,SC,2026-07-04,,True
4addb83e-0993-4251-87ea-93e42f307323,0aa2205ca24f113f4658a5c536667426,sudeste,sao paulo,SP,2026-07-04,,True
d6539cc5-c768-425e-8532-50078ec28e3a,432c67955c0acd1fd6b0b5d678766a71,sudeste,sao paulo,SP,2026-07-04,,True
78a59c92-9e94-4ba2-b9e8-c232d88bf6c0,d8c7ba53e7e38711eaef8c2849d6d2e1,sul,floresta,PR,2026-07-04,,True
3bc2fa57-8ebc-49dd-bed8-bf729421cef9,8a43128d7f9a3db592b866e6861a6cce,sudeste,sao paulo,SP,2026-07-04,,True
55862be4-e04c-44eb-8165-fd6442807f61,7cb946b1ad19faebe28c3e86c2794ec3,sudeste,sete lagoas,MG,2026-07-04,,True
ebbfba67-2cd8-432b-a62f-6e0303c53c71,6338ea67c41078a46ad99cc009654956,sul,farroupilha,RS,2026-07-04,,True
3885a0d6-5ea1-4a20-9ffe-0cb5e6525b3f,6c12e40690c335dbc2f68a4134d30dc1,sul,castro,PR,2026-07-04,,True
7d0b950a-89ce-4640-8eb1-75393e6f4abe,65febd49fd28ec955651299159b1f527,sudeste,sao paulo,SP,2026-07-04,,True
093729b4-7fe7-4232-bf9d-235a52270c3b,9a84ba99f5367fdbd4598363496f1ea2,centro_oeste,luziania,GO,2026-07-04,,True
86a5eb12-b9c6-4cf0-801c-24b86d7e8478,954e95f20808d7e5d11f0de292d078e0,sudeste,joao monlevade,MG,2026-07-04,,True
d7783a5a-b241-4036-bd24-fa186a42f1aa,fb503a924a0b9db19d83dd0ac6dbef8c,sul,pelotas,RS,2026-07-04,,True
1dbd5af6-61e7-4584-a3b1-282d38399e54,4ba52dfeba874da5b9ee7b17c7494f04,sudeste,mogi das cruzes,SP,2026-07-04,,True
9bcde594-17ac-45e7-8745-4acd0ad4ffcf,5b581417df4480f632484ba681e53944,sul,florianopolis,SC,2026-07-04,,True
c6be8b1d-fc93-4cd2-b16b-4b8c045815f8,d0d70d21e2234dd7cd3cf63fe414148a,nordeste,sao bento,PB,2026-07-04,,True
c907b334-81f4-40ec-83a7-26213ffb5483,c7c7b2682c648339a0e9846bb1023a39,sudeste,braganca paulista,SP,2026-07-04,,True
01dbed1f-5dbb-4e4d-b8f9-5203ba656a4f,06e5eefc71ec47ae763c5c6f8db7064f,sul,porto alegre,RS,2026-07-04,,True
631174b3-c154-40c6-ac75-c665a38346ac,28ea411b354f14b1a494be4e79f0ce02,sudeste,sao paulo,SP,2026-07-04,,True
e24ce41e-1f47-4e99-8a1e-e8a226fbe96a,2a6fbeaa7ab9e5d59a35841a8da71ce4,sul,jaragua do sul,SC,2026-07-04,,True
86388e65-dbf7-4be7-b47e-8dc9ace5999e,77fccaae319668a8ab6cd0fd16aec48c,sudeste,campos dos goytacazes,RJ,2026-07-04,,True
0687709a-ae4a-4d74-a8c7-0d83558a0187,3fadb4cba4c35bce6a7eaf9872d5623a,sul,caxias do sul,RS,2026-07-04,,True
a102ea51-4953-4e78-9c58-c3a6ac463c1c,1987cd4be10fe09ee50454f9c354d1c6,sudeste,ouro fino,MG,2026-07-04,,True
965c4430-60cb-45e6-bd0e-e190fe1a9a5f,aae5e7b457a3c72ee230a47d98fceda5,sul,sao jose dos pinhas,PR,2026-07-04,,True
f1743fe2-8428-4f29-bbff-a30b9118207e,2d22fc3089eb907b29ebff50581fb472,sudeste,macae,RJ,2026-07-04,,True
05c75378-920b-4fc4-9d1c-359a5279b24f,ff1fb4c404b2efe68b03350a8dc24122,sudeste,mogi das cruzes,SP,2026-07-04,,True
476bb389-1904-4ca5-91c6-78510e6cd6d7,817f85dbb65aa3e70831d90fe75cdf89,sudeste,tiete,SP,2026-07-04,,True
816c16ad-d1a2-4311-968d-6a6616195164,2b5ed0c9139dae8883a200dfcb272ece,sudeste,sao paulo,SP,2026-07-04,,True
b111c65d-4c25-4daf-ad41-8713b03b5e5f,86bf77bdb52e615674772d5817c6212f,sul,viamao,RS,2026-07-04,,True
3fbe4675-bc2c-43b6-8aa1-3a6f2f9e86cf,9b1585752613ec342d03bbab9997ec48,sudeste,rio de janeiro,RJ,2026-07-04,,True
c1b5e016-bc54-4aaa-bec8-a8aefe2c8dc4,9b00cad94ef3078faf6fba2e792c158f,sudeste,janauba,MG,2026-07-04,,True
4cf1252c-0e11-45fd-9e65-4cd85bd2c22e,6860153b69cc696d5dcfe1cdaaafcf62,sudeste,capivari,SP,2026-07-04,,True
d1819c9c-d1de-4bc2-8e9a-6b5ef7ce2532,903037660cf848a717166eb7a06d616e,sudeste,sao paulo,SP,2026-07-04,,True
9ef3d352-7af5-4b13-9f9b-6aee074da433,f08c008c8a8d31417763738a1788a2a8,sul,santa terezinha de itaipu,PR,2026-07-04,,True
91e78343-5454-4841-9560-15510685e03f,bf3c6d2a28b2b5501e6c15448982dcc9,sudeste,sao paulo,SP,2026-07-04,,True
012b287a-0191-4d0d-bcc1-5ce6801bef52,e99e927c81e3f51739c94fcdfca9f10f,sudeste,uberlandia,MG,2026-07-04,,True
e3121a17-2f72-4bf5-9be3-c52c53752140,49cdc90518a4f82676b38b3c1aa43ff6,sudeste,sao paulo,SP,2026-07-04,,True
0603c167-41be-4fb4-813a-5428153f44fb,066a6914e1ebf3ea95a216c73a986b91,sul,foz do iguacu,PR,2026-07-04,,True
41d65e03-c205-45e8-b893-c5a4ae3b1bd2,3cfa1358a6caa965278721344c8d76f2,sudeste,sao bernardo do campo,SP,2026-07-04,,True
6fe007b7-3360-4cdb-b92c-c3c5f75b2b1e,6d66611d7c44cc30ce351abc49a68421,sudeste,sao paulo,SP,2026-07-04,,True
9a3b3a5b-1be0-417f-b4a0-24209f42fb00,e48cc16ab70bfa09e1401740dce0b3d7,sudeste,aracatuba,SP,2026-07-04,,True
b7201af8-64fe-4a0c-9683-d65e45ad64a3,da20530872245d6cd9d2f5725613c430,sul,igrejinha,RS,2026-07-04,,True
56425c1c-75d8-43c6-9b04-5847a6fc20f5,3d8fa2f5b647373c8620330c4e077a9f,sudeste,sao paulo,SP,2026-07-04,,True
97320604-f78e-4921-b2ab-56d6372e01e5,57d2ba47f7a3209aa347532ae75c1165,sul,sao bento do sul,SC,2026-07-04,,True
501fb055-13ec-4b68-be7e-25f9b46f9d39,76d5af76d0271110f9af36c92573f765,sudeste,sao paulo,SP,2026-07-04,,True
808a105c-82ad-4abd-82a3-683bc645c999,729f06993dac8e860d4f02d7088ca48a,sudeste,limeira,SP,2026-07-04,,True
499b8e3c-451a-4e24-be40-e3cb2d90d54d,9e9b539eb2806acee3f5c28085c1db9f,sudeste,contagem,MG,2026-07-04,,True
4ab493b8-98e8-466c-ad4c-a8c1f81c4a60,fa18c782a4866d313cadab567097f8f1,sudeste,belo horizonte,MG,2026-07-04,,True
afa804f8-77e1-4909-a18e-900296c90dea,b77a27b1864483e721dc831d5ba4afa0,sudeste,duque de caxias,RJ,2026-07-04,,True
a8ccc92a-48f5-4975-9796-e74716cd2627,41c9d3997dd3c072c31139dc5bb5761f,sudeste,araxa,MG,2026-07-04,,True
37896d04-1661-4686-b61f-55450cb482c2,700f03c207639c22d933381ff60b35c2,sudeste,barretos,SP,2026-07-04,,True
4d528b42-90a8-44e4-87e3-51fce8a078d7,762fafdaa57a532ee0119731697579dd,sudeste,itu,SP,2026-07-04,,True
e4897462-252f-44cf-ac5f-1ac0dc75f390,50770d25768b0486d89be26afca3108f,sudeste,santo andre,SP,2026-07-04,,True
1fa1bab8-567f-4a88-9b23-005ed5496803,b3b17aab11f273023a5f22ca52e1eb70,sul,londrina,PR,2026-07-04,,True
83e91987-e8cb-456b-9b7c-4e5570a7ff7e,b19f3ca2ea475913750f25a5c37c8d8f,sudeste,divinopolis,MG,2026-07-04,,True
38962d78-3e74-4d3a-8698-31cf029bf5d6,6179a28a13a726c29b3bf54c070dccab,sudeste,varginha,MG,2026-07-04,,True
11c1ed02-e69e-48a0-b041-7b80553b42f2,cc419e0650a3c5ba77189a1882b7556a,sudeste,santo andre,SP,2026-07-04,,True
02426c05-25da-4d70-9cbc-efeb54871201,0df3984f9dfb3d49ac6366acbd3bbb85,sudeste,betim,MG,2026-07-04,,True
eeaacb48-1330-484d-bcc8-a781d3d16e9c,7008613ea464bad5cb9b83456e1e6a8f,sul,canoinhas,SC,2026-07-04,,True
d38370c0-b105-4861-9abf-882f3aa351e8,7f152321c60a266edc53af1925ef96c1,sul,criciuma,SC,2026-07-04,,True
8f7863ac-2488-4091-85c6-19089993c327,c4fb51fb1c5b7c07bc5e67be6e7e8f6e,sul,curitiba,PR,2026-07-04,,True
b4c2d9f1-e874-4e81-8d82-43939de1e3f2,52ac6f920b7280e4c6d30dd94de6259b,sul,pinhais,PR,2026-07-04,,True
54cf9d0e-2b09-4571-a801-e33ec6055fd2,7d7d2b7a51328016102d4528c411d630,sudeste,ibitinga,SP,2026-07-04,,True
4d6d878a-716e-4431-90b8-8b7e1f0a2d2c,9e94fa26a70ede4d26226e918e8706a2,sudeste,sao carlos,SP,2026-07-04,,True
f1197030-1fc2-42b0-8b17-1065ff0fa325,eddd1991bd6d9309995a480c39b95137,sul,ponta grossa,PR,2026-07-04,,True
94dcdc21-7a2a-4a05-89d7-8b9266dd88f1,994f04b3718c2bab35c2adfa8afecd2a,sudeste,jaguariuna,SP,2026-07-04,,True
692e9a2b-a701-4590-bb76-e5fbe9acad2e,3f3486b61f45078d4f31ee5e43d8c5bb,sudeste,sao paulo,SP,2026-07-04,,True
f1bfa05c-067e-47d5-9856-0561018f0a9d,5db42a6cd9bf1bf0d3aab9582767f168,sudeste,vitoria,ES,2026-07-04,,True
4e0d3d45-42d0-41ff-8b47-16b727290c7e,a06c8ff043abea0528ee44171e2140a2,sudeste,divinopolis,MG,2026-07-04,,True
1c6a1a9c-8caf-475b-9f8d-fbdc93218655,6b3bd31ad8fcda4b2635ec9f3ff2ecdf,sudeste,rio de janeiro,RJ,2026-07-04,,True
0d214586-6a27-49c1-b45d-026ab503130a,977f9f63dd360c2a32ece2f93ad6d306,sudeste,tabatinga,SP,2026-07-04,,True
059d508d-6c2b-484f-b832-063a9454c8a3,2c43fb513632d29b3b58df74816f1b06,sudeste,belo horizonte,MG,2026-07-04,,True
1f545d3e-ea00-4625-9b88-fd600991ef15,910a922b426b7ff95eaee129ad6c0e1f,sudeste,sao jose do rio preto,SP,2026-07-04,,True
6ed5d8e0-7e2f-44af-8cbc-46b7aa1a3eed,d9442042130b7fe579d1295f9f4a248f,sudeste,sao paulo,SP,2026-07-04,,True
70c15a1e-3a38-4e80-a52e-79478abb1449,da2782c804606d2a5d8e1760dbb3e7ec,sudeste,sao paulo,SP,2026-07-04,,True
912f1f0e-0f9d-45dd-97a7-eb63629aac56,ce248b21cb2adc36282ede306b7660e5,sul,jaragua do sul,SC,2026-07-04,,True
0a702cf5-918a-4a37-91d4-0a20aa79b2f1,5b0cc932433fa5184b5b94bfe6bcc256,sudeste,ibitinga,SP,2026-07-04,,True
7ed1641b-269e-441d-a66b-1524bcf1d7c6,7ff588a03c2aeae4fbd23f9ae64b760d,sudeste,guarulhos,SP,2026-07-04,,True
81990228-fdd2-4db3-8a56-5a1c6a99fc1b,08cdbae123ff67ca4e36d9d641ce0119,sudeste,uba,MG,2026-07-04,,True
1051d048-e79b-40d4-b765-bcda887aacfe,77dcbb67ccb3659bd58eaf5661560a30,sul,lajeado,RS,2026-07-04,,True
ef0f7f22-17d7-40c5-9f07-93bbba071a1a,7ad32824caee82087b3e2e5f33b1bf32,sudeste,ibitinga,SP,2026-07-04,,True
d6405f21-4961-47c1-96be-a09300f0442f,de722cd6dad950a92b7d4f82673f8833,nordeste,recife,PE,2026-07-04,,True
210bba6d-1339-47c3-8442-f81118880537,70849ca4f400aaabb62cb7462a6f1428,sudeste,belo horizonte,MG,2026-07-04,,True
4fb822d9-9ea2-4cad-bacf-c53d5bc943b0,b16d3dadc47d4eb18be3d88bad0775ce,sul,estancia velha,RS,2026-07-04,,True
e8148fab-05c8-4804-a98d-975079271f12,5c3460cd3e8a984382ae254e7dd20d9f,sudeste,sao jose do rio preto,SP,2026-07-04,,True
7c9ffd54-291b-4406-bcfc-676f5e7dcb75,22c32ec35d0116ef02c281798a25bf8b,sul,maringa,PR,2026-07-04,,True
4f1d27e0-75cc-4fce-b687-9cc1be78e063,8d46553a36e68f95350a200c12f8f2e2,sudeste,campinas,SP,2026-07-04,,True
714e705f-cd28-43e3-8f84-80e37f0510c6,45ba18c210d42734ec52c0c1c574e9ee,sudeste,sao roque,SP,2026-07-04,,True
13219713-46e1-45e0-b014-86df7a90a808,10cdd491d1dbea8fb4ead97b19c334ce,sudeste,santa rita do sapucai,MG,2026-07-04,,True
33a26978-6ba3-46f0-9c04-1255d4721527,dc317f341ab0e22f39acbd9dbf9b4a1f,sul,cachoeirinha,RS,2026-07-04,,True
8ed05bc6-e93f-446c-b2b2-8f5cb0f064e1,fe9d9cf8631285d5982c6e2cf27fb114,sudeste,barbacena/ minas gerais,MG,2026-07-04,,True
335c68b0-035e-4479-9225-1d206a3640b1,d93844a9c55ba7ce353388bcf849ea56,sul,curitiba,PR,2026-07-04,,True
fd121162-4c08-4f39-8147-37ee157b18ed,52b53f7061969fe471d119b6195da864,sudeste,itajai,SP,2026-07-04,,True
2be8cdfc-ad8e-44a6-aa92-2ba2a336d85c,1b8356dabde1d35e17cef975c3f82730,sudeste,sao paulo,SP,2026-07-04,,True
bd8dc62e-4a58-47ab-b73e-96a711f64da0,43402bdf22aa2310e8f99e2f94f78628,sudeste,ribeirao pires,SP,2026-07-04,,True
1610d925-940c-4828-9682-1523b9a47f85,c4b911d06343b21dd906651f8101cb49,sudeste,vera cruz,SP,2026-07-04,,True
bc965da8-ffd8-4f09-b744-e8ad48cc1e88,f44bdc12aa39f5271f0b95f66cd4c289,sudeste,braganca paulista,SP,2026-07-04,,True
80d533f8-0fcd-4b5f-a45a-f80e9a651d99,9bf11dfc0bec77e5a23028043c3c5a8f,sudeste,contagem,MG,2026-07-04,,True
f0912c3f-dce3-409a-bcf3-96dda8d5f3d6,13f57c12a00ed4610db646b913a7f5c6,sudeste,santos,SP,2026-07-04,,True
f0985aa1-dc18-4679-9afa-d527e46ab397,54c04bdb5ec46762f8f08c7e8f86ed4a,sul,florianopolis,SC,2026-07-04,,True
e92c9a1e-1350-41e1-866e-ca5a6e5b13b6,b5dd7151a92ccaaa282cbe9681a05f44,sudeste,ribeirao preto,SP,2026-07-04,,True
5490f83b-f62d-44cc-a5b0-ddd171ef3568,447d377bdb757058acb569025ee18a93,sul,carazinho,RS,2026-07-04,,True
906af272-3ea5-4a17-a611-f295358688f5,52562a9f449c3dc3d53f5f5b9ed74903,nordeste,parnamirim,RN,2026-07-04,,True
ab9354c9-03f9-435e-968c-8393c1f824f3,2a73cba571d90c694b7caca072ccf6ce,sudeste,sao caetano do sul,SP,2026-07-04,,True
e6e20523-86c8-43e3-bf51-adc2e2a439f2,3d2400ac620cffa23ac81bd192f7f555,sudeste,sao bernardo do campo,SP,2026-07-04,,True
71374aae-d129-4e7f-8f9f-6f36f20e3e7e,968268a686aa05d1f529fb07dff08130,sudeste,sao paulo,SP,2026-07-04,,True
f88e5bd1-0291-4a0c-9b40-61f7c37e97c0,7c462184585ae80bd6e5774c62ce50f2,sudeste,campinas,SP,2026-07-04,,True
031ffec3-af2f-4250-9fdf-70690544ae28,3ea00e1dea2b0659dbaf654735929220,sul,curitiba,PR,2026-07-04,,True
12ff8b7c-94bc-4b37-bc59-3626fbe15db1,54965bbe3e4f07ae045b90b0b8541f52,sul,foz do iguacu,PR,2026-07-04,,True
e1f079a3-4c09-48af-9411-f7344880aeea,4965a7002cca77301c82d3f91b82e1a9,sudeste,sorocaba,SP,2026-07-04,,True
5f63f015-62cd-43c0-ac57-54a05725c23f,2d8cfba3fcd3170555941605edaa196a,sudeste,osasco,SP,2026-07-04,,True
b1f572fb-a960-4eb1-bb71-9fa4cb12dfa3,6039e27294dc75811c0d8a39069f52c0,sudeste,osasco,SP,2026-07-04,,True
59f0d3e5-94cc-4095-81e5-1c77246017b2,b45d7ebfb7378630f1bcd74b6ff86ff7,sudeste,belo horizonte,MG,2026-07-04,,True
18b9c4d1-8c1e-452f-9852-15a5fcaaa1d9,e2a1ac9bf33e5549a2a4f834e70df2f8,sudeste,sao paulo,SP,2026-07-04,,True
8f39029d-1904-4080-9516-b5f1a53ac4d9,bc07d855eac23aab5ac8a120f21d16b2,sudeste,mogi das cruzes,SP,2026-07-04,,True
e6ccb29a-0f4a-4ddd-bc3e-d112d842bce5,3492e68f37fd1df87f4f2f2ea247f445,sudeste,salto,SP,2026-07-04,,True
628c5f65-9c65-4764-94c2-5734f00eff7a,93bef6edaa84956e8e575016449b6351,sudeste,sao paulo,SP,2026-07-04,,True
8d273a2d-f822-4a2d-a357-9bd0d8a59e43,05ff92fedb5be47920fea08e501238b9,sul,santo angelo,RS,2026-07-04,,True
8d7c6f7c-6ffc-4580-82c2-493817e0abd0,68f86ba270525243e68ae74044f992b9,sudeste,rio de janeiro,RJ,2026-07-04,,True
812e2fa2-d05a-4a9c-9732-4a8d69430907,aeb36d67f1414f234d42a29e27cf1f17,sudeste,santo andre,SP,2026-07-04,,True
3844f8f3-60f3-4897-9cdc-5381d3f5bee8,916c9de0b5ad957346eeeb12f332687e,sul,curitiba,PR,2026-07-04,,True
a82de57a-62a4-43ba-9801-abf8dd5fa670,c68fb906c8f4b4b946d8386bfa6e5467,sudeste,jaboticabal,SP,2026-07-04,,True
51eeef80-dfc2-4624-9d4e-35670d6c39a9,53d00c40e32aeb924a84ce72b1af869d,sudeste,ibitinga,SP,2026-07-04,,True
c9886d77-5d32-4721-9897-3e882cb6a734,93dc87703c046b603023e75222018b45,sudeste,belo horizonte,MG,2026-07-04,,True
7c9adf7a-e8e2-4059-b21e-32aa47625778,10076e5788b8ee532724bcd460baf762,sudeste,batatais,SP,2026-07-04,,True
90075188-4b3d-4815-8f63-f1171d97fe81,804287717b9156fb7a787acd9af4fac1,sul,maringa,PR,2026-07-04,,True
de01237b-e174-4c76-8790-617ddb46f01c,4dc646b9b9e8e411ef48ba000ea3ac6f,sudeste,valinhos,SP,2026-07-04,,True
1af004bb-e257-4a26-9e9f-0ed2b4448345,e9c6969d40e6a3d2d0f90013165c2b98,sudeste,sao paulo,SP,2026-07-04,,True
18a7f378-8663-4cb8-923d-c27a733331f1,bd0a1b0aadca9a83d9304f7e8ff5fbd5,sudeste,sao paulo,SP,2026-07-04,,True
c5d2f8b8-9fdd-42ff-bf28-d9dfebf411ea,340636a908b13bbe0f4fb63fbe1d0c03,sudeste,sao jose dos campos,SP,2026-07-04,,True
514bc296-454d-4824-97c3-942faf3a5dba,cf654707ed6a99f112c7ec3d6f314b8b,sudeste,sao paulo,SP,2026-07-04,,True
70a92c05-38d6-4ea4-bc96-4bba368c32bb,01c97ebb5cdac52891c0ed1c37ba0012,sudeste,catanduva,SP,2026-07-04,,True
575cf51f-6cbb-4277-aa0f-26cf76ab15ad,f0b47fbbc6dee9aafe415a6e33051b3f,sudeste,maua,SP,2026-07-04,,True
6706f219-1b86-439e-a2c9-a0bd3121bbb5,bd149ed516d4c5d418d5781f8e18919f,sudeste,guarulhos,SP,2026-07-04,,True
54a48a27-22da-4a98-96f9-e0deae77fdd2,3dbbce181edfaa4a597ec858c382d2ec,sul,curitiba,PR,2026-07-04,,True
b6be3959-45c3-41fd-b678-eb3e5835f908,06532f10282704ef4c69168b914b77be,sul,paincandu,PR,2026-07-04,,True
9c65fe63-d2ae-4635-8ba2-6173a0574a3e,1127b7f2594683f2510f1c2c834a486b,sudeste,campinas,SP,2026-07-04,,True
c5872d38-3589-4144-b62a-4da6c31c26b7,cd52a8efd71af3336b14b5039b951cc1,sudeste,palhoca,SP,2026-07-04,,True
c5957eab-5b74-4016-a62d-456109f6921f,79ed755314cfe6df0daef2c6cd3022cd,sudeste,rio claro,SP,2026-07-04,,True
e31fbb5e-7b0f-468a-864e-c12a74aa0f54,2c9e548be18521d1c43cde1c582c6de8,sudeste,mogi das cruzes,SP,2026-07-04,,True
0637d7b9-2a80-4f42-9ed0-a33a51c65b3d,bc47d5d1490df2b36add65d733eafaba,sudeste,santo andre,SP,2026-07-04,,True
405d7592-0d8a-44d9-8469-316e3d632085,7caa63f175b1cecbfaadd8b5ab9998c7,sudeste,sao paulo,SP,2026-07-04,,True
cca76a19-e743-4627-9f5d-0b0f166281e6,de66a66f2dd06bb9ec37aa96987466a3,sudeste,rio de janeiro,RJ,2026-07-04,,True
bd408e77-44ab-4fb1-8dbf-1d93818c5224,fec6275253471ace26d209bbaa64cd0f,sudeste,nova friburgo,RJ,2026-07-04,,True
98b8e5b7-4704-400d-9db0-578b24892414,c31eff8334d6b3047ed34bebd4d62c36,sudeste,salto,SP,2026-07-04,,True
a72b2836-2c92-41e6-8884-999a3cf72194,c87abc38c8ed3240861729e1aeadf221,sudeste,sao paulo,SP,2026-07-04,,True
2871dc6e-9259-48e4-a2d2-6dea64dc5db1,07a9bc7f61396b658ddf3ac534efe44c,sudeste,sao paulo,SP,2026-07-04,,True
b80eb910-ea68-4bdc-bfcb-c249eb7e1d7b,822166ed1e47908f7cfb49946d03c726,sudeste,tres rios,RJ,2026-07-04,,True
688b4b00-97e7-462d-a489-1c52e0b6c3e9,a45314082d50d578a4721c9787ce09ab,sudeste,mirassol,SP,2026-07-04,,True
8c46e6ef-0fd6-45b9-aeee-1f97a3170012,98e164d549402270247f3c96a1a158ef,sudeste,sao paulo,SP,2026-07-04,,True
4747370b-f0ed-4e8a-8e2c-b102c8aa8e60,59bbc819b99a733f02f0d6b49d1c253d,sudeste,campinas,SP,2026-07-04,,True
fe23a956-c9ba-4acf-84f6-eb60ede3bb41,2e3be8a987a30d7544dbbda6861cc14e,sudeste,belo horizonte,MG,2026-07-04,,True
68b3a1e6-d8a7-4516-bebe-d3c6a015df4a,b6c6854d4d92a5f6f46be8869da3fa1a,sudeste,sao paulo,SP,2026-07-04,,True
03a32b31-8c36-4433-a0d2-0ec051f4946e,f1b93673502375d491780bb49d615dbc,sudeste,sao jose dos campos,SP,2026-07-04,,True
a619ce71-0bbe-4441-b007-a2751de7de10,bbd3acfe6de99892e73940d3fdceaf68,sudeste,santo andre,SP,2026-07-04,,True
2487b046-9f26-4769-9ed1-e143b57fcc1b,b3f19518fcec265b2e97af287725f981,sudeste,tanabi,SP,2026-07-04,,True
cf26c92b-5f07-4f9d-ac71-86d9e94db2ff,b2ba3715d723d245138f291a6fe42594,sudeste,sao paulo,SP,2026-07-04,,True
21fff8b7-4ec5-4b09-951f-0a5f51545d3b,b410bdd36d5db7a65dcd42b7ead933b8,centro_oeste,goiania,GO,2026-07-04,,True
fc7ca31e-d374-47b6-a4e1-43607e74ff34,31344c16881c08a8a72c6d2eb29918c1,sudeste,uba,MG,2026-07-04,,True
c1706094-8bc4-4e82-9937-2caa8974905c,4e42581f08e8cfc7c090f930bac4552a,sudeste,portoferreira,SP,2026-07-04,,True
572dd74f-1fd3-4093-9827-81d04556912e,9a208dee8f95cfdf00760c4d627828ec,sudeste,belford roxo,RJ,2026-07-04,,True
daebb6f9-3607-4347-b9ac-1edf7b9f4db0,d58d521f3789def2e7a22715e0badd93,sudeste,sao paulo,SP,2026-07-04,,True
8aadfffb-ec53-40ad-bd03-ecb6f58a6c01,0aea4c6ae1505b3228ddf3dd7822ee5b,sudeste,sorocaba,SP,2026-07-04,,True
887258d9-d86e-4774-a5da-1b59a9dc78bf,b3809b8d4394588a47c8470ea331e135,sudeste,sao paulo,SP,2026-07-04,,True
98392188-b398-4ad5-8102-44acb5a0821d,fcb5ace8bcc92f75707dc0f01a27d269,sudeste,guarulhos,SP,2026-07-04,,True
8b93b0be-3e16-4d0c-9d16-7bfb309f5224,6a0cbc8af2e8abd1bdfb777943d174c6,sudeste,batatais,SP,2026-07-04,,True
e6d98620-45ff-4b8d-84cc-902cc3363154,1b0b0f4f95e962d6f32fe90c759d0479,sudeste,sao paulo,SP,2026-07-04,,True
b44a0f1f-9af8-4420-be11-0457865bab12,70126eecc6aa1274392a1743866e9678,sudeste,barueri,SP,2026-07-04,,True
0aabeafe-9668-4cfe-a83d-a151577fbc3e,cb0b3bcf14e0a709df412a99424a59d7,sudeste,sao paulo,SP,2026-07-04,,True
3f4cee1b-3b57-4880-912e-ab240f7eeb2a,8931a84a914b3fe9b1ddaa4d704947ca,sudeste,sao paulo,SP,2026-07-04,,True
60db8da9-cae3-4937-934a-a91db1b12c5a,7681ef142fd2c19048da7430856b5588,sudeste,guarulhos,SP,2026-07-04,,True
0954b8af-053a-4c5a-a388-950e60f11bbc,3771c85bac139d2344864ede5d9341e3,sudeste,sorocaba,SP,2026-07-04,,True
37062cdb-d439-46b7-bb29-5a8c68bbb054,7ddcbb64b5bc1ef36ca8c151f6ec77df,sudeste,sao paulo,SP,2026-07-04,,True
a9032f3f-38e8-4c70-b46f-589573b8375e,02b72cdeb9cfcc429f1af6f4e3f3b737,sudeste,ibitinga,SP,2026-07-04,,True
9ef06879-9fdb-4c48-b9b5-b65d1e88e528,3481aa57cd91f9f9d3fa1fa12d9a3bf7,sudeste,capivari,SP,2026-07-04,,True
16633dd9-f838-4a11-8060-2b76441ba55c,a218df5c097b0ca409cfaac1488cc7f6,sudeste,araraquara,SP,2026-07-04,,True
dbfe6455-9621-4239-9aa7-d5511882a4fb,bd0389da23d89b726abf911cccc54596,centro_oeste,brasilia,DF,2026-07-04,,True
e3522f3e-5a13-4e0c-b771-8f50a6e58858,af3ef48d0e13835e529c29ac573c63e5,sudeste,araraquara,SP,2026-07-04,,True
07f0bd06-5731-426d-bf6b-93a8291e8356,855668e0971d4dfd7bef1b6a4133b41b,sudeste,itatiba,SP,2026-07-04,,True
7a2a9932-7b55-417f-b81f-f76b98e92e43,77e4abfd739aed9c46480f90f81c0eb4,centro_oeste,brasilia,DF,2026-07-04,,True
0289d74d-7111-40a7-a66f-c662571f4197,bac44fa8e13424950488659b5f765c41,sudeste,sao paulo,SP,2026-07-04,,True
ab91f9ee-b705-4f1d-948d-9c06ebac9c69,863d2ebcd347ce4922de7a0f9a5581d6,sudeste,rio de janeiro,RJ,2026-07-04,,True
243f764f-8a8f-4c8f-9fbc-2d61a3fed31e,1c68394e931a64f90ea236c5ea590300,sul,sarandi,PR,2026-07-04,,True
5a309d5f-bd4e-4bc0-86b2-4df9fd60b72a,95b293867b5862941c9cd74f756a3c68,sudeste,sao paulo,SP,2026-07-04,,True
a4bff83a-82bd-41bf-b7a9-af1d9f3dcae5,e62b2d6ac10570a035a30bafcf01d263,sudeste,sao paulo,SP,2026-07-04,,True
f2cdff3c-ad81-42f9-9fe9-4f89e61e490b,f63d8f293af3a6454377546bd9dd19ff,sudeste,votorantim,SP,2026-07-04,,True
8620c6a4-8f32-4e42-b193-8ddbf4c909ad,7a425d299613df3e613bcf9d2eaf5c49,sudeste,rio de janeiro,RJ,2026-07-04,,True
917b3014-0853-4e62-8767-41f8c43a7803,6bb0724edf0b62fb91ac404873a97241,sudeste,cotia,SP,2026-07-04,,True
fddbc685-447e-4879-a7b9-89ecb720c813,112453736dbe3889cfb74e1aaa0ba0c1,sudeste,sao paulo,SP,2026-07-04,,True
f69f73fd-a31e-4373-a61f-4655c382864d,f593898ec748b7a8cb81fc04edafd98a,sudeste,pedreira,SP,2026-07-04,,True
18fd1186-b503-4ce4-bcf5-9d7b60b038e5,96f7c797de9ca20efbe14545bed63eec,sudeste,cravinhos,SP,2026-07-04,,True
0500c02c-5323-42bd-9069-ab777d667eeb,77530e9772f57a62c906e1c21538ab82,sul,curitiba,PR,2026-07-04,,True
6bdf5017-1a4b-4b16-9821-894453499e12,297d5eccd19fa9a83b2630071ff105e4,sul,curitiba,PR,2026-07-04,,True
7d4dbeb5-e14a-4345-9d15-0d5b8d798fdc,191d55f7edb8524d525ed01b20fe32e8,centro_oeste,brasilia,DF,2026-07-04,,True
d96ac81f-3667-452c-8cf3-cf384b4cdf7d,ff69aa92bb6b1bf9b8b7a51c2ed9cf8b,sudeste,sao paulo,SP,2026-07-04,,True
5727dac0-fb07-403c-96a6-f0c7c980d8a9,5733d806668f8712c24b9abaefbfa642,sudeste,chapeco,SP,2026-07-04,,True
34ad03a8-f66a-4503-9c2f-f8e70141158d,65b081a070633e057c462abdd6fb9dd8,centro_oeste,morrinhos,GO,2026-07-04,,True
53007ab5-c537-4d65-a25c-f5e14044ba33,edf96ef93ed595084bbcbd9224bd2894,sudeste,sao paulo,SP,2026-07-04,,True
58eb971f-8059-4c89-a8d4-27855e473c84,6a8b085f816a1f75f92dbac6eb545f8f,sudeste,bebedouro,SP,2026-07-04,,True
26f74b96-945a-4fd8-97d8-67a1ae881fa1,f3295428338a40977a03f555246a70f4,sudeste,vitoria,ES,2026-07-04,,True
de8b6da7-72be-4360-bcd0-41e9c8b5e65d,75fbb52eda0cbc24f479d3b2fbfa8d3e,centro_oeste,goiania,GO,2026-07-04,,True
9b3edbee-47e2-48a6-acd5-bb532e0d5ad3,e5d4b2b0c3bca22085f7a19a28de0c42,sul,joinville,SC,2026-07-04,,True
4cc4cc15-b48a-4527-b857-f1f96235efc3,6187a137b2af59dfdbad8d9f8c373c14,sudeste,osasco,SP,2026-07-04,,True
f4ed2a7e-a95a-4f26-8065-75c27f674530,062ce95fa2ad4dfaedfc79260130565f,sul,lajeado,RS,2026-07-04,,True
b67d5beb-f35d-4cf1-903e-561017defdf4,c200c73f9d7e5a08ca439d6a0803da7c,sul,almirante tamandare,PR,2026-07-04,,True
efc24da4-122e-4796-9631-c168324ef16f,2ee0a0689f2f6a72f35a7cb6033f6e7e,sudeste,presidente prudente,SP,2026-07-04,,True
bf78e6ac-b39d-45a2-a14e-9472d69705d3,a08692680c77d30a0b4280da5df01c5a,sudeste,sao paulo,SP,2026-07-04,,True
7f0a01e5-5831-4c8e-839a-eafdfcc64fa9,dd533b429f380718b70ad9922c294bae,sudeste,barretos,SP,2026-07-04,,True
f54f8381-1521-4e1c-a20f-e303ef4e2661,582d4f8675b945722eda7c0cb61ba4c7,sudeste,bertioga,SP,2026-07-04,,True
1f3dd771-38f0-4096-96bf-cee232746fc3,74636e24f01da9268b0ed88dacd8513e,sudeste,sao paulo,SP,2026-07-04,,True
45f0ddc0-b52b-471e-87a9-41bbb4e50438,09bad886111255c5b5030314fc7f1a4a,sudeste,sao paulo,SP,2026-07-04,,True
7bddb236-f424-4320-8c02-1fb597ea31b0,94144541854e298c2d976cb893b81343,sul,viamao,RS,2026-07-04,,True
d2533baa-6d8c-49e8-868f-667d4e2369f3,bf84056e679dbe9c69929847a40e338f,sudeste,sao paulo,SP,2026-07-04,,True
dbea154e-4e5e-48ed-a004-1899c6757265,21c62b998a043ebe31161d38f84929fc,nordeste,fortaleza,CE,2026-07-04,,True
62bbc5a0-c4b9-4275-9c7f-34fd4e611154,02d35243ea2e497335cd0f076b45675d,nordeste,natal,RN,2026-07-04,,True
6cd93c0d-13f5-49cd-b9db-4b861d7b99a6,1c129092bf23f28a5930387c980c0dfc,sudeste,sao paulo,SP,2026-07-04,,True
93d33105-af1c-46c5-8b12-e259e23052d4,a1040efe9ff4a6f93c28b0499eada8f5,sudeste,jundiai,SP,2026-07-04,,True
1f300f38-72f7-4d69-86ff-d8934b22a914,2d9e8987a2ea5cf88dce330249043ff1,sudeste,jaci,SP,2026-07-04,,True
e0786cb7-a182-494e-9084-d9c5f36cde7e,fdf736c18c589ed030e058312203e1b2,sudeste,pocos de caldas,MG,2026-07-04,,True
3cb3e580-04ee-4e83-9eba-8a0c386fcca8,e433f5fd4050e3352b5d83522b7fe24b,sul,arapongas,PR,2026-07-04,,True
0151d69f-ee78-4f5d-b152-3e11c2117a12,b01c2b7b8599b325103ebcddc67413e1,sul,venancio aires,RS,2026-07-04,,True
be0a6965-bfba-4b16-b1e7-e6f9b050d3f1,bb5d956dece964a06c12bceb66b923ae,sudeste,rio de janeiro,RJ,2026-07-04,,True
a90b5ec1-8dfb-4793-8d09-ce9463b44ccb,3afc536624bc2e65bddfb5db33cc01f3,sudeste,belo horizonte,MG,2026-07-04,,True
6169046a-d573-420d-aa43-6b100f32e75d,8090490573c6c0aa343a7231ebcb8c86,sudeste,sao paulo - sp,SP,2026-07-04,,True
27b2985f-37d6-47c7-893a-29f5f326e4c0,26d6bbee02420494d471c9f6436929c0,sul,curitiba,PR,2026-07-04,,True
cf3eacab-1acd-4d7c-9e4b-21b94f6eabb3,602044f2c16190c2c6e45eb35c2e21cb,sudeste,ibitinga,SP,2026-07-04,,True
6b43e28a-3cea-4498-8087-dbc289c0649f,b347677812ea483b0f528eaf8cbc09b7,sul,curitiba,PR,2026-07-04,,True
9afe3117-f207-452f-93ae-85fb97dda7d3,d94ba08b99bedd6a5f6c875ecc4a6fac,sul,apucarana,PR,2026-07-04,,True
515aa03e-1465-4d58-8c43-12dca3fe33bd,880ce4951cf857ab1d9e0b75c1d856f4,sudeste,belo horizont,MG,2026-07-04,,True
89a54618-a597-4fa8-9007-e0c640de9863,b499c00f28f4b7069ff6550af8c1348a,sudeste,limeira,SP,2026-07-04,,True
12c83cba-277a-446e-85be-2cf8a1c717b4,7a2d2949aea47fab95fd98d6c9f618b1,sul,curitiba,PR,2026-07-04,,True
81c0236d-84ce-4f02-995c-69a0ea18aec3,fad44952713764836814be105382aee5,sudeste,rio de janeiro,RJ,2026-07-04,,True
3ea7de15-d662-4042-9dc6-6bd2bb1ecf70,f1ed6bd0a9b11b581f16c851c6a5a527,sul,porto alegre,RS,2026-07-04,,True
d0e79260-aef4-47d8-ba5b-a6107e03fb2d,624f4ece8da4aafb77699233d480f8ef,sudeste,sao paulo,SP,2026-07-04,,True
6bff9e9c-8bb4-4bcd-9cad-f3ca0979bc96,95e03ca3d4146e4011985981aeb959b9,sudeste,rio de janeiro,RJ,2026-07-04,,True
50fd094c-6417-41a5-9d19-2fa5809cae27,1771297ac436903d1dd6b0e9279aa505,sudeste,guarulhos,SP,2026-07-04,,True
ac58acfe-0d87-41cf-9f7f-5e943c270f72,1d503743d2526f03f0c2c89540ee008c,sudeste,sao paulo,SP,2026-07-04,,True
fe872826-c506-49d8-8718-6b45e5b66741,fc5a0d7a310a7a41abf86a458585ff2b,sudeste,sao paulo,SP,2026-07-04,,True
766414ca-be97-4f24-9cd0-ac19cdb50a93,e1bed63d68ac36fe1f3061befe196af5,sudeste,mogi guacu,SP,2026-07-04,,True
47e0e9e7-dfca-477d-9e43-a806ae31fb28,73da1880b39c71de2b262bc7720c1494,sudeste,sao carlos,SP,2026-07-04,,True
dfe3f979-ded5-428b-ad12-d468cafce381,df560393f3a51e74553ab94004ba5c87,sul,loanda,PR,2026-07-04,,True
5c73d232-a844-4241-af50-2b5edb51a7c3,253f95b3a0e6983ae18aed49fbc2b845,sudeste,sao paulo,SP,2026-07-04,,True
8465dc7b-883c-4a82-bd54-aa10dc005f32,834f3294fba9f932f56edc879193f925,sudeste,araraquara,SP,2026-07-04,,True
acd8f0b8-9f2b-4e60-8be0-0c498cc08711,6c177e38df6d3f34182b1f1d427231bf,sul,curitiba,PR,2026-07-04,,True
65fce182-a941-42c3-871c-fe4e8cd3507b,08d0949a9a17c027262db1f3c450c26c,sul,cascavel,PR,2026-07-04,,True
03f81fea-8af9-4eaa-b0eb-32614443f792,11fb6f6d341adbe19e81733701704635,sudeste,sao paulo,SP,2026-07-04,,True
eee01c3c-3842-4dfd-a3fa-7a87100b08c4,04843805947f0fc584fc1969b6e50fe7,sul,ivoti,RS,2026-07-04,,True
cbbdff97-3853-4685-a6e8-2a975ea65674,e3b4998c7a498169dc7bce44e6bb6277,sudeste,sao paulo,SP,2026-07-04,,True
ec31bc8a-aa4a-46e3-8595-374ddf639454,a37c340b91cb0169e8b029db6440fba2,sudeste,sao paulo,SP,2026-07-04,,True
e4f20c1c-d059-4115-a5c7-435262ad22c0,e628d4a53c109f09ca88098338b3a3f5,sudeste,belo horizonte,MG,2026-07-04,,True
520ae3cb-4df4-4a87-8253-dc056f7da3cb,381c83fdca332ea6afd896da20bf6e4a,sul,curitiba,PR,2026-07-04,,True
27afd9a5-c8cd-45d1-b7fb-ea9325e926cd,6fd52c528dcb38be2eea044946b811f8,sudeste,sao paulo,SP,2026-07-04,,True
07af288b-c881-4b9c-a217-4e4d35322421,189ca3538ce9f920cacf0f982cbe223b,sudeste,sao paulo,SP,2026-07-04,,True
0d22b1b0-bfd4-40d3-b041-aed277e36bea,20cb7c2fde3e5bf10f0bbe7394e1c6a9,sul,andira-pr,PR,2026-07-04,,True
98f2031d-6d5d-4789-ad1f-6ba7315b61d7,7e79d65b5c6f1f544b7daea036acf720,sudeste,sao caetano do sul,SP,2026-07-04,,True
d6516718-c6fa-4149-87cd-54933431ec7c,fd435faa3c0422b60440ea3480d0e77c,nordeste,joao pessoa,PB,2026-07-04,,True
63843eed-51c8-4329-a256-b6eeae68518e,6bef34c5be6f2bbd70aa5165f6df94b1,sul,timbo,SC,2026-07-04,,True
1169bb8f-faea-4be3-83f6-8d3ae118c2d2,ae9690c6e8fee182c28c9ff8e11ca52c,sudeste,sao paulo,SP,2026-07-04,,True
f9c3a009-7e62-4dc2-8cc6-2c970947e3b7,f7720c4fa8e3aba4546301ab80ea1f1b,sul,curitiba,PR,2026-07-04,,True
e9c62388-e6a0-486c-a9bb-24257ecfd3a1,5bba18b40e8c973b0f32e748004775b0,sudeste,itajobi,SP,2026-07-04,,True
4937f21f-6dc0-4bec-9bc6-56131b56fd14,7b7f91e98f8c6def45a1407923304402,sudeste,osasco,SP,2026-07-04,,True
63981044-fe13-4f57-a340-0d1339ef673b,4c2b230173bb36f9b240f2b8ac11786e,sudeste,sao paulo,SP,2026-07-04,,True
60621978-e7a4-4582-8160-c2221ac3d8d5,a23266650e7c84bb93fbbba502137478,sul,porto alegre,RS,2026-07-04,,True
00f46d96-3173-4729-88e5-0c52a063aa0c,d2df77822373f19934e87694d8640767,sul,arapongas,PR,2026-07-04,,True
c01bbae3-2469-4b97-b97d-e626a8305422,8fbd63429be6d3e5e6d1a709b6464802,sudeste,santo andre,SP,2026-07-04,,True
01f5e36b-48a8-45e4-8e47-16e34fa2fc83,ac6417315ae5da8f9a38ee11de6f7780,sudeste,aruja,SP,2026-07-04,,True
2e2aa4a7-4f37-4533-b853-f6baa918cb1c,81336a0f57a33776419727a300249e90,sudeste,sao carlos,SP,2026-07-04,,True
21d84542-9773-4f98-9607-807d316548d0,02f623a8eb246f3c5f7c2f96462654e6,sudeste,botucatu,SP,2026-07-04,,True
328f576c-78ed-40c7-aeae-d3074cd239fb,56db5c0782e8f7ddc9343f9576ff6d16,sul,palhoca,SC,2026-07-04,,True
df0becd2-5e10-4897-945d-a5f8165d1231,29fe9f200d3fa0c668d2aa1ec7e08dfb,sul,balneario camboriu,SC,2026-07-04,,True
cda6260e-000a-47c4-9c21-3f1ee7cb6894,271b8923c6a549e02d3c9fd1f8c0422b,sudeste,praia grande,SP,2026-07-04,,True
aaaa26c1-0704-4a7f-b352-299fb2f9a21f,4e06067cc08b3f41d837768d392c3ee3,sudeste,betim,MG,2026-07-04,,True
6746b327-4969-43ca-b523-912eea43f0d2,ec933281fb017b5020d06df29c3f77e8,sudeste,sao paulo,SP,2026-07-04,,True
546e7c2b-a53d-4038-a868-00432513f4d3,49e7217cfe4e427191c378ec626d8737,sudeste,formiga,MG,2026-07-04,,True
389bee53-f983-4fe8-9d05-67d393e204fb,34f563c82a85b99ae9e6d60db5fc2e28,sul,campo bom,RS,2026-07-04,,True
ca1b1dba-b35a-4f51-8738-3a59ced1110a,4ddeb3e828550cddc8d45c8bc36ab2d1,sudeste,sao paulo,SP,2026-07-04,,True
8490f7f9-534a-4d02-9501-79f91f05e91c,90d4125885ab6c86e8820a722be71974,sudeste,taboao da serra,SP,2026-07-04,,True
2992aefc-62e8-493e-a97f-3f303cab9fbf,3a734b715d333a2588a3d54a0c9b8746,sudeste,osasco,SP,2026-07-04,,True
9bbbe066-40f7-41f0-81a4-45c1c3f339f8,f5b84683a9bf9e1df748cf40f601b39c,sudeste,sao paulo,SP,2026-07-04,,True
4afd2d08-d3c6-419b-bfdf-2ef10871530b,392e0502231ae2f8b29994ef6398cd77,sudeste,cerqueira cesar,SP,2026-07-04,,True
028158e5-5b23-4209-a80e-e1f73861d4a8,5d0363b33554b373851fc1622e4d5f3c,sudeste,atibaia,SP,2026-07-04,,True
dee5117b-8221-4ae0-b337-82cd6dd1d3c6,6e85dc5ecd97a61094b89b046a509d8e,sudeste,marapoama,SP,2026-07-04,,True
b2700f68-60c2-46ad-8c3c-b702111a64d9,417a1e6c7321084d2a0ae0d023cfad93,sul,imigrante,RS,2026-07-04,,True
f9858fa4-83d0-47fe-9d6a-3f4ac3656de8,013900e863eace745d3ec7614cab5b1a,sul,curitiba,PR,2026-07-04,,True
be96f009-dbf8-45a3-8124-b46cbb14c155,c157bdeedcbc9a8e3c8bf0d87ff24428,sudeste,mairinque,SP,2026-07-04,,True
30a33777-fbcc-440d-a96a-8a9161846eca,fa3a0b5aabb344b9a92e3524b0202123,sudeste,sao jose dos pinhais,SP,2026-07-04,,True
aa236939-9aee-4f0c-b25a-a75c623a5560,88cf19ec1fc2c58f161aee259d57142c,sudeste,sao carlos,SP,2026-07-04,,True
036c2a54-7b83-42cb-a397-269f5f932ece,c13ef0cfbe42f190780f621ce81f2234,sudeste,sao paulo sp,SP,2026-07-04,,True
7598a181-754d-48ee-821e-9c55a2cabb29,fc908879b9ca1bd65419e54e50432d38,sudeste,sao paulo,SP,2026-07-04,,True
1975e0f7-add7-4bc6-b39f-428558f4e489,c679fb69a36e1d8349e8c50a217b4d58,sul,caxias do sul,RS,2026-07-04,,True
311c409a-28ba-4e1d-a64d-2a334b14482f,17a053fcb14bd219540cbde0df490be0,sudeste,mogi guacu,SP,2026-07-04,,True
dde59206-afa9-4ec4-bc09-98499ab1c732,2d34636518ba88f5349b732fcf8ba2e4,sudeste,sao paulo,SP,2026-07-04,,True
4afe5d31-8eaa-48d8-b9c1-eb78a426b6fe,d79e8478eed9999493990b44955fb22e,sudeste,rio de janeiro / rio de janeiro,RJ,2026-07-04,,True
c38a2ce6-6a6e-420c-a003-08f048ee580b,458d868c9642f55f18f04e951a3fdde6,sul,porto alegre,RS,2026-07-04,,True
07bb5fc5-7d95-4274-a6b9-8e6f8c65f0ff,41b14765bd56c8ad10971074380f9c0c,sudeste,santo andre,SP,2026-07-04,,True
c5b1504b-896a-4e20-8316-d09792392c91,e439f7176d763f92de325271111b2fd5,sul,joinville,SC,2026-07-04,,True
eee40daf-0601-4c09-8c68-913f0ba684eb,7f2617c58d5d06806987308b45654351,sudeste,sao paulo,SP,2026-07-04,,True
0c167b10-10ca-40b1-9c2b-b17920b79092,cac63f48c38cd7d002a7e846dcd99a23,sudeste,sumare,SP,2026-07-04,,True
7ae7e956-61de-43bb-9eac-5655d2c0cf3a,04ee0ec01589969663ba5967c0e0bdc0,sul,lajeado,RS,2026-07-04,,True
b2ebd86a-3ff0-4c64-95fd-cddddb0fb3b1,f00e21b1e91a79653163b7fd8f293ff1,sudeste,andradas,SP,2026-07-04,,True
323df892-dbb3-48f6-a1ff-003f74df348f,9140ef75cc8211c4035935e80e567204,sul,maringa,PR,2026-07-04,,True
b9362559-b3bf-4f6a-a99e-785e1bb5f9ea,79a679c36c08d606b3fd47ead9de109b,sudeste,sao paulo,SP,2026-07-04,,True
dc49b152-61ca-4b18-a794-d10206ed008e,cc5a78bbad32776dc4e3af205218368c,sudeste,divinopolis,MG,2026-07-04,,True
bc130cdf-8850-4623-8565-a11117f60802,6eeed17989b0ae47c9f11ece6f38ea90,sudeste,sao paulo,SP,2026-07-04,,True
0a58f229-e51b-4f7c-bb44-ba1b1d39d7b9,b5f0712d22a873b6797ab6cc65c3fcba,sudeste,sao paulo,SP,2026-07-04,,True
3d8756fb-6f69-4855-9564-ac5bdb9b6ce8,3f9c56764fabca627406093dcb3ef0b4,sudeste,rio de janeiro,RJ,2026-07-04,,True
60f1b2de-a1e6-4667-b914-347da60a36b7,efb628aa07c8ca93d7db0d85b91a4f5a,sudeste,nova iguacu,RJ,2026-07-04,,True
2fa7fc69-fdc4-4985-bfc8-0e2a5eaf697b,4e922959ae960d389249c378d1c939f5,sudeste,jacarei,SP,2026-07-04,,True
63299017-d5d9-49fc-9b80-8217d06a5a38,47648caee88ccfe951fbb27fbf7b4cbe,sudeste,diadema,SP,2026-07-04,,True
8fb49733-a481-4064-82bc-445a019b1a85,ca4b77513ac2040591b0d8fae6958380,sudeste,sando andre,SP,2026-07-04,,True
f1785d2d-7fe5-4187-9087-c256e5ac06b1,7957cac1a02f45d0a4a7e45626382ec2,sul,curitiba,PR,2026-07-04,,True
3d063fb7-6db2-4744-8242-465d578cb4f2,4cc4fd4fdd406a85bbdc1f824b731bd7,sul,toledo,PR,2026-07-04,,True
d15a6082-6536-45d2-94dd-25936ab2bf6e,b8630e1121437d41cb08e3c749c2c2e2,sudeste,duque de caxias,RJ,2026-07-04,,True
2ed7d9b0-9568-4f7d-a3c4-26e0787bbc87,cfe94489ddd337d1e29e12f2a7205d10,sudeste,sao paulo,SP,2026-07-04,,True
afab4db1-bcfc-47c0-acdb-a43b7b37471b,9cf787a239c1aa29dbd76f153dc13f9a,sudeste,franca,SP,2026-07-04,,True
21a405d7-9b7a-4e80-9b5f-e385c7ef1e84,2a50b7ee5aebecc6fd0ff9784a4747d6,centro_oeste,brasilia,DF,2026-07-04,,True
1aa6a4d2-829d-45a4-a42e-d81817cd3a01,d297f1055de2956aedfd3b04113dce3e,sudeste,nova odessa,SP,2026-07-04,,True
59c6c908-e035-491e-a3fb-91a538492ffa,2c3d56f92f360fb89d849b84e8f50eae,sudeste,barueri,SP,2026-07-04,,True
4c4c01b1-36c4-48cf-b645-3094fb6dd448,3442033154be05bac582e173ef54fd12,sudeste,sao paulo,SP,2026-07-04,,True
0cde48d4-2e30-432d-8637-4c115ddb0882,78744a20ee2f80ba64f6804c25def2b8,nordeste,recife,PE,2026-07-04,,True
d6bf2f74-0fe5-4d68-a6c0-cbeb2f883d42,c990d6cf976a5718aaedc539f383ab88,sudeste,paulinia,SP,2026-07-04,,True
b2a33538-0b6b-4ba4-a1cc-e9d5f8f49d05,94e93ce877be27a515118dbfd2c2be41,sudeste,votuporanga,SP,2026-07-04,,True
f0b95287-e214-4ebf-bee3-77b2e04b1093,b566ab0ef88016e00422755e305103c6,sudeste,extrema,MG,2026-07-04,,True
7c0296b1-b955-494e-b8fe-1597e5d423a2,d9cb0052a666de5308b32f32ad5f1b1c,sudeste,olimpia,SP,2026-07-04,,True
c34e4307-3a60-42e8-85d6-2e4bc926cc4d,a89e143d5211473ae18db9577ee34b64,sudeste,limeira,SP,2026-07-04,,True
5fe7c247-a1ca-4588-b910-bf028a78f094,1f2eebc0e970fd3c463e4f5d9652687a,sudeste,sao paulo,SP,2026-07-04,,True
137360eb-28b8-4a1e-9cd8-d9de7cc0f82e,941554c5757b73ba0e50aa7732310afc,sudeste,sao paulo,SP,2026-07-04,,True
27b9cf1b-7ae2-4e15-a7ff-b4ae764b38c0,8581055ce74af1daba164fdbd55a40de,sudeste,guarulhos,SP,2026-07-04,,True
aca82256-3a88-40d4-a79c-9f259b03dc82,a9ae440659f48b7849df83e82734150b,sudeste,santo andre,SP,2026-07-04,,True
ec27d648-8b00-4343-8d08-4c1d52ab5282,c963a25b8671419c6ce9eebe8fd03218,sudeste,angra dos reis rj,RJ,2026-07-04,,True
f2cc6559-1b4f-46d1-8f01-8ac0c36cb38f,9485a23c0430ba1d58d359391606fce6,sudeste,santo andre,SP,2026-07-04,,True
203d84db-8d8f-4206-b10b-65b10bbe8029,0951a6e282947e09cd47969f4ed0b47f,sudeste,taboao da serra,SP,2026-07-04,,True
8e11201d-610d-4047-8248-30d315fc0312,52f0fe436a347ddad7ed5f9aa4e27eaa,sudeste,sao paulo,SP,2026-07-04,,True
d92e5187-7340-4c89-9ee5-7dbf7b0c6ac6,9c7fd21e0aa159b20da593371f08ff7c,sudeste,osasco,SP,2026-07-04,,True
3aa7b4ab-3db7-49a0-b3f1-ecdaa2990bf7,c33847515fa6305ce6feb1e818569f13,sul,brusque,SC,2026-07-04,,True
ed3b7653-b01f-4758-add1-f22101f09ad3,8b8cfc8305aa441e4239358c9f6f2485,sul,londrina,PR,2026-07-04,,True
9644d1e5-c9de-4155-9914-4a7d186dec74,2c00c85d30361cd2ced2969cffbbffa3,sudeste,belo horizonte,MG,2026-07-04,,True
0261940c-655b-4b70-9a4d-e425b8c0dc77,d4e4b5192cba4e0e66eb12a9d347239d,sul,toledo,PR,2026-07-04,,True
06f9129f-11a4-4f39-964e-5f305541e562,ade45994b717ccee333492330fbf037b,sul,umuarama,PR,2026-07-04,,True
6417211b-bd08-4f23-b142-e6711c79b156,bb5bd94c8f59cc050072d2930c869cac,sudeste,sao paulo,SP,2026-07-04,,True
fb46b643-1d48-49be-ad23-4abdfa96ca92,b05b432bf68945d4d9783f9e3ca29ee8,sudeste,birigui,SP,2026-07-04,,True
9bd2c338-467b-40f3-a6f1-46c2510f639d,2a7dc43cecabf23403078e2188437d1d,sudeste,sao paulo,SP,2026-07-04,,True
97d295db-660a-4382-926d-ddfacf0fd631,578fa3a9cb6b6dceab39231ad59cdaca,nordeste,fortaleza,CE,2026-07-04,,True
88b82b49-8d36-4ed8-90e6-8a07e7da8a66,615c3462099ffa940d37b17dfda19594,sudeste,rio de janeiro,RJ,2026-07-04,,True
a4ecbe7f-a195-4faa-a942-f32b6ae25e7b,a3f0b55de503387383c7b1de3ad7f678,sul,curitiba,PR,2026-07-04,,True
0ade9177-c9f7-4ae6-8315-f0dcbdb8fc46,6d7f8d9d594e28796b6b3205b00f459c,sul,curitiba,PR,2026-07-04,,True
13cc6fb2-0edc-4075-88ee-78f3a79b7ec4,7b7ed56ae755e2880f2b69632e839c1e,centro_oeste,goiania,GO,2026-07-04,,True
9b567a74-d862-4d49-b1a9-9b21ce4e598e,4fae87d32467e18eb46e4a76a0a0b9ce,sul,ronda alta,RS,2026-07-04,,True
ca1a366f-f4dd-4d27-af6f-99f5fdf98786,ea566164622c6b439516ab18062c42cd,sudeste,sao  paulo,SP,2026-07-04,,True
8702dade-6ba9-4b56-a554-1be24172f694,821fb029fc6e495ca4f08a35d51e53a5,sudeste,sao paulo,SP,2026-07-04,,True
54054e2b-cfd5-4c14-9c6c-4208bbf65615,d6ab728cf30867cf3f1a2e216ae2f9b7,sudeste,sao paulo,SP,2026-07-04,,True
1d4a7c73-1999-4b34-b3b6-d8b84eeb6ee0,1a932caad4f9d804097d7f8e615baed1,sudeste,sao paulo,SP,2026-07-04,,True
41ba50b5-f91d-4a3e-9a54-1eb95d445e07,173d56ffbd4c56cb80fc3615487d712b,sudeste,sao vicente,SP,2026-07-04,,True
046629f0-c4d4-4fca-a5e5-ae12e128ed10,2be17df1c49978426251562096c3cc09,sul,tubarao,SC,2026-07-04,,True
94f6c6b0-6c80-4888-ba84-29c2b5432586,f7c31656c19db6275a8acadca289f426,sudeste,ibitinga,SP,2026-07-04,,True
0a5227f6-1a3a-4907-ae2b-0feb67e572ba,6025c79c035c3d772133b8b8238463b2,sul,pinhais/pr,PR,2026-07-04,,True
dbcf28d0-01f7-445f-bad7-9952d4280821,c6381d2d013342748761e906d45aff76,sul,portao,RS,2026-07-04,,True
675452a3-2dd2-4b61-bd8f-24626c453071,c500367424994318b9e779ff1ae9a330,sudeste,paulinia,SP,2026-07-04,,True
6379f767-b081-434f-a878-e25c0b76cff1,19e0f40a907ec568c34bfac15de4f4a1,sudeste,americana,SP,2026-07-04,,True
ec31ef2a-a531-498f-87ac-262e510825c3,ecccfa2bb93b34a3bf033cc5d1dcdc69,sul,curitiba,PR,2026-07-04,,True
77f69624-b18b-4481-babd-a94eaf17bd95,c66dccfb3f109511246da627dd5a2498,sudeste,registro,SP,2026-07-04,,True
7b9e9f9f-2d1f-4443-9aa4-27a4d5d21172,d921b68bf747894be13a97ae52b0f386,sudeste,formiga,MG,2026-07-04,,True
c300b368-dc1c-47b2-ac4d-fba987550031,929f342384a6607afe143d789ade1316,sul,londrina,PR,2026-07-04,,True
39a5694b-3355-4a13-806e-bcd91771e90f,e256a62e0ac58c0edfba09966142d561,sul,curitiba,PR,2026-07-04,,True
cf12939f-b21d-4299-af5e-0a096349c9bc,b5b800c4065bebf4d3442311c9857344,sudeste,sao paulo,SP,2026-07-04,,True
453b8d8c-5b2b-4083-b7b5-34a164e092c6,c8417879a15366a17c30af34c798c332,sudeste,sao paulo,SP,2026-07-04,,True
537fb498-5a6d-4b6d-9d67-eb1199c20129,8dfbc5ff27df12f6cef751d3b9554222,sul,curitiba,PR,2026-07-04,,True
91672c69-4242-402b-83fb-0607b3a465bb,e732329483fd5f27367dd997b47f598a,sul,blumenau,SC,2026-07-04,,True
2d5947ad-4ac1-43eb-97d8-a5ded5d9d5d7,989becdce12ebc39863c2bceab6f3ca1,sul,curitiba,PR,2026-07-04,,True
716d5d87-ae82-42af-904e-a1671f2ab287,9f56a7a649097b166d8ed286ad86a15c,sudeste,rio de janeiro,RJ,2026-07-04,,True
6211da9a-cf20-45b8-82c6-5702749dca79,c4d51195486dc781531876a7d00453d8,sudeste,presidente prudente,SP,2026-07-04,,True
7f797057-13fd-46b3-80f7-036a218ea6e1,98115075dd26cb8835946fc6086f5d30,sudeste,ao bernardo do campo,SP,2026-07-04,,True
37ab547c-78c7-4ad4-8437-fd12ef58be30,2305ab43e846518f58dd9d59f3f54e96,sudeste,sao paulo,SP,2026-07-04,,True
18f381c9-fb91-497f-8f4a-f60a4fe18691,2528513dd95219a6013d4d05176e391a,sudeste,osasco,SP,2026-07-04,,True
21181ba3-a82b-4c03-a089-93efa7e19561,64c9a1db4e73e19aaafd3286dc448c96,sul,curitiba,PR,2026-07-04,,True
6aae8df7-2e2a-49c9-baf1-ae6913a88f20,44ed138eca6214d572ce1d813fb0049b,sul,canoas,RS,2026-07-04,,True
dc0f9063-b8c6-49be-9059-e65de89cbedf,ce4755084bc097113867e6454f8f5e52,sudeste,ribeirao preto,SP,2026-07-04,,True
2623a3eb-c362-4f41-837c-729248824d6d,3e51f9cbe317bc3a88f2c76583811ee4,sudeste,sao paulo,SP,2026-07-04,,True
1b43c707-7265-4d02-ae24-0ff81b63523b,204b4e07bddef3c9b317f70189135b22,sudeste,borda da mata,MG,2026-07-04,,True
00d7f4f3-e88b-4a1b-8d72-a8b4405ab674,921323538c9f1c4e816f2720eac02bea,sudeste,sao paulo,SP,2026-07-04,,True
e9048c46-9e60-44b1-a123-104652a437d7,1464afc72f696af775557a821c2e253f,sudeste,nova friburgo,RJ,2026-07-04,,True
50c9d817-11b5-4a45-a2b0-8bb803e0c788,77a515caa36327151d1cc6c32a9f00e1,sudeste,diadema,SP,2026-07-04,,True
394894f2-bb63-46c8-98c1-61749432c4f1,32fdd5d44ecb43dfd6a24b9369eca144,sudeste,carmo do cajuru,MG,2026-07-04,,True
f17c3d15-f730-48bc-aaac-1f27667b24fd,4b0fdb526525f9890eb145bf1534640e,sudeste,ibitinga,SP,2026-07-04,,True
c683fc1b-9477-4c15-adc9-4dbdc746e0c7,1cd9e0cc1839d55516843def5600816d,sudeste,sao paulo,SP,2026-07-04,,True
db87051f-8b61-42eb-ae0d-7c45f553669c,7fc87cc3e89b3d1d5cabdca32f8485aa,sudeste,guarulhos,SP,2026-07-04,,True
a80715df-c8a2-48b5-861a-0a13021792bd,0c7f30ae9b147eca07affbef92832a6a,sul,ponta grossa,PR,2026-07-04,,True
a6374a0f-5c29-4bd7-b2b7-ee26c632856f,e09887ca8c7bf8a4621ce481820414ef,sudeste,sao paulo,SP,2026-07-04,,True
0985109b-88b6-47fb-8f51-9afb7aea78b7,318f287a62ab7ac10b703ac37435a231,sudeste,sao paulo,SP,2026-07-04,,True
6e7adc5e-8596-4ddd-9fe9-b0f2578f707f,52bb00821bcdd358a5a5a27e1f6be5a1,sudeste,osasco,SP,2026-07-04,,True
cc94310a-222a-423a-b211-422fab841098,acb6c2ca5c82411c1fdb88d5fd5eb95e,sudeste,sao paulo,SP,2026-07-04,,True
e9be54d7-fc46-4ece-82b6-98851eb6a282,26e2e5033827d2ba53929f43e03d8ffe,sudeste,sao paulo,SP,2026-07-04,,True
a5bf67e7-c578-40f6-8a3a-1cb7d2d7ca99,55dedd83e501d8248880557d9073cbfd,sudeste,rio de janeiro,RJ,2026-07-04,,True
205678f3-133d-451b-a388-7c5d479a0138,5b179e9e8cc7ab6fd113a46ca584da81,sudeste,sao paulo,SP,2026-07-04,,True
a24949cd-6326-4c72-9a4d-0ecbe2960c8a,ffdd9f82b9a447f6f8d4b91554cc7dd3,sul,curitiba,PR,2026-07-04,,True
6d13578d-41e5-4d5f-929e-3c8eda1b5bbe,4eeb99008a0f59d2c7759c59f9a346eb,sudeste,embu das artes,SP,2026-07-04,,True
f881dd7f-e65c-4fe2-bbb9-743083757af4,f3511c85f59f8dec53d140501ee8e7a8,sul,curitiba,PR,2026-07-04,,True
3f75b0e7-ec71-4588-81ab-eb757f9ab328,60da8bfa7eebe230b7d66ac4082d79b3,sudeste,fernando prestes,SP,2026-07-04,,True
09f2ac34-07d6-4f8d-95d0-3ad5f0e67653,2c538755f1ca9540af144f266e70df6c,sudeste,castro pires,MG,2026-07-04,,True
0e62fc10-d756-4357-bb39-757da198a5e8,cb41bfbcbda0aea354a834ab222f9a59,sudeste,sao paulo,SP,2026-07-04,,True
d0231a4f-7ed0-4f63-8af8-686b37762d2f,2379bdc3888025689a9deb7b141507d5,sudeste,mogi mirim,SP,2026-07-04,,True
d71f27bf-233b-437a-9e5c-d970e2d30da0,5ee7fd217d08dfe5d3e2f51f96a12c9a,sudeste,vargem grande do sul,SP,2026-07-04,,True
e0b12cad-bfea-48da-9932-0de8cb6123d5,a414555ce331b8c8aea4a9cb8395194d,sudeste,sao paulo,SP,2026-07-04,,True
e7d84628-a2d7-472e-834c-18789f3b5c17,92992bec39dde5766f590d3b1f46d465,sudeste,sao paulo,SP,2026-07-04,,True
9fca3caf-2c2f-4b51-b9fd-40efda446664,834f8533b2ecb6598dd004ff3de7203a,sudeste,sao paulo,SP,2026-07-04,,True
c44cc543-4bd1-49ec-81b3-9d8e58150278,b5f49fe968dff6b112861e6cd8e192ef,sul,curitiba,PR,2026-07-04,,True
f8f4dd13-294e-4e10-a916-e0be7bc77772,b26741d31a563d769b4af0465ab20c56,sul,florianopolis,SC,2026-07-04,,True
3d95dea9-b7fe-40fc-9db6-cae6c8e0c55e,f7315bb81aea4ddca2d39e249a801c98,sudeste,guarulhos,SP,2026-07-04,,True
ab848c5b-3d05-438c-b4bc-dceaa7b4c4de,8e2b3afb420011ef0c88c9d5f11ea526,sudeste,campinas,SP,2026-07-04,,True
9a16477a-5447-4e76-850a-26845efd13b8,8fff28c4263ddec387f28d237fb42773,sudeste,sao paulo,SP,2026-07-04,,True
7b1d9e9d-f7db-4a46-804d-3692d33ac0d7,0ddefe3c7a032b91f4e25b9c3a08fca1,sudeste,sao bernardo do campo,SP,2026-07-04,,True
0fb9e729-3df8-4a48-82a4-5928fe6f17f7,730937bf88cb151eb2eb849f642fc213,sudeste,rio claro,SP,2026-07-04,,True
1005e51d-82e7-4d7e-b56f-11edb5bf2a15,cc3d14116804f7209f3884f6367f1152,sul,curitiba,PR,2026-07-04,,True
46b50bf6-33fc-4bb7-82a8-41092378b3b7,5dc203c7b84a0e71e878a179de05fb9a,sudeste,pompeia,SP,2026-07-04,,True
94622fde-f7f2-4c4c-baa9-268dad397c93,440dd6ab244315c632130ecfb63827b1,sudeste,votuporanga,SP,2026-07-04,,True
03877f05-f792-40b5-8d5b-ba1d2c3c5e05,66fd84ee7528c0c0de85d0f44a73d5ab,sul,campina das missoes,RS,2026-07-04,,True
e736a43b-abc8-492a-a305-8a4493244be4,fec6912baad85d41729669edd6b4d3b8,sudeste,ribeirao preto,SP,2026-07-04,,True
af61e78e-f59b-45b6-bd09-e002b6416bdf,666658b8da8370f30e1f89893b1de5e6,sudeste,sao paulo,SP,2026-07-04,,True
13789555-1094-4ef4-8019-a21ecd1f977c,f3c38ab652836d21de61fb8314b69182,sudeste,sao paulo,SP,2026-07-04,,True
e52aac39-20da-484e-b6d9-0c4847fa8063,90b57083da5d803237da74daec6dcb2b,sul,curitiba,PR,2026-07-04,,True
e5dbd483-7edb-4193-92bc-810d684983ce,45d33f715e24d15a6ccf5c17b3a23e3c,sudeste,sorocaba,SP,2026-07-04,,True
e7844687-ff05-4a2c-abad-cc45ac287db4,1bb3812d5f0747a3ab7348f199001a10,sudeste,sao paulo,SP,2026-07-04,,True
f029f7af-3f8c-458d-87e2-61ce57a2b197,c33a5c3c983090c8b78a28e65052a20d,sul,criciuma,SC,2026-07-04,,True
83796991-07b5-4579-999f-ba6c9cafd83a,003554e2dce176b5555353e4f3555ac8,centro_oeste,goiania,GO,2026-07-04,,True
32d7b1be-6f2d-4b6a-81e7-c80fe4909b0e,16090f2ca825584b5a147ab24aa30c86,sudeste,atibaia,SP,2026-07-04,,True
1549c593-b859-4ee7-a724-534834ea01d5,5659d77e8d90378e39b960ad5956f64e,sudeste,taubate,SP,2026-07-04,,True
7c27ea03-546b-4740-9619-84d2cc1fe2e5,b561927807645834b59ef0d16ba55a24,sudeste,sao paulo,SP,2026-07-04,,True
e79df9d9-6eb1-4163-b3d4-b55c17b78614,28d162ab86bb49d719c32f0ee6186eaa,sudeste,ribeirao preto,SP,2026-07-04,,True
96dfe1d0-9cfd-4896-85be-4d602fbbd9fe,e06f09ec0a4aca210779cf1cfc63cf19,sudeste,sao paulo,SP,2026-07-04,,True
d1f1b918-12c9-415a-987e-549ba6fa6b86,8c9348f33ae3dada25c99c99ade2af78,sudeste,carapicuiba,SP,2026-07-04,,True
871d2e27-fd4c-4f6c-a6fb-c3e9324c69c1,da6a60cc8cc724fe51be021ff8be779c,sudeste,sao pedro da aldeia,RJ,2026-07-04,,True
34e0fe7f-174c-4bcd-b68a-124a1add3556,461ff5303b6c9c1a4a07f40c5aece516,sul,pinhais,PR,2026-07-04,,True
d74e4a88-ccba-4777-8885-632b5b53405a,e82de6494d91d3c4c54450f59b227a94,sudeste,ibitinga,SP,2026-07-04,,True
7e878ff9-ae9c-4d80-ac6a-5504825b7e8d,213b25e6f54661939f11710a6fddb871,sudeste,salto,SP,2026-07-04,,True
d0a11e62-e98e-4040-b313-5d73c2a45793,78c99c6dff4eeae5be99bf635ed21e3f,sudeste,marilia,SP,2026-07-04,,True
7b2ef813-a905-47e7-b6b2-6d9b4e570d3e,a36ac007a4d18f865c8d32c3b2402c2d,sudeste,barueri,SP,2026-07-04,,True
c6f4a068-66e7-416b-a479-1c4c5c040e27,a2e85714b56b1cb6bb24a9a6e6cad36f,sudeste,miguelopolis,SP,2026-07-04,,True
c45f2236-68c8-4d15-b1c1-14a51d91d1a6,6b333a05bf188ef3e1f1662a86bd9855,centro_oeste,brasilia,DF,2026-07-04,,True
8e047e89-7952-4ca1-9427-b30e71600a1d,56642bcb79900e777d68e91915cb4267,sudeste,sao paulo,SP,2026-07-04,,True
94fc88d4-43a8-4e5c-8a14-312a2308a1d0,41b86b552e54e3a7009596125aa8b167,sudeste,sao paulo,SP,2026-07-04,,True
9381e371-699d-4bc6-b665-ba48b479a27b,1d0997ff06b524ce9289ffd75114ecd3,nordeste,recife,PE,2026-07-04,,True
c838b6bd-2f0e-4488-a940-9b0f98509316,73b8eb4a9a729d4019b24ed1be748cbf,sudeste,campinas,SP,2026-07-04,,True
185cd2bf-1201-453d-a455-70fd9164d8cf,a69aa24cec11168e7e39a3fbc727e925,sudeste,carapicuiba,SP,2026-07-04,,True
0cea908e-2714-48bd-bbc5-7409278c2865,8ea394aed8138685abe1eb9f25e1021d,sudeste,sorocaba,SP,2026-07-04,,True
b664731f-2780-4dbc-b6f8-ed57826cfc84,8a130737016f838139d31878787a39c9,sudeste,sao paulo,SP,2026-07-04,,True
e4e64107-f892-4ffa-abeb-8e7d518d0d89,f682e0f848abafc6f41e0d4e868c66ef,sudeste,mairipora,SP,2026-07-04,,True
42206e9a-05ab-4c9c-91a8-3ed112922c12,11742f81550ac064cc9a40f67151d9ad,sudeste,catanduva,SP,2026-07-04,,True
160f2435-9c0d-493c-8a03-e08da9fbec54,8a40ae794fa3f9892cee24bd5af0488b,sul,curitiba,PR,2026-07-04,,True
c64342e1-33ab-49c6-9aa3-38dbc999873b,0936e1837d0c79253456bbb2ffaaef10,sudeste,sao paulo,SP,2026-07-04,,True
a530645c-b276-45a4-8731-18b87be6e63f,850f4f8af5ea87287ac68de36e29107f,sudeste,sao paulo,SP,2026-07-04,,True
b3677cc9-b445-4f14-987f-cdd39bf11d5f,4dc2e811a1760953cb7c6a590b498943,sudeste,itapui,SP,2026-07-04,,True
5e7234a1-b746-41ad-8371-2c49b1e9bd62,343e716476e3748b069f980efbaa294e,sudeste,campinas,SP,2026-07-04,,True
ec0bedca-8408-4c08-adba-f59ec9d67b05,e9729944ba65dc3ce425e0c5a22ae7b2,sudeste,petropolis,RJ,2026-07-04,,True
7bfcf10b-def5-482e-861d-e2292bf270d0,e0eabded302882513ced4ea3eb0c7059,sudeste,campinas,SP,2026-07-04,,True
18f34685-0613-4868-9a44-7e6a1ca2e062,643214e62b870443ccbe55ab29a4dccf,sudeste,sao paulo,SP,2026-07-04,,True
7d7dc7e0-96d6-405b-a395-ed068c044b89,0aa124728afc1131dff5655f4c6f487b,sudeste,alfenas,MG,2026-07-04,,True
ff93f1d6-0301-462c-9506-7d6a84f1593f,ce27a3cc3c8cc1ea79d11e561e9bebb6,sudeste,sao paulo,SP,2026-07-04,,True
8cec3b6e-f71c-418b-ab63-6b32970258b6,da4d149c0ddbac90557103ac0a0ec356,sudeste,sbc,SP,2026-07-04,,True
eda24ae9-289b-4292-8fba-26a030240885,0241d4d5d36f10f80c644447315af0bd,sul,curitiba,PR,2026-07-04,,True
da447958-55a6-4cef-89e5-399ae36bea8f,272f092de69afedd4d2969440b37f18f,sudeste,sao paulo,SP,2026-07-04,,True
7f549afb-af69-4c4f-9798-2a62dfe0a20c,d1aa1ec0839dcab73a6161130eb1f94a,sul,curitiba,PR,2026-07-04,,True
baeb2bf3-b80d-44af-8598-10cb00faaa57,8e8a7ce9f2f970dc00e2acf6f6e199f6,sudeste,sao goncalo,RJ,2026-07-04,,True
1c8f1ff2-fa1e-4e9d-a292-0824308d32f5,d7827b2af99326a03b0ed9c7a24db0d3,sudeste,londrina,SP,2026-07-04,,True
c10216c9-4e73-4507-a219-da12e48338ad,3935fe5fe0f82787a9dcb8deb62be09d,sudeste,sao paulo,SP,2026-07-04,,True
d68d4867-a426-431b-b20b-36afb6870584,119d1aef1b4144adba89163f6cd9f5d4,sudeste,pedreira,SP,2026-07-04,,True
acdf1b11-30e8-4668-82b3-66559232c32e,9a1aea68d3efa00862ec88c0768037d0,sudeste,catanduva,SP,2026-07-04,,True
e97f093a-d9f1-4ca8-acaa-e66cc386a316,a9b533a26e898b12e8b8d4c07279bf4d,sudeste,rio de janeiro,RJ,2026-07-04,,True
78ad1598-36d7-496a-b4e6-550f0451c302,5b51032eddd242adc84c38acab88f23d,sudeste,borda da mata,MG,2026-07-04,,True
d2b9aa6f-ba37-45ab-a50b-059de833c223,8cc6a0e5738e61a87b03c78b2ba9db4b,sudeste,andradas,MG,2026-07-04,,True
d2f630da-10ea-413c-b8bc-d98ce673ca4d,c53bcd3be457a342a97e39e5a9f0be22,nordeste,neopolis,SE,2026-07-04,,True
c1b3d030-0f1f-47b4-a5d6-4675065cff21,f4db9b37944bcb8873e6b456ee190bbf,sudeste,itaquaquecetuba,SP,2026-07-04,,True
10ea4a6a-83e8-4c39-87cb-b5791c3ab28c,729b2d09b2a0bdab221076327f13d050,sudeste,mineiros do tiete,SP,2026-07-04,,True
bdcc6f91-2471-47af-b1ea-13ede2c5782c,18e694e0e48ed6f7aa3f24aade5fd697,sudeste,varzea paulista,SP,2026-07-04,,True
4fa6497d-f5c5-468d-8815-033292c86683,30a81d8cf85fb2ada1b1b094c9583a95,sudeste,sao paulo,SP,2026-07-04,,True
e03d52e6-3d4b-4a5d-80ed-338b5e930581,6561d6bf844e464b4019442692b40e02,sudeste,franco da rocha,SP,2026-07-04,,True
507ddf50-1dfc-4d0e-9545-6ea1989eebf2,e64d65bc8dbec2accda90c58de5d1246,sudeste,rio claro,SP,2026-07-04,,True
8c3b7014-11ae-40ab-92e0-4df2ab88b43c,3903c788ded8dc03b5ebab37a2f3e9a1,sudeste,carapicuiba,SP,2026-07-04,,True
c624c0e5-33a4-462c-9335-f7330fd3e99d,63191ead8d3b2f937cd1996fdcbbad20,sudeste,jundiai,SP,2026-07-04,,True
70999525-8075-488f-a02d-70a8d941b18c,67bf6941ba2f1fa1d02c375766bc3e53,sul,curitiba,PR,2026-07-04,,True
d498d675-79cb-45df-91de-0aed460db6d1,897060da8b9a21f655304d50fd935913,sudeste,ribeirao preto,SP,2026-07-04,,True
388a0f8a-e468-4e1a-b11e-fb96358bd59d,76c47a299e4a8fe992316a85865acbe9,sudeste,ribeirao preto,SP,2026-07-04,,True
3a416eb0-a9d3-412a-9570-0451c839f78e,d1b9d4be4b6f9ebd85f8acd6745ba612,sudeste,nova lima,MG,2026-07-04,,True
37125bd9-12e5-4044-b88a-f060aa1b15b5,3ea08c48e851106d2f584349daba335f,sudeste,barbacena,MG,2026-07-04,,True
b77a2ced-4c04-405e-bef6-9a66976d5046,389e45560e33d2d0747f949dcddbc08e,sudeste,sao jose dos campos,SP,2026-07-04,,True
eeabcdd1-e41e-4047-9f02-32ef8dfa42a8,b81e3a6c866a764974fe849821abeebd,sudeste,maua,SP,2026-07-04,,True
78ec7dfd-77a6-4443-9f08-bb49536819ef,40536e7ca18e1bce252828e5876466cc,sudeste,caieiras,SP,2026-07-04,,True
3a3eebfd-4064-4c73-a119-ff353f8220d3,b494891378bd8f4560abe576c52deacd,sudeste,sao paulo,SP,2026-07-04,,True
cbf5bdda-6941-43d1-b93d-40435d532e76,09f952a5f58d2285b0372551ae8f9b01,sudeste,sao bernardo do campo,SP,2026-07-04,,True
d53053af-4ac7-49fb-bef7-d35dec576678,14d7985702e72162bbf13b6beb74ab2b,sudeste,santo andre,SP,2026-07-04,,True
83fcf667-e4c7-4ff0-9771-62797f8cb909,2c4c47cb51acd5ea5db5e0ae0e26542a,sudeste,buritama,SP,2026-07-04,,True
6e977416-1166-4ff7-9067-e6b928d880ed,b416191c9813d821a295cfabafff4161,sudeste,franca,SP,2026-07-04,,True
2c687046-3209-46f2-931b-bcf2a6fc8399,9616352088dcf83a7c06637f4ebf1c80,sul,umuarama,PR,2026-07-04,,True
cdb19f27-7cca-463f-9518-785a99c8970b,557f22c76691849db52d2abccf0015d0,centro_oeste,morrinhos,GO,2026-07-04,,True
87b00080-515c-4fef-a8fa-4e5dabe82afc,968ee78631915a63fef426d6733d7422,sul,erechim,RS,2026-07-04,,True
07458ff3-4b7e-4228-843e-5fafa7aca907,533d46c1b06970e99f09523a61df4972,sudeste,itapetininga,SP,2026-07-04,,True
24e0bcc7-3b4b-4373-a179-c778663fcd2a,1dd33b8119b3cb1056ed5dc88cd0aaf4,sudeste,sao paulo,SP,2026-07-04,,True
37b30f43-92d0-4562-b5bd-d5f8983437e2,ac137bac82ffa8548e62bd9d01d2a14f,sudeste,sao paulo,SP,2026-07-04,,True
2b2f90b8-faad-4ae1-a5ef-1adc7e863ddb,2dcf93836ae3ce0d7c93e2f10876467a,sudeste,sao jose dos campos,SP,2026-07-04,,True
56415e4b-709e-4870-8c90-570103652bda,51702dc2a3e106c76dbff722b5bf0726,sudeste,conchal,SP,2026-07-04,,True
196cb8b5-e764-4200-a2b2-8faafd253ffa,97512d3fc193b2d1dfcdba0f9d1f0f8a,sudeste,sao paulo,SP,2026-07-04,,True
dfaf4b70-faa6-496c-b20a-9f2e8a95d2ec,f3975e8a41157005d4bcbb358678cd9b,sul,pinhalzinho,SC,2026-07-04,,True
d4d8d020-248e-482c-8463-ec5d279c41aa,76d336555bb25f3165d2f0d6da719c40,sudeste,sorocaba,SP,2026-07-04,,True
385ffd27-9561-41fc-9a4b-44e31a1ee587,f08a5b9dd6767129688d001acafc21e5,sul,porto alegre,RS,2026-07-04,,True
08c7b9ab-1cb0-43db-b01b-4174930ab18b,ae45df84722b1d15c5f32b23a095746c,sudeste,sao paulo,SP,2026-07-04,,True
7ab7e001-3d94-41c1-a6ea-5289fa852f55,d197aa8fbc64087f61984deef05f6227,sudeste,sao jose dos campos,SP,2026-07-04,,True
854f093d-db44-4773-b0be-008b7a5b2ab7,afa6714acee029b2dfdf357e5579cc03,sudeste,descalvado,SP,2026-07-04,,True
6e5764cc-976b-44d0-819a-b3c0227feda2,520b493b57809f446cb0a233bb3e25c7,sudeste,santos,SP,2026-07-04,,True
cc852c64-224d-4ed1-b029-3bb2917d5931,9b1ab052f5fca308ba743ac789ebb2e1,sul,pitanga,PR,2026-07-04,,True
0a191b21-de13-4218-99db-da512d2f569d,bab0a8cd684e41ba6e2637dca0979d3b,sudeste,rio de janeiro,RJ,2026-07-04,,True
fcfc523c-5dd9-4b82-b8d7-f930560fbee0,b83cedfb587e7911540e3f576d6917ce,sudeste,sao paulo,SP,2026-07-04,,True
37ba7889-0db0-400e-853b-a72bb852d5e4,0ef83d7d83ed97cd2a0049ac8be5f88a,sul,curitiba,PR,2026-07-04,,True
b79c93e8-80c3-459c-8b0f-b52e3e13f23e,d13e50eaa47b4cbe9eb81465865d8cfc,sudeste,santo andre,SP,2026-07-04,,True
37cbd310-0cca-460f-a48c-67b6b3910e6c,37303482a42fb700d8d127e70a9cd6c8,sudeste,campinas,SP,2026-07-04,,True
de34a024-f96c-4739-a978-3fafda382dae,b2bdc5e7940a7d7ca8c4a37953b27a42,sudeste,vargem grande do sul,SP,2026-07-04,,True
8e8cc7ca-004e-4d20-bb5d-d524da784d27,5c6d4016c2a288f074fa0848a2b653d2,sudeste,sao paulo,SP,2026-07-04,,True
c82c90f4-064d-44d2-a503-f60582b3e8ea,88cd3681e0a2ba85e190f7d817629c4c,sul,brusque,SC,2026-07-04,,True
840adca2-cfec-4be3-88dd-a572f693dc99,da8622b14eb17ae2831f4ac5b9dab84a,sudeste,piracicaba,SP,2026-07-04,,True
bd89521d-a541-4b39-b838-d4df4be04be8,fe26f3ecb51a15e6d8335cd92da42562,sudeste,sao paulo,SP,2026-07-04,,True
6c58d076-990e-4e02-b179-57e2e386d978,5151aea44289d6c6b090ee31c2132508,sudeste,marilia,SP,2026-07-04,,True
d24bcb6f-2fe7-40d1-8c15-2b3dfcc15650,9c351405b754cc5ce3e2ecf277bb034a,sudeste,sao paulo,SP,2026-07-04,,True
7b237c7d-09ed-4f9d-af2e-2cc2ee7772bd,13511db12ac61e2f89c53b72a944a60b,sul,caxias do sul,RS,2026-07-04,,True
c1203c27-6670-4214-a948-07419deb159d,4b90495391ac0bd181a80a459df1e718,sul,bage,RS,2026-07-04,,True
e34affe3-d36b-4408-8cba-c58c074c8414,b37c4c02bda3161a7546a4e6d222d5b2,sudeste,sao paulo,SP,2026-07-04,,True
7ea5d096-388d-4310-bf6b-d60d5974cdbd,5f1dc28029d2c244352a68107ec2b542,sudeste,sao paulo,SP,2026-07-04,,True
811bd8f0-e291-4aac-a533-8dd9d31180e6,710e3548e02bc1d2831dfc4f1b5b14d4,sul,rolandia,PR,2026-07-04,,True
fcae6cbc-b902-4c38-b719-c077506ac2dd,485452467ff670447e84a8370c3fc898,sul,taio,SC,2026-07-04,,True
175cfca6-b314-4a14-85d6-0acf931ee017,4d8809767a5bafe22909c77951fb6b41,sudeste,embu das artes,SP,2026-07-04,,True
3b81066a-4c3e-4bf8-ba99-a409244be2da,3ab971ce71839580d2ae5b4e40fe8044,sudeste,sao paulo,SP,2026-07-04,,True
73778473-1840-48a8-b1e1-0259e282e2ce,9d4db00d65d7760644ac0c14edb5fd86,sudeste,sorocaba,SP,2026-07-04,,True
2c3c1c4c-b4ca-4e8c-a5d9-c5371e49ea91,1dcfa3835714681d4ba4a93bc1e0fd41,sudeste,birigui,SP,2026-07-04,,True
50494f20-15e4-404f-a42c-45fed76212dd,6da1992f915d77be95d7fa48b36904af,sudeste,sao paulo,SP,2026-07-04,,True
0a950697-06e4-4253-b3c9-989aab8892d0,d4f117125b59ce73c3302f88ee40c458,sudeste,sao paulo,SP,2026-07-04,,True
9da92466-1d67-4c73-85f3-c7f167f3c7f0,1de62b6f2fd96227629786db492433db,sudeste,sp,SP,2026-07-04,,True
240a8da1-b523-484e-b314-157d264314ce,30a2f535bb48308f991d0b9ad4a8c4bb,sudeste,santa barbara d'oeste,SP,2026-07-04,,True
fe76a343-1acf-4bc8-8018-9e13554b0f5c,a36b125ac6d5fdbc7f50de85c9157bdc,sudeste,ribeirao preto,SP,2026-07-04,,True
be83034e-11ed-4dc6-afab-41a2beb14872,1336efc61c316ddf92c899eb817f7cae,sudeste,assis,SP,2026-07-04,,True
e64e0855-8184-4e8d-bcb3-f94a75cad987,620c87c171fb2a6dd6e8bb4dec959fc6,sudeste,petropolis,RJ,2026-07-04,,True
e73a6235-9b8d-48f0-9ad6-5b99811b962f,ab91571efab27993ff2f6b36e38055c3,sudeste,sao paulo,SP,2026-07-04,,True
2c41b4a4-3646-431d-91f6-00d34e3514bf,63a79f5a7eb5cb48a7e5787b141c7993,sudeste,patos de minas,MG,2026-07-04,,True
bed477ec-b0b4-4baf-ba1c-16737f61dabc,070d165398b553f3b4b851c216b8a358,sudeste,sao paulo,SP,2026-07-04,,True
cadf2708-3345-464e-b319-00d19e8e6052,b64d51f0435e884e8de603b1655155ae,sudeste,garulhos,SP,2026-07-04,,True
3e57c321-1461-4477-ae57-fb3f86294ba4,9fc70243fb26800cba56e8f014797004,sudeste,belo horizonte,MG,2026-07-04,,True
66842c73-f72e-4c05-a275-79cb98aed6b5,1cbcd2ee0afb3fc09963b87eb65e7e4f,sul,curitiba,PR,2026-07-04,,True
9ef61c1d-452d-45a1-832b-37d985139c3a,344223b2a90784f64136a8a5da012e7f,sul,gaspar,SC,2026-07-04,,True
7dcda9bb-828b-43b4-8b85-0fadfaa5d2c3,4c8b8048e33af2bf94f2eb547746a916,sudeste,ibitinga,SP,2026-07-04,,True
ed309df6-ca6c-4bd2-8c3f-863f96c4b1e2,7a704e63bb29c446869efde5d57524c8,sul,francisco beltrao,PR,2026-07-04,,True
8f7b70fd-10f4-4983-b914-0b6550bc14e5,88460e8ebdecbfecb5f9601833981930,sul,maringa,PR,2026-07-04,,True
10aad48a-dc52-411f-9922-5f62735fef4e,7d76b645482be4a332374e8223836592,sudeste,sao paulo,SP,2026-07-04,,True
35d5a4b3-0186-4103-a223-8f25a5ae28d5,296729ffb9b684050dd24836dac4494a,sudeste,curitiba,SP,2026-07-04,,True
8621b7f0-d454-474a-aed3-4b7cbc9abb2e,5f06030071324cc52bf0304014ac7234,sudeste,marilia,SP,2026-07-04,,True
b7f95a95-9763-45ce-8dda-ead3652a540a,c542f5a8c64d973f30e9df8d06f70b4a,sudeste,sao paulo,SP,2026-07-04,,True
90581eab-1816-4491-9c2e-05064dabef7d,d36b07fd3c5088e477a72d1fccfe29d4,sudeste,itapetininga,SP,2026-07-04,,True
d7adc642-b603-47b6-afa6-126a028f4a55,46ef1a25845fc051c2998d878354810c,sudeste,claudio,MG,2026-07-04,,True
f78fcad7-accf-4141-ac9a-4c768bf0dc82,a61cc04793308395a840807104365121,sudeste,jarinu,SP,2026-07-04,,True
634dade2-35b2-423b-b459-1bc37ecb6e5a,cac4c8e7b1ca6252d8f20b2fc1a2e4af,sudeste,indaiatuba,SP,2026-07-04,,True
714624b0-4632-4ad7-916d-d8df6a3fcbb2,cc63f0dd2acba93ffed4fe9f8e0321fa,sudeste,sao jose do rio preto,SP,2026-07-04,,True
b7e9c2e0-e964-42ed-88be-7891df9502a8,b29d3380981c51df13fc6fbe87e1763d,sudeste,ribeirao preto,SP,2026-07-04,,True
4c1387ab-df42-47db-a651-509dc56844cb,a53f60f05f822b5c621a50ff6a5cb362,sudeste,uberlandia,MG,2026-07-04,,True
c6a7deb0-1278-4254-ae44-289eb2e6b813,dbec9a0a7efeff029d4d9dce7dc4cc95,sudeste,belo horizonte,MG,2026-07-04,,True
932ee67f-7e1b-4f93-b94d-603596c2e75e,8de8fe3af4449ed695d2434c933ed73e,sudeste,sao paulo,SP,2026-07-04,,True
66c2ed9c-2b2d-4141-ad7d-9d4294c249ef,aa762680c40618316a896838866140ea,sul,curitiba,PR,2026-07-04,,True
c2809f5e-edf4-4451-ae24-be514be53407,577719699805dd125d5b6fdde5943bba,sul,nova petropolis,RS,2026-07-04,,True
8da474f8-2da5-40c1-8b2d-a5f4af263006,13dd308f81fea30cc670c656b2b46cc3,sudeste,santa barbara d'oeste,SP,2026-07-04,,True
6b75d217-b9fe-4811-b8cb-6b7322c1eb36,01fd077212124329bac32490e8ef80d9,sudeste,ribeirao preto / sao paulo,SP,2026-07-04,,True
3eb24fe2-edfa-41b7-84d5-dafebb80db1b,7a188843479798ca813108fa7b959286,sudeste,sao paulo,SP,2026-07-04,,True
e6e0cc2a-6bd9-4667-bfcd-a041ccf21f15,cb32766839f443db85c82a43c4a6c19e,sudeste,rio claro,SP,2026-07-04,,True
cfb53964-c3b4-427b-a5f4-5613a8a4618b,7aa538dd6e114e503a2e6154ea352253,sudeste,catanduva,SP,2026-07-04,,True
9e35c4c5-83ef-4bb0-a982-8e4c42da7119,e0a3c37054ade6478d923a6efc10f308,sul,camboriu,SC,2026-07-04,,True
9ec3310e-41a9-4b64-a2a2-26509e8d21c0,0d4c8269e7f0401201794deef160edd6,sudeste,ribeirao preto,SP,2026-07-04,,True
859be346-9ccf-4b9f-a204-e3285e7d6653,3d68c634a99a1ba46dbca3967a69c623,sul,nova trento,SC,2026-07-04,,True
36ef223f-00d0-43c4-b645-cbed820fc21d,8fbe2ee446b97e128471be4ce983dc0d,sudeste,sorocaba,SP,2026-07-04,,True
ff40ba83-99ab-4f3e-88be-f3c40087245b,e0b162a693bc7f9eab00f783a31d60ea,sul,pelotas,RS,2026-07-04,,True
8decea8d-279b-4567-9f04-05d474c4aebf,1f867308a0ce13133a4e639ff4de0c02,sul,curitiba,PR,2026-07-04,,True
8aa6e59f-4e4b-43e5-af5e-f0ee594f556f,06a2c3af7b3aee5d69171b0e14f0ee87,nordeste,sao luis,MA,2026-07-04,,True
c85adc92-204e-4bc2-b3ce-20a9da77ab47,2e90cb1677d35cfe24eef47d441b7c87,sudeste,sao paulo,SP,2026-07-04,,True
4ae2c903-49a7-4045-856a-dcafe7f415f6,9315e491484b1b0081ca166fc164108d,sul,londrina,PR,2026-07-04,,True
b6f158bd-1712-4194-8817-286126af72cc,adbc26658d6c7b4b6219f9d934598091,sul,curitiba,PR,2026-07-04,,True
d5d8b2f0-9f17-419f-99f8-50abbedd174f,0ffa40d54288e4f3499b8780dd0f144f,sudeste,presidente prudente,SP,2026-07-04,,True
12b5d271-ef00-4567-b7ab-b7056e1922c0,d05ae8f7a5bd1d2a690a44cd079e4e27,sudeste,rio de janeiro,RJ,2026-07-04,,True
7418023a-0ca0-4dce-b74d-53f024cf6ef0,508808d438fe2ff972ed13bb8f4a82e2,sudeste,sao paulo,SP,2026-07-04,,True
65f2f5bd-8b5e-4ce4-b39f-0c7668a1bc00,28fb0829fd777877cdc350d25cb5bd5b,sudeste,sao jose do rio pret,SP,2026-07-04,,True
a692437d-c56d-40e2-a550-75fe731197b9,c794dab4928dd97beb41d05514441e86,sudeste,artur nogueira,SP,2026-07-04,,True
fb2e6697-2159-4b82-83b0-7b3904db70b6,1976a05ecf2996d6ffb7b5430e635fe7,sudeste,assis,SP,2026-07-04,,True
853e08cf-22c0-4539-b4fc-afd05ed7af1c,c70a353f02429c00775a46a75fb787da,sudeste,sao paulo,SP,2026-07-04,,True
67eb91bf-96ca-4ef2-8a47-c1deb28e02b6,39d61be7a92eb77b7da367bd4845bc0e,sudeste,sao paulo,SP,2026-07-04,,True
97d5f139-18e7-4fdc-bceb-954d2b22144f,c510bc1718f0f2961eaa42a23330681a,sudeste,indaiatuba,SP,2026-07-04,,True
58d1cfb7-78aa-43ae-8af0-bdb5d28759ab,8cf21434553b02cbd37c0bbd07e041b0,sul,sao jose,SC,2026-07-04,,True
ffbc5923-4972-4f1d-92b5-0dd58ad1ab3e,edd066cd02126d7800f9b66e980e9931,centro_oeste,brasilia,DF,2026-07-04,,True
040b018b-1668-4631-8e53-e05b4ac2b064,cf281cf8b7affbdfe751b29cc85580e1,nordeste,eusebio,CE,2026-07-04,,True
6675bd47-69a0-44dd-921e-2bf0390b7067,392353362d22cc2c236e1ee81ff19890,sul,blumenau,SC,2026-07-04,,True
0017fbcd-91b8-4c30-bdbf-d9d95066c86c,1f7fd2a6fcd5a6fa5d8a4dabc72aaae0,sul,venancio aires,RS,2026-07-04,,True
f9167917-b4ad-4aea-92d2-291b6b6eb5be,c878515173c84a492ebe50d6b493230b,sul,itaipulandia,PR,2026-07-04,,True
dab1e309-906e-4ad8-90f0-4279750c0e46,77714512e8d4dda9c234da8e3faf16e4,sudeste,guarulhos,SP,2026-07-04,,True
1b0fcb6f-5da4-4122-a0f7-de23ab3cebbe,0eaa7e33d73809f1f925f7d07c506cbd,sudeste,santo andre,SP,2026-07-04,,True
4e63dfce-173b-42f0-990e-42b5a1210eac,bcf5566870987da7bc811fbc8c5b9fd9,sudeste,sao paulo,SP,2026-07-04,,True
ef03b21a-25c5-46ce-99ce-41d084c4e846,3d01d1c414c44b5943a09619ff3853cb,sudeste,campinas,SP,2026-07-04,,True
3bad47b0-e9d8-49ed-ac38-b4c8819b661f,2e1c9f22be269ef4643f826c9e650a52,sudeste,sao paulo,SP,2026-07-04,,True
6f50a5b9-5c97-4fbb-a749-ebc8a2974903,00fc707aaaad2d31347cf883cd2dfe10,sul,maringa,PR,2026-07-04,,True
0832d049-53d2-4155-9e75-f09bf1c2b30a,52f6f9f13ba19504c02781132a049e75,sul,curitiba,PR,2026-07-04,,True
61e95958-fccd-4c21-87cd-85c1304d9e9a,83c8aafbefb034674a70de0eac5b8954,sul,francisco beltrao,PR,2026-07-04,,True
c4d73fa1-588e-43cf-823a-b78f4257190a,58e4b302b54937e55a678c4d15111da4,sul,colombo,PR,2026-07-04,,True
8ca8984b-220c-4f96-919a-4b1de900f36d,d1c281d3ae149232351cd8c8cc885f0d,sudeste,ibitinga,SP,2026-07-04,,True
c42ea42b-e286-4fd2-980e-d171f99274c5,33c51922b6e3c16b24a8f28e5833c99d,sul,londrina,PR,2026-07-04,,True
69b51e07-b077-4df2-8812-b529101cafff,f80edd2c5aaa505cc4b0a3b219abf4b8,sudeste,sao paulo,SP,2026-07-04,,True
e27f573e-c834-4dfb-ad2c-a12fedc29dd1,0761743cbffb25d7148189e9f1a5f03a,sudeste,ribeirao preto,SP,2026-07-04,,True
7d55d5f2-cae1-4242-a1e7-a3a34155c1fc,0b46f784306be7200ca1700aa55d819f,sudeste,belo horizonte,MG,2026-07-04,,True
39af8f48-5841-4afb-8861-5ea41f717765,7a9c12e235c36247c3c81f50d6ea9cea,sudeste,sao caetano do sul,SP,2026-07-04,,True
548a6836-4d3f-4c65-a362-be226fdd372d,8629c241b3622ac12cd4118afdc8d394,sudeste,ribeirao preto,SP,2026-07-04,,True
4d509bab-8efa-47b1-8705-5a23c8070ce6,3ade81dab5a172b88e1871c28ae05260,sudeste,sao jose do rio preto,SP,2026-07-04,,True
10be32c8-87ca-4cd7-98f8-94fbd67657a3,562fc2f2c2863ab7e79a9e4388a58a14,sudeste,campinas,SP,2026-07-04,,True
1c8076f3-0ad3-4c77-bebd-39c830688c36,7dc8c42cc750eeafea6c85712ffee9bf,sudeste,sao paulo,SP,2026-07-04,,True
aa84f1f6-8184-4934-af45-d44eb1b50d85,247587846358bb1d2e4c6522020b36fe,sudeste,sao jose do rio preto,SP,2026-07-04,,True
e1b80148-ed48-4297-a6cd-f8586db27263,a35ef466c6fd6d052f5d241240d3c5e2,sul,novo hamburgo,RS,2026-07-04,,True
e13f4912-ad22-4e72-be47-82e5b04b7eb9,651530bf5c607240ccdd89a30c9c9712,nordeste,ipira,BA,2026-07-04,,True
f552c576-1ef9-4201-8b15-8feb2380905e,f1c1ac3f3efc07e659c035008e615e66,sudeste,sao paulo,SP,2026-07-04,,True
dbad3f7f-eadf-449b-9462-e137fabce4b8,df0f42bc4c2142eacf0eaf2cffd0cfbb,sul,itajai,SC,2026-07-04,,True
1752f550-ddc4-46c1-b9f1-1fd2a91020ac,40db9e9aa57f7bb151bcda6b0f9bdbb7,nordeste,recife,PE,2026-07-04,,True
30c5d211-d164-4db7-b595-5928309633ad,68ca56ce86830f3d31b1b7ec6a54da3e,sul,guaratuba,PR,2026-07-04,,True
06537475-8f0d-4b83-a96d-8cf75ec5446d,960945e1a9535cbc0cd6ddd35fbe7ae8,sudeste,sao paulo,SP,2026-07-04,,True
73b1b87f-227e-4c5f-80a4-021154e26df5,c00396cbdd2e088fe4281baa5920aef1,sul,campo magro,PR,2026-07-04,,True
0d94ed7d-ea18-47ef-aa48-c89e7e3bb019,8d92f3ea807b89465643c219455e7369,sudeste,sao paulo,SP,2026-07-04,,True
569d783e-780b-4646-93dd-9bc0feb76d12,c52c644cc0dc85121207a27013efc6af,sudeste,tiradentes,MG,2026-07-04,,True
624387e9-eeff-4c73-ae0a-66b6eca87181,7e26c750b4cb9f6766f58265ff9ebe95,sudeste,belo horizonte,MG,2026-07-04,,True
4d1adde5-4466-4b97-81e9-49b90a9ee2f6,5a8e7d5003a1f221f9e1d6e411de7c23,sudeste,campinas,SP,2026-07-04,,True
618b5c43-e568-4f0d-b265-e1d925fddb3d,6d1b9c9579132c87d2703ec38c30f2c5,sul,curitiba,PR,2026-07-04,,True
b128ad75-dd4e-4213-8861-458a6525d002,20f0aeea30bc3b8c4420be8ced4226c0,sudeste,santa barbara d'oeste,SP,2026-07-04,,True
99ed9f57-f5a6-4996-af62-fe720816b038,575df70bde3f9f2b30bf8d2e9910d725,sudeste,sao jose do rio preto,SP,2026-07-04,,True
1d99f823-01e3-4c3f-91a0-48e5a5bebdeb,5d3bb11474a06bdc23fb9e89f1164ee0,sudeste,assis,SP,2026-07-04,,True
2538c445-a926-43bf-8ba8-95ee603dad55,c35affa65afd250151285c5917fc1c8a,sudeste,sao paluo,SP,2026-07-04,,True
6d685faa-f309-4496-abf7-8e195d337233,e59e489e2ea74bd409b798b5daf49de3,sul,maringa,PR,2026-07-04,,True
e3d7419b-383f-475b-b098-13100c22795e,7d948535954aaf8c5d39db007f74372e,sudeste,guaruja,SP,2026-07-04,,True
2a4b2e6b-5501-48cd-8e19-46e930d60cc7,c7b7db6c8f3c64a7cc1afa634db21d50,sudeste,sao paulo,SP,2026-07-04,,True
0f94caba-66c0-416c-a345-7ec135f2fcf1,1352e06ae67b410cdae0b2a22361167b,sudeste,rio de janeiro,RJ,2026-07-04,,True
fc9b20f4-0ca0-4e4c-a7c8-05e8cf972642,3bb548e3cb7f70f28e3f11ee9dce0e59,sul,maringa,PR,2026-07-04,,True
fccccec5-5845-4560-91ea-17c5113daeb1,ee2fbacc2fc3794e656cc4d933d59ce7,sudeste,sao paulo,SP,2026-07-04,,True
50f78c98-578a-4aa8-a01b-9e631f5ca5e7,522620dcb18a6b31cd7bdf73665113a9,sul,cascavel,PR,2026-07-04,,True
7e0c2958-130e-4dc1-9940-72b53453a4ba,d32e3909cfb714fb2a6cb092c85b9c5f,sudeste,jundiai,SP,2026-07-04,,True
42118e89-8390-4461-b5d9-e8c1b7402145,e5c84227854980f1db19a58958c551d9,sul,fazenda rio grande,PR,2026-07-04,,True
302dd601-f62d-4c58-ab9f-e1b156a15943,ce7d1888639e6fb06b2749cbfdac1ff7,sudeste,baependi,MG,2026-07-04,,True
1cad41ca-e4af-4ec8-82ad-94094502a7aa,693660429f9dc4ff704eb3d88dad54d7,sudeste,santo andre,SP,2026-07-04,,True
b432cb2c-a86d-4ce4-9dd4-0c5028063172,2cb4700db635baa1c0d4f90ed27b6669,sul,curitiba,PR,2026-07-04,,True
e9b830e2-38de-47fd-ba88-8eaf86e710a0,a4b6b9b992b46e9ef863637af96e04bc,sul,florianopolis,SC,2026-07-04,,True
2548ffa0-b5fe-41f3-b2ab-902154198e3a,ff1e15b778c700abdd4d239b81ac466d,sul,curitiba,PR,2026-07-04,,True
916f279e-bdaf-405c-937c-d41420a57841,820c7c9eaf76d2b226b6c242bcf3f34d,sudeste,sao paulo,SP,2026-07-04,,True
3a07b63b-aee9-495d-9739-e4e9a3ea759c,85d9eb9ddc5d00ca9336a2219c97bb13,sudeste,belo horizonte,MG,2026-07-04,,True
d4e11b1e-d92e-4291-92ee-bdfbd9a3a15b,a673821011d0cec28146ea42f5ab767f,sudeste,sao paulo,SP,2026-07-04,,True
b260034f-caa8-4c43-9621-98c7131b3fdc,ebe3dabc4955c9b0d695e7bda38bf5c3,sudeste,ribeirao preto,SP,2026-07-04,,True
2380e989-1b49-4190-ae72-f6f46f67353a,ca7c6bd577e559472af1c699de9e764e,sudeste,sao bernardo do campo,SP,2026-07-04,,True
0eb3eab7-b235-4c90-98d1-59657d1236cf,c8b3445d737de6befde0c88ede534a5e,sudeste,sao paulo,SP,2026-07-04,,True
b289bb00-0470-4297-8bf0-a4b52849a066,eb5b6204dde3a6e03b5f1bb8479f055b,sudeste,embu guacu,SP,2026-07-04,,True
122e6abe-5b16-41ed-8c64-4584f460255e,4a5b36211b1f51bf7eaa5c10a57fa483,sudeste,sao goncalo,RJ,2026-07-04,,True
0e12d4a3-41e8-4e2d-aac3-5c7917113e5b,2e1a7d075abe038c1b2743005fe42ff1,sudeste,sao paulo,SP,2026-07-04,,True
f130b987-6009-4822-aaf3-6a10b0556b56,973f21788dfab357250f69a8dcb7ddee,sudeste,claudio,MG,2026-07-04,,True
ede2782c-99ef-41cf-9478-4005762800dc,ba89796db68db180bd389de96b2ff3b6,sudeste,sao paulo,SP,2026-07-04,,True
e51ba365-3117-43c4-86bf-e52c01ccfa09,b9ec22de23f18567de0e09d776ca0309,centro_oeste,brasilia,DF,2026-07-04,,True
782d9069-5b05-404b-9810-128f30a31b85,79ee721b6f766066a80264402548d359,sudeste,bauru,SP,2026-07-04,,True
fb8ac327-7938-4757-a169-5a97430ce6ad,11bfa66332777660bd0640ee84d47006,sudeste,ribeirao preto,SP,2026-07-04,,True
55ef0d9b-1435-4838-9fc8-ae2b0d955f0f,7d484ca289afaac6bf5fc6a1e96d2226,centro_oeste,campo grande,MS,2026-07-04,,True
fa4eb235-cc67-40ef-b0bc-e8a889b5231d,5160d23075764e18e07c1f4a87fad743,sudeste,sao bernardo do campo,SP,2026-07-04,,True
c21569a8-d8ca-413d-bad7-1cde560e222c,3a1a1fec38dd360f15fc912e821e169d,sudeste,sao paulo,SP,2026-07-04,,True
f0c4203b-d1eb-4015-bb51-34e57e925c7d,141440cad9341e553f8401c574a2aa38,sul,pitanga,PR,2026-07-04,,True
2facfb72-8ad5-4831-96c0-9ab61c66d12f,05aebce0b5c8f0d41b29b686f2d05fd3,sudeste,sao paulo,SP,2026-07-04,,True
3c1b7985-b74a-4d7e-907f-c4d2c9aafe25,dd39ad39b5d3df33037e141c72497ba6,sudeste,sao paulo,SP,2026-07-04,,True
9abb3e68-3e29-417d-bc65-02cbaa5a5a66,695051e2981c8b19e77cafe450d5bdf3,sudeste,osasco,SP,2026-07-04,,True
db976004-781e-4209-af67-3a821c7f4780,dd55f1bb788714a40e7954c3be6df745,sudeste,sao paulo,SP,2026-07-04,,True
9549db53-b465-494e-a63a-4ae491614949,ae7ab174effdead6c241e547e4ca13f0,sul,arapongas,PR,2026-07-04,,True
27250011-fc0b-4281-8649-33e3fbcb0d9c,9d7a1d34a5052409006425275ba1c2b4,sudeste,franca,SP,2026-07-04,,True
4dd847a2-91e5-4632-b560-9bd46762fb11,8c351ed7c326c62123318f4f3246e906,sudeste,praia grande,SP,2026-07-04,,True
9ad3ee05-be25-4c3c-bc46-86396b9cdcd4,dc4a0fc896dc34b0d5bfec8438291c80,sudeste,ibitinga,SP,2026-07-04,,True
a68ece72-697d-4498-b23e-af62cff56a6e,3a4127e1ba7208ea37044c5092aae170,sudeste,sao paulo,SP,2026-07-04,,True
eee45d65-a2a2-444c-a50e-33e1b374d69e,7c4402417d51474d4d0cda9557340e40,sudeste,sao caetano do sul,SP,2026-07-04,,True
e0904c1b-c130-4407-a5db-dd0b022f5af1,b9ca8e8baa5d4aa038394a700f63e69f,sudeste,sao paulo,SP,2026-07-04,,True
1fa52d65-1d0d-416f-a86c-25cabbff6520,3968920b9aa752ab98f7d5888c9252f2,sudeste,bauru,SP,2026-07-04,,True
b194769e-4129-4663-ab49-43b8b2df3a02,9b522ba7eae9e1d04082f267144583cc,sudeste,sao paulo,SP,2026-07-04,,True
df0634c4-5f9b-4cd6-a70a-2ef18965fbef,539ed9e19811677513447759be5eccfc,sudeste,belo horizonte,MG,2026-07-04,,True
e333f6c8-908e-46ed-acea-29b863f5935c,e26901d5ab434ce92fd9b5c256820a4e,sudeste,maua,SP,2026-07-04,,True
68f6d1b0-5b01-401f-beee-8dd2d75a510a,9d5604a1f112324ad6b2aa552122e0fb,sudeste,florianopolis,SP,2026-07-04,,True
72f7963d-11aa-4094-a9ac-60e24f21ba2b,a6fe7de3d16f6149ffe280349a8535a0,sudeste,franca,SP,2026-07-04,,True
7a52738e-b834-4ced-bd21-f07d83ccfffb,aac29b1b99776be73c3049939652091d,sudeste,uberlandia,MG,2026-07-04,,True
7a1dcabd-2413-4185-8553-f5fb0b9a11e8,54a1852d1b8f10312c55e906355666ee,sudeste,santa barbara d'oeste,SP,2026-07-04,,True
c71f089d-8981-4510-b8df-9362c7151440,88ae906ea2acf6971f26c3e8b7cb4357,sudeste,sao paulo,SP,2026-07-04,,True
e0860007-3a76-4104-bbf2-36f6da1df16c,bba8d0c234a52b87b3957037a215d1a4,centro_oeste,goiania,GO,2026-07-04,,True
cdf5a53c-2aac-42b2-9de8-a9ec40d7bfa9,c826c40d7b19f62a09e2d7c5e7295ee2,sudeste,guarulhos,SP,2026-07-04,,True
e45b9963-6c6e-4e3b-a629-2ae76339dc0f,a425f92c199eb576938df686728acd20,sul,curitiba,PR,2026-07-04,,True
7626bb51-fe16-4bad-b8a3-77f93757f3d6,3c3017960b2dbd72711a61f0400aab8f,sul,jaragua do sul,SC,2026-07-04,,True
53f400f7-f496-42db-8b2b-0f83614d3061,ab9db4cf53b08b828b64dccaafc2d9f0,sul,paraiso do sul,RS,2026-07-04,,True
4568d94d-45eb-4101-9954-00d9833a1531,113e3a788b935f48aad63e1c41dac1bd,sudeste,aparecida,SP,2026-07-04,,True
a6a52b63-92c6-40ec-8a95-e91c7e36bf71,94c49f20a123aeb9360dbf80ff912bf6,sudeste,sorocaba,SP,2026-07-04,,True
71eae044-65ac-429d-995c-4b9f8dee817d,1ca4bdb0cd7fc48e949bac066188ed26,sudeste,cataguases,MG,2026-07-04,,True
cef598da-a610-4d20-9c46-8f09412dceee,d12c926d74ceff0a90a21184466ce161,sudeste,sao paulo,SP,2026-07-04,,True
bbe6733e-dc08-46e7-8afc-50873043a6d9,71dc18fd8cbf5fd77f45dd8b427abb34,sul,curitiba,PR,2026-07-04,,True
5d5268b3-d8fe-4e22-99ab-950f9547635e,b43d8b707f887a30f4675391098354a0,sudeste,ipira,SP,2026-07-04,,True
479d2946-13ec-431d-a4ff-5543e86dd0cf,f235413f677777a0738ff215d0184901,sudeste,bariri,SP,2026-07-04,,True
2e8ea923-945c-4561-b4bf-e96d0ff396da,985c92cc412091f8529c12d7f23d3fef,sudeste,sao joao del rei,MG,2026-07-04,,True
8bfdb6ab-4818-4715-bf1f-890196f36f65,038b75b729c8a9a04b0d07cba7eabe86,sudeste,sao jose dos campos,SP,2026-07-04,,True
900ec0b9-2451-4930-b94f-b6c3a8df8cd8,a4b8d97cd5d3674eeff96abc99d8ed67,sudeste,sumare,SP,2026-07-04,,True
6fe12edb-5d50-4e72-875b-5cfc9e8ccefb,ffad1e7127fb622cb64a900751590acd,sudeste,americana,SP,2026-07-04,,True
f8fe823e-4050-426a-a0e7-8683f4ed7b9c,594f9aaa48e5bf431f011ddc5669b0d5,sudeste,contagem,MG,2026-07-04,,True
f4707d16-bb75-4387-8d27-c11de6e81353,eba88037e1dca898cd02881f67ced679,sudeste,sao paulo,SP,2026-07-04,,True
52af6f5e-35c6-463c-bced-143591c80954,01ed254b9ff8407dfb9d99ba1e17d923,sudeste,mogi das cruzes,SP,2026-07-04,,True
2b8441ec-d8ba-4eff-a107-713ca13da52f,f7ccf836d21b2fb1de37564105216cc1,sudeste,ibitinga,SP,2026-07-04,,True
3bbe919e-161d-4707-b1f3-97ee3a9d5851,7e3f87d16fb353f408d467e74fbd8014,sudeste,sao paulo,SP,2026-07-04,,True
af56f4c8-dfe1-40fd-a2f7-870eefd2e7c0,9140bd1d9de28b197dce077bdd687438,sudeste,amparo,SP,2026-07-04,,True
710be44f-eb37-4607-a3d7-fdcca0f5e6d1,a2b911e9ad40dc7d61c142a4683e2d85,sudeste,barra mansa,RJ,2026-07-04,,True
dd647537-6e8d-47cb-afd6-818ec4ff41ab,a56e351445e5863fc8960640ba9190c7,sul,itajai,SC,2026-07-04,,True
b3afa03e-74dd-4717-8d58-2821cf5083bc,bb135baca94c82fcb731335ad5b04a03,sudeste,sao paulo,SP,2026-07-04,,True
c2015803-1853-4035-88c1-c90c5774e240,a353b1083c9863d756d9404695016d64,sudeste,cariacica,ES,2026-07-04,,True
896e7a6b-5139-44a8-b038-fe570787fca5,b56828a9f9027f3c918c04ca720d9e3c,sudeste,praia grande,SP,2026-07-04,,True
aaf7d3d7-e94a-4453-8570-c5b05075a1e2,6e0908ef4d4efadbc3cc2b74ea477cb0,sudeste,rio de janeiro,RJ,2026-07-04,,True
a5c9e814-c86d-4282-845b-7fcd409c4cfa,5d9f3746e112e696f98ea22c56b3e912,sudeste,sao paulo,SP,2026-07-04,,True
e3af3e09-eab7-477c-b895-d9a96081fbe5,c8143b3069f6746a77421b5ce30a450c,centro_oeste,abadia de goias,GO,2026-07-04,,True
cef3d783-4a0e-4173-99fa-82d506e240c6,f5f46307a4d15880ca14fab4ad9dfc9b,sul,rio do sul,SC,2026-07-04,,True
6de2164c-77a8-4ed9-bb48-0975eb0d8517,58c851d1a3c7cd3da329eb59453fed44,sudeste,rio claro,SP,2026-07-04,,True
0ab6b1c3-12ac-47bc-b943-93d8410a2822,4830e40640734fc1c52cd21127c341d4,sudeste,sao paulo,SP,2026-07-04,,True
4d0e320b-c840-47b3-96f3-7b6489415bca,dbb9b48c841a0e39e21f98e1a6b2ec3e,sudeste,sao paulo,SP,2026-07-04,,True
d0df0103-4628-41cb-babd-c70cceb7520d,8fb67a334bacec338885b4e9e1708073,sul,toledo,PR,2026-07-04,,True
6f472e37-43ea-4b3c-9656-0b315395d7bc,c6a7539d424a8402232c2228d7a03c5e,sudeste,sao paulo,SP,2026-07-04,,True
d7254fd8-2e98-42ec-9da3-bcc341bc3e58,72c5da29406b4234927b81855e7b64f6,sudeste,guarulhos,SP,2026-07-04,,True
76568a70-341c-46e9-856f-e94f88cf7408,e83c76265fc54bf41eac728805e4da77,sudeste,aracatuba,SP,2026-07-04,,True
d49edcc2-1be7-4aa7-85f9-ae82e5fa03f8,a72f15980dc3e9bfd1a49ac9b2f3af65,sudeste,marilia,SP,2026-07-04,,True
c550c6c8-a323-4606-872e-456879978c08,ad738d3fcf42655ed15c4960b7b6c601,sul,novo hamburgo,RS,2026-07-04,,True
9cd80809-488f-4af4-b678-df1180303210,0ed6ce5d87fd9c69eaacaeb778d67235,sudeste,americana,SP,2026-07-04,,True
18d1bf13-49e0-49d0-9e36-f28eb4b79748,00d8b143d12632bad99c0ad66ad52825,sudeste,belo horizonte,MG,2026-07-04,,True
3200a52d-02b0-4412-8e46-00775408cf8f,fedf2c1386e137f296b3bbf3b635e69d,sudeste,sao paulo,SP,2026-07-04,,True
e1e83a22-6ddc-44e1-ac2d-4889512edacb,8bdd8e3fd58bafa48af76b2c5fd71974,sudeste,sao paulo,SP,2026-07-04,,True
d219e943-17ed-44d1-8a2b-5417bcd363a7,4391ea5c5990502176a1dcda44a2373d,sul,porto alegre,RS,2026-07-04,,True
ce276a97-7009-4f8d-a6f8-6f8730c0d42b,38e6dada03429a47197d5d584d793b41,sudeste,sao paulo,SP,2026-07-04,,True
13460add-fbeb-496f-9aa3-5e725c7af1f2,6973a06f484aacf400ece213dbf3d946,sudeste,sao jose dos campos,SP,2026-07-04,,True
c5e7b036-6104-498b-bb30-2252771f7c53,e83e93b71371817b11d78a63ff156aee,sudeste,barueri,SP,2026-07-04,,True
e3339f4f-d9d7-4692-a6d6-bc23be4edcf6,9bade61a92bed55a25d2b67b9f4ed739,sul,sao jose dos pinhais,PR,2026-07-04,,True
d988a5fc-bdec-4570-9dd4-27dc66dd39b9,6c6cc59a5c00cacc5054ca06d65cc282,sul,santa maria,RS,2026-07-04,,True
82376acf-cbeb-46b2-ac92-e42976f18ae3,c6381b1321d7d97717a5bb4ed5b77882,sudeste,sao paulo,SP,2026-07-04,,True
d89df2f7-ec85-4e16-92b1-d49ed50f62b6,d29ba1220fb8634fa3a107e54497b8a4,sudeste,sao carlos,SP,2026-07-04,,True
5e7889b7-b69b-4591-a236-8083b5ca6882,226b05fe067266c59c15dae208213d06,sul,curitiba,PR,2026-07-04,,True
f849cc2f-3375-4d3f-ae1d-0da5b3f4e0a1,578460d8319c51dab351cd9db95eadfe,centro_oeste,goiania,GO,2026-07-04,,True
82257941-ca4d-409a-ae18-1c2d26b1609b,328acb143b4a73aad6bee8e734f5d20d,sul,foz do iguacu,PR,2026-07-04,,True
b3558be1-ef4c-4312-8009-3bac2db94c09,788f22bafdd7ab0e1e79f19db72f16a4,sudeste,sao paulo,SP,2026-07-04,,True
1c2781b9-9981-4585-9922-5d1dcb21f8f2,86ff3eaef0267069cc891a2ed9d10a17,sul,palhoca,SC,2026-07-04,,True
75182cc0-fc9c-4663-9bd4-196d8d755d1d,5f7300535881cef3b625fd683cf7d145,sul,canoas,RS,2026-07-04,,True
7552504c-48f2-4249-9a89-e6a4da72ad48,0cbcee27c791afa0cdcb08587a2013a8,sudeste,tres coracoes,MG,2026-07-04,,True
8cc4c158-6726-4ea8-9fe3-ada9ccfad11d,20611af7866c6068fd5ae1f9dbe15c92,sudeste,porto ferreira,SP,2026-07-04,,True
61710ab5-46c5-45e4-94e4-69b4dcd83235,1fa2d3def6adfa70e58c276bb64fe5bb,sudeste,sao paulo,SP,2026-07-04,,True
6ba98b7d-5803-4bc9-a368-3eb79bb89319,3d2531eccfbde1d7c8db7a3a12fb267a,sudeste,contagem,MG,2026-07-04,,True
aebe8e8b-353c-4618-b9ec-0700b5944fb6,fcdd820084f17e9982427971e4e9d47f,sudeste,ribeirao preto,SP,2026-07-04,,True
a80a7cb9-0483-48ae-bf02-02ef54fb4e19,d8dd176509baa37f359644d082bf7f7b,sudeste,sao caetano do sul,SP,2026-07-04,,True
0b79c271-e7bd-4094-a3f8-76d1d5b8f547,cb5ff1b9715e99589f3e0c7a6afab9e3,sul,maringa,PR,2026-07-04,,True
507af991-d3ff-41ed-85a0-14c22c644c5d,9b1f656ca3060f8af17a50d8a024b533,sudeste,santos,SP,2026-07-04,,True
da3d5e05-518b-4725-b18f-578d1e11199b,43a5d4a57af536fddc96d08be3afdfcb,sudeste,varginha,MG,2026-07-04,,True
e3983529-78c6-401b-8ded-8b96f2f5683f,b1a81260566c1bac3114a6d124413f27,sul,carazinho,RS,2026-07-04,,True
0998a770-1c5b-4864-8da1-8ed79c6af654,080199a181c46c657dc5aa235411be3b,sudeste,osasco,SP,2026-07-04,,True
f879105a-c705-44e7-ba87-3656819779dc,cca3071e3e9bb7d12640c9fbe2301306,sudeste,ibitinga,SP,2026-07-04,,True
c1c7ef19-6c94-4b16-92d7-3bafa5a3f7bb,788e857f317e53de488d393e65a80f45,sudeste,sao paulo,SP,2026-07-04,,True
088c02b8-e20d-4738-a6c8-22fc940fc7f3,d51e0a403fe2e689ece6c73359d96e12,sudeste,pompeia,SP,2026-07-04,,True
16357d47-c334-4597-9e29-14a08521725e,b080809eaacb49e5ca07290981472431,sudeste,belo horizonte,MG,2026-07-04,,True
3b25e8e3-9367-4433-864d-ed54a287eb92,7f7b8245c336066a1f9933c359f11d77,sudeste,mogi mirim,SP,2026-07-04,,True
c437fc06-13c1-47d3-bd7c-a6245507152c,8648b1e89e9b349e32d3741b30ec737e,sudeste,jacarei,SP,2026-07-04,,True
66300c8f-318d-4a05-897d-6776fcf12525,d50d79cb34e38265a8649c383dcffd48,sudeste,sao paulo,SP,2026-07-04,,True
b523370c-5505-4b65-9544-26674a2e87ee,f214d28e8d8e3ef068748498ccc2f813,sudeste,sao paulo,SP,2026-07-04,,True
5fa2fe35-b68a-4e90-b4c5-b08919d4a165,717b78b0950b51ed00b1471d858b0edc,sudeste,alambari,SP,2026-07-04,,True
3a92d201-2d52-4f1c-8914-6edebf486a95,aa2640d851ec322526f1295bbeb20092,sudeste,sao paulo,SP,2026-07-04,,True
a2052d9b-9ead-4d12-9165-62d55e3c7081,ebd2d60905fb58271facef5596b620d3,sudeste,lencois paulista,SP,2026-07-04,,True
212707b8-a993-485c-97f4-a0adc774b24f,efcd8d2104f1a05d028af7bad20d974b,sudeste,aracatuba,SP,2026-07-04,,True
03ebae98-c8a1-47a4-b4fc-967e72f7db25,6562efe88ce0826a4ca4f189f03b4b84,sul,maringa,PR,2026-07-04,,True
cf96ee84-ebd4-49ec-8765-09d9ae4b9a98,400f221ab83037c0ea78f1267da9624d,sudeste,osvaldo cruz,SP,2026-07-04,,True
0a870973-7ad0-470a-8541-b1a78b9abb22,530ec6109d11eaaf87999465c6afee01,sul,cascavel,PR,2026-07-04,,True
43c8ca2f-73a4-4cd1-891e-33a4144daaf9,a5259c149128e82c9d6d46e0c1c812bb,norte,ji parana,RO,2026-07-04,,True
c75a768a-9ba3-4974-9e52-c74980376ffe,f543ba3c973276f519d89d59bd46cead,sudeste,sao jose do rio preto,SP,2026-07-04,,True
2e968527-ad44-4b03-9112-1c511cad2b50,89f69225956f951295ca4c7fb1266553,sudeste,vassouras,RJ,2026-07-04,,True
da7985fd-64f0-44cb-b21e-dffac624dd96,8b11118053756a9a2932f447e11fc1b5,sudeste,igaracu do tiete,SP,2026-07-04,,True
dc8979ef-773e-478c-9d20-e7feb73f8838,6bb62a4912377c7bfe7cb17b406bc7e6,sudeste,jundiai,SP,2026-07-04,,True
d80f8ba3-5920-4cb1-a646-ce24c22cb79d,f9d010e39375d9c91dce3f40b73a2f84,sudeste,lorena,SP,2026-07-04,,True
15d13280-e445-4d96-873b-0e502fb4f276,052577151711aec5c744fe12e66db3e1,sul,rodeio,SC,2026-07-04,,True
06c4ff7d-19bc-46ca-9cba-666a7ffdb172,0adac9fbd9a2b63cccaac4f8756c1ca8,sudeste,louveira,SP,2026-07-04,,True
90cc6d06-1d10-4aa8-9f01-a3aa4b244a50,269cff2d3c8d205c11f37a52402ea93b,sudeste,catanduva,SP,2026-07-04,,True
1fed14b4-5608-4af6-aef6-db98ff2da12f,402916f742e5c740cc751493d9cf5053,sudeste,guanhaes,MG,2026-07-04,,True
2214c6cb-b655-4adb-bcfb-debc7c44d19e,443d880f15cbd3572885e1d44bf2c478,sudeste,marilia,SP,2026-07-04,,True
55a4e466-129f-4341-aef5-3923cece1ce9,6d22a1fcebb6dd08c9cd90b92a93e8d0,sul,joinville,SC,2026-07-04,,True
8b03cc46-446b-45cd-9659-1735abf82ee0,04aba03279157f6d4e0fe8ccaf21963c,sudeste,santo antonio de padua,RJ,2026-07-04,,True
75c40719-a6fa-48f5-bf62-8fb238cfa431,b39d7fe263ef469605dbb32608aee0af,sudeste,ibitinga,SP,2026-07-04,,True
7030a3dc-0bee-4809-bdff-0cf3dcc13538,ca77545ca4d2dfd1431bf61334e2fa3c,sul,maringa,PR,2026-07-04,,True
805e87c6-412c-4c49-a2d3-d5689af4c44f,36890be00bbfc1cdb9a4a38a6af05a69,sudeste,osasco,SP,2026-07-04,,True
6ecc47f2-4901-4424-b6bc-f30c820fb9c6,7b0df942f46435babab05d49b744b2c4,sudeste,braganca paulista,SP,2026-07-04,,True
32a79483-3eb0-4aa6-9d69-5ef1102ba211,f26d70155c2b6326fcfa1780c8c684e4,sul,presidente getulio,SC,2026-07-04,,True
44c0d380-65ba-45aa-8029-a08838e7daf8,42fb44130ac3134cde8e35cf8ec7df25,sudeste,pinhalzinho,SP,2026-07-04,,True
6ad0ddd5-9afb-490b-9d29-024a954fc209,dd9661d3cda1e6feb237f0c4d8b26f2e,sul,campos novos,SC,2026-07-04,,True
5df80d2c-96fe-4b5d-9c18-a1e45faea381,f27e33c6d29b5138fa9967bcd445b6d5,sudeste,sao paulo,SP,2026-07-04,,True
f761dfcd-0e87-4b4b-9ddc-1d4899e5d33c,55d3daac7c404d59e51c2aa2f4dc5a23,sudeste,sao paulo,SP,2026-07-04,,True
80adf55e-2a34-4356-9dbf-3de6375aa373,659e8466eb3ff1b0e8740d74fb7bbedd,nordeste,eunapolis,BA,2026-07-04,,True
4554c3db-a023-45fd-ad7b-1e37154d2242,1c40343cc5d18c2d8248ac2f3366de34,sudeste,limeira,SP,2026-07-04,,True
31fbcd59-db91-470b-b58d-aa8df9815829,e3a386fc36e22064434e1fa256f6a9fa,sudeste,engenheiro coelho,SP,2026-07-04,,True
5ac572c6-1801-4339-8545-d7581912a2ce,c9aafcd0621b2207c10e32c649cada4d,sudeste,sao paulo,SP,2026-07-04,,True
6be0b02c-e547-4e69-956c-d49d18ccb94f,72431a818f97fe6ab9c81eee3e297e54,sudeste,rio das pedras,SP,2026-07-04,,True
d44988b9-9645-4753-9f03-a68441a0ec5c,184a67a8f9f63234d3a92340bbdb727f,sul,joinville,SC,2026-07-04,,True
7ebfa19b-bca7-4076-9f34-f69876f76e3f,9fe7c6641c79970ab48185498f547c09,sudeste,sao paulo,SP,2026-07-04,,True
2402e628-7c1f-44ce-9177-f1dabbc033bd,08ad4ac1388e4420ca531c3edfc46198,sudeste,itapevi,SP,2026-07-04,,True
1e80ec62-b0f2-46b1-a694-a2af81cc5ea7,6fc26fe110feebd80a433e1f012a84f9,sudeste,fernandopolis,SP,2026-07-04,,True
3d1d734b-d286-499c-8e4e-eba10a11bb50,2f4b9d112bfa44a214bc6cef085d17c8,sudeste,afonso claudio,ES,2026-07-04,,True
7af8874a-dad5-42a5-8785-ee6fefa05f5e,ab27bbbad5239bc31a34709275a70db4,sudeste,tatui,SP,2026-07-04,,True
1ed3db1f-6828-4e9e-987e-880e09a456a5,c37b2059d4f90d4feead554e5246565e,sudeste,sao paulo,SP,2026-07-04,,True
8522072e-90a7-4e49-b414-ab7bb5e89af6,f43827dd686be3a4a80e00aa299990fb,sudeste,sao jose do rio preto,SP,2026-07-04,,True
f7a26004-c9cb-421f-9848-b23e49d8bc6c,e601b04acf48b4576e73ddca9481f0dc,sudeste,sao paulo,SP,2026-07-04,,True
9fda1cc2-2e9a-42bb-bcbd-f2fcd428fe4f,98dac6635aee4995d501a3972e047414,sudeste,sao paulo,SP,2026-07-04,,True
7abd39ea-c90f-4f8e-b36b-99d1f7b62252,3d39fbf22a665714baf62fae36029e23,sudeste,campinas,SP,2026-07-04,,True
313c7c63-0394-478e-a8fc-efbd269e3062,a49928bcdf77c55c6d6e05e09a9b4ca5,sudeste,sao paulo,SP,2026-07-04,,True
f40467f5-cfc4-43be-bb79-ee6c6634259f,b12cfd255810394b60caef18ae163547,sul,cascavel,PR,2026-07-04,,True
8abd28f5-affb-4bc9-ab00-cc068de07a3d,a1bea7061f61f6fdd9a85a6325ba1033,sudeste,carapicuiba / sao paulo,SP,2026-07-04,,True
22e4eaba-2d2a-4417-b6a7-6be64e1bb5fe,3c88ed2e76a2247933a15daa7161eb1c,sudeste,cosmopolis,SP,2026-07-04,,True
f4a42e83-b300-485a-b2f9-5f416ea59226,51ed72984a04e5dd35c2b27e77179038,sudeste,sao jose do rio preto,SP,2026-07-04,,True
5c0b10f2-6d66-4f91-94c8-5a53384e8a10,3ac588cd562971392504a9e17130c40b,sudeste,limeira,SP,2026-07-04,,True
3385b0ed-6c16-4252-81c3-d5d9d371e785,606ce7768feac12c5e8bd58db8b08f0f,sudeste,campinas,SP,2026-07-04,,True
6ab383cb-a546-4925-aa45-d3a8fb54a86f,6879c4d287a8dd06b11f54ea8f78e4da,sudeste,osasco,SP,2026-07-04,,True
147562ac-95b3-4172-b34b-4779f960f718,ccbd753e6863fe7314dc6c0ca5a074e7,sul,blumenau,SC,2026-07-04,,True
f0665cdf-8b61-4a24-81e9-97cb96486c9e,0d85bbda9889ce1f7e63778d24f346eb,sudeste,uberlandia,MG,2026-07-04,,True
ad04578e-dadb-4564-a4bb-bf24f704d97e,4c61e37f664c3c88aff092aa5ac779d7,sudeste,niteroi,RJ,2026-07-04,,True
f943aff6-7771-4d21-a8ff-073d37f65456,b44dbfbf62e52125f3c15d230569ea91,sudeste,sao paulo,SP,2026-07-04,,True
b66419c5-1d26-4bab-86a5-6d24f2c99c1c,d624126b9206f595fb3fbb6ba03b28a8,sul,curitiba,PR,2026-07-04,,True
9a783ec7-4142-455f-9ca8-ed654b260e58,26d8a1c7c75d513045798992ead43aa2,sul,apucarana,PR,2026-07-04,,True
2599c5e2-5eef-4704-ad59-029a915cd276,e6a69c4a27dfdd98ffe5aa757ad744bc,sudeste,sao paulo,SP,2026-07-04,,True
7ce0ca98-590d-4449-82ed-107c6cb47a7e,6bd69102ab48df500790a8cecfc285c2,sudeste,sao paulo,SP,2026-07-04,,True
61424499-9af4-4acd-b442-8a43b1a9fbd5,f181738b150df1f37cb0bd72e705b193,sudeste,carapicuiba,SP,2026-07-04,,True
91c91928-74d2-4936-9be0-961bbe727668,4305fe92735c8a43d154ff6dd2b8d927,sudeste,coronel fabriciano,MG,2026-07-04,,True
db7ada79-7f5c-4644-8c01-a2ed9b555412,4f1f1c8666cdb6442f775c4e8caed465,sudeste,belo horizonte,MG,2026-07-04,,True
65052b68-9336-4b3a-b209-7a1111b0b403,7dea6f73af847b42cc3985bd620f994d,sul,cascavel,PR,2026-07-04,,True
32294cda-13d5-439f-8bc0-6f9d7b461a00,a0a14e50070f3225b3eabba5b85da517,sul,curitiba,PR,2026-07-04,,True
a54f2241-e45d-41fc-b48b-58231b6fea06,bd4889b5e9133b35b66e42a8665cea5c,sudeste,sao paulo,SP,2026-07-04,,True
cf918571-11b0-466b-ae32-64330c3502f0,0b3f27369a4d8df98f7eb91077e438ac,sudeste,aruja,SP,2026-07-04,,True
4931c3dc-9cd3-4dbf-81aa-cb6bcc0e3167,d5c530f4884a75ae0dba9c148718d278,sudeste,centro,MG,2026-07-04,,True
0cdd3713-9895-4d30-9217-45b253190c8f,5ab05b6d86d417796c69ffd6774ec832,sudeste,assis,SP,2026-07-04,,True
639c7bcb-fd6b-4401-9507-ed08bda4f779,d4d99b60c4c94cd35acd502cec65dc8d,sudeste,sao paulo,SP,2026-07-04,,True
adeeda97-bfab-48cf-b0f9-c74571b2454f,9de4643a8dbde634fe55621059d92273,sul,joinville,SC,2026-07-04,,True
cbcd2fcb-8135-4cf0-b72a-faa2e701e3d8,3be634553519fb6536a03e1358e9fdc7,sudeste,sao paulo,SP,2026-07-04,,True
531168ce-d458-47fa-a369-73e44dd35af2,b906dd0e57f282c7089171b6ed07982e,sul,parana,PR,2026-07-04,,True
3be13908-d214-411f-8417-3f589a1d5c21,ed46f1eb4a638113deb2a1137b5f22e9,sul,indaial,SC,2026-07-04,,True
012f66f6-7320-44d1-8c37-abec6722b0ba,c8025364abeecb115431bf95c11a747f,sul,porto alegre,RS,2026-07-04,,True
e9ac881b-2050-4d91-b43f-10ffec3e61ee,04308b1ee57b6625f47df1d56f00eedf,sul,bombinhas,SC,2026-07-04,,True
7569a525-6fe5-4218-b6f6-5070da4075fb,457fe919b032a3f7dadba6fb92cf7855,sudeste,paulinia,SP,2026-07-04,,True
8f429b33-7eb6-4b41-ba85-04573fac2364,f3055483058c84d75ca2a3314fb4deef,nordeste,salvador,BA,2026-07-04,,True
182914fa-167b-4b0f-9807-e0b592b724e5,0ac4201fda2c68ebc0e47cb9423cf3c9,sudeste,sao paulo,SP,2026-07-04,,True
68030487-a481-43ff-b9ab-e076b48c7aff,a2b5b6105ea5942300631d2e76f4ffe0,sudeste,osasco,SP,2026-07-04,,True
975a88a1-161d-43e2-9478-5c16cf945657,23d7c96d4a1160db1c726b248601b25a,sudeste,capivari,SP,2026-07-04,,True
1197c00b-4464-441e-9783-b5128322a454,e883aa812c37a7413226856f4579fe91,sudeste,itapevi,SP,2026-07-04,,True
8ca24bac-8fbe-4aec-8c33-70c03ef35a93,86bb7c4b535e49a541baf3266b1c95b1,sudeste,franca,SP,2026-07-04,,True
8b5e3281-ddec-49de-a1e9-86e40cdd274f,cb810bd318f51b3dc3c753944d61a1fa,sudeste,niteroi,RJ,2026-07-04,,True
056fe2f7-fb56-4770-a514-d6dc9c56cb07,c0563dd588b775f2e37747ef6ad6c92c,sudeste,santo andre,SP,2026-07-04,,True
736569e0-ccd0-429c-9423-1e5504c257e2,820cc752a266cdc6c1a1e61dd4583330,sul,maringa,PR,2026-07-04,,True
1b4e3a2a-dcbd-4f7b-8394-78520d971407,e5475dcab1e07b63d7f6e902d8f5eda8,sudeste,diadema,SP,2026-07-04,,True
0e89793f-0f77-40b8-8cff-7bab3b10594b,333c4210e76a1aa2ab817b99437e3ff1,sudeste,vargem grande do sul,SP,2026-07-04,,True
25cc692e-1442-4dad-9532-a498c64e4b8b,aded58c8142dedc5494a81f948431fab,sudeste,rio de janeiro,RJ,2026-07-04,,True
9de8020a-3113-46d4-9c3c-64d0d13c26de,33a6f4b1e7cdc205511e76ba1b6e0186,sudeste,guarulhos,SP,2026-07-04,,True
5b64fc83-e31c-4453-a9fd-8896403fcacc,91f848e9f4be368f4318775aac733370,sudeste,sao paulo,SP,2026-07-04,,True
9bb3d1ab-11a6-4c97-a350-20aaf991e550,7a67c85e85bb2ce8582c35f2203ad736,sudeste,sao paulo,SP,2026-07-04,,True
010943ef-5f9b-4e89-b2dc-909e3526183f,55029529919c0123526150bd26ca8f20,sudeste,contagem,MG,2026-07-04,,True
20546ae9-4eff-4579-a4b9-ea139d1a9f24,b372ee768ed69e46ca8cdbd267aa7a38,sudeste,sao jose do rio preto,SP,2026-07-04,,True
c8a76c71-8b3e-4f9d-8933-e50cfd4db17c,d20b021d3efdf267a402c402a48ea64b,sudeste,ibitinga,SP,2026-07-04,,True
c5e05e48-21e5-431e-ab47-3193a020ee70,cf6f6bc4df3999b9c6440f124fb2f687,sudeste,sao paulo,SP,2026-07-04,,True
b9a708d1-78d7-4c5b-bae8-e574c9927000,a3b42d266fa8afc874b909422ce88582,sudeste,orlandia,SP,2026-07-04,,True
62680d6e-4584-4d94-b7b8-516b61b6d435,d63c73efd41eb002280e7ec831424edb,sudeste,piracicaba,SP,2026-07-04,,True
24bfbdf0-0d59-4d23-93c2-64ab0a12cb95,dc7192adf8ba09569261f4a8d576afe0,sudeste,itapeva,SP,2026-07-04,,True
b4f39ba8-cb75-4352-8a95-3dacc016f388,0ea22c1cfbdc755f86b9b54b39c16043,sudeste,sete lagoas,MG,2026-07-04,,True
a8a31e20-a5d1-419d-aa6b-140cad62b864,be8e909810184b9b19e886129149d8e5,sudeste,piracicaba,SP,2026-07-04,,True
b101407f-7c7e-42a6-a46e-dde543ce98df,269c5fc9fcadee614364c3620c30a1f9,sudeste,guarulhos,SP,2026-07-04,,True
2de31cde-e768-4ea5-8e1b-76b4855df878,bbaff50f3b708fda865918715276cd87,sudeste,atibaia,SP,2026-07-04,,True
49abc349-33d5-4c8e-8237-cf725523d5b6,3b18f9856c6eb2413eafedb58e9eecd9,sudeste,santo andre,SP,2026-07-04,,True
5dd08e93-67e1-44c8-9cbd-05c573f9849b,db2956745b3a8e9f3785c99f34b5d25e,sudeste,sao sebastiao,SP,2026-07-04,,True
0609bf3a-1625-4cf8-bf20-f29451f0d4ed,8fb791022c1fc8909664f48ab7dc636d,sudeste,sao paulo,SP,2026-07-04,,True
ff2d12f5-50ec-47a6-a358-bee02728819c,232a6014e7b10cba61c6c2b2ea6bb4b0,sudeste,cafelandia,SP,2026-07-04,,True
450baa7e-0bb3-4e23-9b0a-2d9f7005a135,6614814a00d344b846ae209f95ee7e3f,sudeste,macatuba,SP,2026-07-04,,True
654bed90-24d7-40d3-b58f-747c22a7678d,59cd88080b93f3c18508673122d26169,sudeste,praia grande,SP,2026-07-04,,True
295231ae-ef1c-411d-b075-36ab5272c41b,fffd5413c0700ac820c7069d66d98c89,sudeste,amparo,SP,2026-07-04,,True
f534e4d4-54b0-466d-bb72-5e2a7382b4ec,712e6ed8aa4aa1fa65dab41fed5737e4,sul,videira,SC,2026-07-04,,True
aa859488-3571-4eae-83d3-82ee19b04751,b5abf4f36adc043117b4fca82c22984c,centro_oeste,brasilia,DF,2026-07-04,,True
c0178422-3b1d-44d5-a9b4-5a54f7611751,6dd7dce75cd55c1ce255dc38d9f0cd46,sul,palhoca,SC,2026-07-04,,True
56a9ab12-a723-4a08-9a1d-76231f44cf95,bbe87dce25ba8b38bb61cc7210a3f10b,sudeste,sao joao da boa vista,SP,2026-07-04,,True
b5cd82e9-c6ce-493d-b653-1a78e99ecc34,99a25c39b28a74d1151c35c18d178292,sudeste,sao paulo,SP,2026-07-04,,True
a1e68cd4-9274-40ea-a54c-c466717d48aa,05730013efda596306417c3b09302475,sul,criciuma,SC,2026-07-04,,True
6d1ae027-f4f4-49df-b255-35ffd25a2bdb,0b35c634521043bf4b47e21547b99ab5,sul,teixeira soares,PR,2026-07-04,,True
f79aa5af-2f8c-46cd-a1ff-cb5b0f4d59a9,c35672b10ad50968f567ea3f4b91e877,sudeste,mesquita,RJ,2026-07-04,,True
e874a9b6-f258-4962-afa4-8e8b24c1f479,f5403d3f50089112c4eed37928b7f622,sudeste,fernandopolis,SP,2026-07-04,,True
40282bcc-c877-4b67-853f-e5aa9d94fd5f,f435898e493ba0356019a0b1cb8b55b1,sul,curitiba,PR,2026-07-04,,True
bed81ef5-2563-43cf-8216-0a4e251ed46e,7adbd3210a7b3cc2235e225eef33574d,sudeste,sao paulo,SP,2026-07-04,,True
c4a22fbe-39ce-4cf0-8140-a12f4334ff7e,d8cf3b6a2151949f930d0252b180ec42,sul,mandaguacu,PR,2026-07-04,,True
f4074a74-e93b-4d51-8cbb-696ef0bb380b,4ce8b55b4bfa4659184e7becc1fba3f2,sul,fazenda rio grande,PR,2026-07-04,,True
e699232f-d6aa-4a51-b08d-3aadb2b6300d,5d043cd5512d4bd2f88e5ccdd5736c38,sudeste,sao paulo,SP,2026-07-04,,True
76b7439e-61de-4fd1-9e04-8c11f3425742,7a073a40a9d3f1fee8bc45670ea1e909,sul,londrina,PR,2026-07-04,,True
52eed0f6-fbc5-49ba-9730-cb3bdcb8669e,edb1ef5e36e0c8cd84eb3c9b003e486d,sudeste,teresopolis,RJ,2026-07-04,,True
9433d5aa-49a9-4340-b762-238e1b23fece,761681a821d8275bc79f552116d06869,sudeste,sao paulo,SP,2026-07-04,,True
fc056539-9ef5-4c6f-848a-49ac200c757f,3361277dc30b7cccdb0c286b24219756,sul,maringa,PR,2026-07-04,,True
69515bf8-415b-41d9-b5bc-df52e9be8857,519a7aa428f18d125a283cf8c014fdd6,sul,rio do oeste,SC,2026-07-04,,True
426a535a-4037-46b3-b3d4-e79e3417eb90,3c7c4a49ec3c6550809089c6a2ca9370,sudeste,sao paulo,SP,2026-07-04,,True
6cd21c62-88e8-44cc-920d-05bd93dc8d65,53b0300ca793f9834cd69c0678d35ee8,sudeste,indaiatuba,SP,2026-07-04,,True
5e8db7a1-38fa-4b55-b59b-0313769d7e77,822bad9bc42b51213ba522fe87b7ab5d,sul,balneario camboriu,SC,2026-07-04,,True
d43a3c61-e2f3-4bf0-b93e-b7d94c8caee6,48162d548f5b1b11b9d29d1e01f75a61,sudeste,piracicaba,SP,2026-07-04,,True
d6266dc8-103d-4be5-9bc1-0f8545d49bb5,88ef59b51bdaa941d10a853429f2b6ce,sul,guaratuba,PR,2026-07-04,,True
9950d3bd-d910-4ab2-9c2b-2cd377e591b4,1992f8fb6b19fcccd97ca819811e7267,sudeste,sao paulo,SP,2026-07-04,,True
b9e1c40d-aafa-4dae-8321-ebdf25fff1ea,3fd1e727ba94cfe122d165e176ce7967,sudeste,araraquara,SP,2026-07-04,,True
cb471b52-a377-499a-9ab2-d3fd080ef8ef,ea4e9ce63a2134743b4a92777437fcdd,sul,palhoca,SC,2026-07-04,,True
3bf3ab67-daa7-4f1b-a99f-d8ea68f882c6,45a3d05fb00435e52a28859dd03703b3,sudeste,guarulhos,SP,2026-07-04,,True
399cab57-05cc-4a5c-b938-946d90d223a2,c3fe93ba3085f92855c97e57f38c8c05,sul,curitiba,PR,2026-07-04,,True
13a74652-b715-495e-bee0-fe397c647aed,9646c3513289980f17226a2fc4720dbd,sudeste,sao jose dos campos,SP,2026-07-04,,True
42e86e27-6dc7-4a7b-9adb-eb3646b69242,52a52b9f656520e99716f5bc40f661c8,sudeste,sao carlos,SP,2026-07-04,,True
1b2ff43c-d922-45fe-93a9-a1ea293b8370,36a968b544695394e4e9d7572688598f,sudeste,santos,SP,2026-07-04,,True
031fbf06-9877-4a2d-904c-62bf2f66f0f5,4b5f66b7adcf57f1ecc0d3c07dd6b177,sul,vendas@creditparts.com.br,PR,2026-07-04,,True
28047522-e817-4ef6-b8a1-c6af9ae01bb2,ec21206b7894c503788a684a7bc822a6,sudeste,armacao dos buzios,RJ,2026-07-04,,True
156ffb96-bda5-42b9-bca5-93f6ad956662,b1aaae6b66ad3c40f54b389d7ea4bee0,sudeste,sao paulo,SP,2026-07-04,,True
dec5b4ff-b69f-4f65-a587-91691523544c,89ad3263c0931c47f976d7c5778e60f6,sudeste,sao paulo,SP,2026-07-04,,True
ec5d4636-2f4f-4298-8d90-55cfa13a1182,af4a0e4cfe1d9c26b6712b1be25a72e5,sudeste,mateus leme,MG,2026-07-04,,True
757d4307-7d23-4516-a13d-f6afb2d17bad,6f1a1263039c76e68f40a8e536b1da6a,sudeste,sao paulop,SP,2026-07-04,,True
224aa971-8f0c-42ea-b61d-46ba045093e5,5f67c6082caacb26e431a7b17940cece,sul,maringa,PR,2026-07-04,,True
7290e48d-3b42-441e-b946-61c1a3b2291d,5721089ba9214e80074f27d5a03fc0eb,sudeste,sao paulo,SP,2026-07-04,,True
a5cc533c-1c40-4e0d-b70e-44a3fed1d8a4,1782ce2db72c3dda627d5e7c898104e1,sudeste,taboao da serra,SP,2026-07-04,,True
b43c962f-15e2-4a06-b2ae-a23f0c13aff5,8160255418d5aaa7dbdc9f4c64ebda44,sudeste,ibitinga,SP,2026-07-04,,True
ea6da357-6cad-4ef4-9d9a-7d3b5d89488b,cee48807215b30a12ca2ca10ffb5f250,sudeste,guaruja,SP,2026-07-04,,True
251f6df6-f87d-4a30-b2e2-dfdb0258cff0,8e670472e453ba34a379331513d6aab1,sudeste,juiz de fora,MG,2026-07-04,,True
64c178ba-1f89-4d89-b978-b4de39c21614,633ecdf879b94b5337cca303328e4a25,sudeste,sao paulo,SP,2026-07-04,,True
1a050349-911b-4cd5-bde1-5c6d4a8531cb,05a940b4ecae36cadfd8e93bd9c43257,centro_oeste,goiania,GO,2026-07-04,,True
d4b38731-6205-4bbb-aa12-cead4526eed1,da7039f29f90ce5b4846ffc0fcc93beb,sudeste,santo andre,SP,2026-07-04,,True
fc423125-b0a9-405c-b5bf-4ee545e260d9,4c03b9dd4c11ee2cb35c96c49efc9420,sudeste,campo limpo paulista,SP,2026-07-04,,True
ee4f9dc7-1a40-475a-b064-6d546875da8c,a5a1bfcf728ab0e19182959cf0771ee4,sudeste,socorro,SP,2026-07-04,,True
d3dd6e87-c5f1-4d05-94dd-c1fcc5b45030,431050a06a317f2b38168dec3dcd2b46,sudeste,sao paulo,SP,2026-07-04,,True
da4f98a4-a81c-407e-9cdd-56bf86962f2b,40ec8ab6cdafbcc4f544da38c67da39a,sul,francisco beltrao,PR,2026-07-04,,True
05ff71de-46a1-48b8-952f-7412c0c2a3c4,ffff564a4f9085cd26170f4732393726,sudeste,campinas,SP,2026-07-04,,True
3d45b3b0-c58a-4827-a6cd-5b7b0bec3c9e,bede56095ba33c42038fb85f707b8a42,sudeste,valinhos,SP,2026-07-04,,True
09b07d19-8b39-4181-b653-2cf337e120fa,bbad7e518d7af88a0897397ffdca1979,sudeste,sao paulo,SP,2026-07-04,,True
480fd69f-5661-49ed-9489-b37a2dbbb8c6,a806a4bb063ea7ca6d374eafa50a6058,sudeste,serra,ES,2026-07-04,,True
8172a506-6dcd-4e81-8bb1-2c345d0d9619,1b1ae47a313a825a7ccceb8e2e30fa9d,sul,bocaiuva do sul,PR,2026-07-04,,True
6167a953-1570-4325-ba37-158869b73b58,d9e7e7778b32987280a6f2cb9a39c57d,sudeste,sao paulo,SP,2026-07-04,,True
f121f675-283a-40b6-a0d2-dff66d92ed1a,99a54764c341d5dc80b4a8fac4eba3fb,sudeste,sao paulo,SP,2026-07-04,,True
c161b42e-1705-4648-b7b8-a1ea9040b8cf,939f6e231201f26803cb5c3a3d2940b3,sudeste,bauru,SP,2026-07-04,,True
d7af434c-5464-41a4-8fea-5a24f2f4bf89,282f23a9769b2690c5dda22e316f9941,sudeste,belo horizonte,MG,2026-07-04,,True
822650c8-96a0-4e1a-8026-3508518bbb7c,427165bf50f8ca07efc7bdc2bfcf1688,sudeste,americana,SP,2026-07-04,,True
cb57428f-9549-48c4-9a83-73279478dcf5,d03698c2efd04a549382afa6623e27fb,nordeste,ilheus,BA,2026-07-04,,True
52758058-57d0-4b77-af42-4774dbf3da6a,e21a1e8be4715b0fcfd5385643bc49c4,sul,jaguaruna,SC,2026-07-04,,True
61a03380-888a-4629-9565-e535b01f5db5,1e26c56af8d48424e1df0140a2401f83,sudeste,jaguariuna,SP,2026-07-04,,True
b5496e98-ad9c-454f-af06-6934ec18a613,8f119a0aee85c0c8fc534629734e94fd,sudeste,barueri,SP,2026-07-04,,True
31189380-48a4-4470-be34-38e5c9a99e56,fdaaf5bfda82b7b80535610c831b8d09,sudeste,sao jose do rio preto,SP,2026-07-04,,True
b6f70628-eca3-4201-99a2-0a884f6c18ba,b274baf5bbd142410eb2958cf685d684,sul,montenegro,RS,2026-07-04,,True
cabb4985-0f78-415a-9af1-3ddc80f46468,bcc9dd23e2a8bd8267cf92b19304a1b9,sudeste,ibitinga,SP,2026-07-04,,True
7132f341-982a-4223-a900-80b2de8493d2,751e274377499a8503fd6243ad9c56f6,sudeste,campinas,SP,2026-07-04,,True
a5d14cea-8454-42f9-8d22-f5a2fbaf937d,1fddcb7b326905d3ad5efe82187db347,sudeste,sao paulo,SP,2026-07-04,,True
735819a7-c9d7-43c7-8f4e-19b86fa3e506,b1fc4f64df5a0e8b6913ab38803c57a9,sudeste,sao goncalo,RJ,2026-07-04,,True
efa23520-1735-41e0-9491-9d47e4bdae21,4eb61f060e7dcc1d5a80d806c35cc541,sudeste,sao paulo,SP,2026-07-04,,True
fd74af0b-a3ec-49ec-afaa-0a6156d17d9d,1d0646a72178a6fb37ee8082140e06ec,sul,joinville,SC,2026-07-04,,True
aac139fe-dfc8-4e72-92d2-cc3860a2c18b,0ebd97a106433a45a4aebe57c1799778,sudeste,contagem,MG,2026-07-04,,True
43504951-bd7b-4e47-957f-6126b2534543,63bc58679c44e8a998792119fd7ad23e,sudeste,sao paulo,SP,2026-07-04,,True
7972da5a-e1a0-46fb-9add-26604adbe22e,101921376b577a4540dc30e9009133ca,sudeste,rio claro,SP,2026-07-04,,True
6824f02d-f4f5-4a8a-a2c0-052c9e6389fc,f0ec78809fe0bc3edb11c9fe5b97b059,sudeste,sao paulo,SP,2026-07-04,,True
ca2f1ed0-4524-4283-bd5a-251f3e1426a3,6219ba2359cfb97f2e38fd4c321eb309,sudeste,sao paulo,SP,2026-07-04,,True
62c6934a-7531-4b16-9f85-23c4fe7bfefb,a7f13822ceb966b076af67121f87b063,sudeste,itaquaquecetuba,SP,2026-07-04,,True
48af096c-f89d-4e5f-88a8-be6aee74e7f5,4e8dacf3d38f281ae26c3e0321d92d88,sudeste,sao paulo,SP,2026-07-04,,True
0b48bfba-1479-462c-93d7-62946d11efa6,78a4d36f65a019172c6154468831a69f,sudeste,bauru,SP,2026-07-04,,True
e91cee6f-517b-4cfa-82e5-2369a42e03cc,c64a2aec32cc408a8a4c6d7c46017f91,sul,imbe,RS,2026-07-04,,True
1f2dcd66-c11a-4507-9289-83c6dbc6a027,cb162c8eef257253782d245c08d9097c,sudeste,barueri,SP,2026-07-04,,True
6d012377-4c3e-4a35-947d-5bf63e7b5dfc,fc6295add6f51a0936407ead70c1001d,sudeste,sao paulo,SP,2026-07-04,,True
bfb9b810-1dc4-4ce2-8567-5d9826ee5f0d,f0e103c63864d5405b958d984b6e94c9,sudeste,osasco,SP,2026-07-04,,True
1bcedb00-b56f-4254-90cd-af556ef2b89d,5def4c3732941a971cba8fdee992ede1,sudeste,sao paulo,SP,2026-07-04,,True
e1ab03f1-ec04-4c2e-9b78-73c2224f42e7,80e6699fe29150b372a0c8a1ebf7dcc8,sul,pinhais,PR,2026-07-04,,True
992db35c-66e5-4019-8843-b48b7ac0cb78,42ef3192a9ff87a22d1867b74b3ee205,sudeste,santo andre,SP,2026-07-04,,True
fd4d7575-0e25-40e9-b9c4-6de8bd29c7c6,a2deecd5398f5df4987110c80a1972a3,sudeste,sao paulo,SP,2026-07-04,,True
8534d061-0c05-47d0-bc59-1ad683cc4106,9853a239ab7b7ebbdc3a21248d5b8e1f,sul,campo largo,PR,2026-07-04,,True
216c2c3d-de9a-4107-b21b-480ebfa5719d,f8e2c1b59cd4225a3e4fd0d013a76b93,sudeste,ribeirao preto,SP,2026-07-04,,True
ba412080-95e6-4467-97f6-37eed9c88aeb,9c3c24eca51c52b91c1de727d2a2ae06,sul,caxias do sul,RS,2026-07-04,,True
c1deb95a-a28e-4040-ac4b-5373e1a84f2a,f524ad65d7e0f1daab730ef2d2e86196,sul,soledade,RS,2026-07-04,,True
8879b020-f5ae-4432-a53a-a9c27600fe29,aae5953b9edddf14749c0d65d60eb4b9,sudeste,belo horizonte,MG,2026-07-04,,True
46340fa8-4d6d-4889-ad72-6d1f75bb44c5,c003204e1ab016dfa150abc119207b24,sudeste,cajamar,SP,2026-07-04,,True
310d1c99-cec7-4a45-8663-bb358faac47c,5656537e588803a555b8eb41f07a944b,centro_oeste,brasilia,DF,2026-07-04,,True
d41297a4-fd72-4f64-add5-69e247d9e1d1,503c1de08ae81a2d86f17951b204db55,sudeste,sao paulo,SP,2026-07-04,,True
0943c2c0-2d2b-414a-a812-18f6ed832622,b8bc237ba3788b23da09c0f1f3a3288c,sul,itajai,SC,2026-07-04,,True
2ff45804-833d-487d-b5e7-9a29687a10f8,7816cd9c5b1238e320545f5bf7eb80e8,sudeste,araraquara,SP,2026-07-04,,True
e0ce1fbf-e1a5-4d93-b202-1d90cc45264f,213fafb0ca06fb3d5886579c2565791b,sudeste,sete lagoas,MG,2026-07-04,,True
03b78e4e-c5dc-41b0-a8c6-82ac1e176255,404e1ba01358af4cd63f679b2c4d1fa1,sudeste,juiz de fora,MG,2026-07-04,,True
b13cf685-2323-4cc8-960a-1d0852604f0c,186cdd1b2df32caa72cfb410bba768d3,sul,rio negrinho,SC,2026-07-04,,True
911aed8c-075a-4aca-9715-431ca3ed5636,de23c3b98a88888289c6f5cc1209054a,sudeste,sao paulo,SP,2026-07-04,,True
152086f5-cdaf-4131-b059-8c6cad94198c,fe49ee029e61e789a1f3a5525f57ba8d,sudeste,osasco,SP,2026-07-04,,True
891beb4f-f5be-431d-a721-9a0d3f6372bc,902c99f1ac505c0d18778b61bcd636f7,sudeste,mogi guacu,SP,2026-07-04,,True
f0a8019b-50a7-4671-90f1-31b5eadea5ef,94ca168e8bcb407ab85c5da308863027,sudeste,clementina,SP,2026-07-04,,True
46b511aa-e96f-4ba0-a332-b3385d7a9b4a,82921991ff5b557b045605b8bbf08d49,sudeste,sao paulo,SP,2026-07-04,,True
78e88755-aaf6-4b8f-88ba-ea1de524ea15,77128dec4bec4878c37ab7d6169d6f26,sudeste,sao paulo,SP,2026-07-04,,True
8fe8c982-f0f3-4f8c-b1fe-eae59c817882,4bf658053d453036c70976bccb2c31b2,sudeste,sao jose do rio preto,SP,2026-07-04,,True
533a0f7b-9ddd-49b7-842c-ee30c73c7db3,e8a85b5f3df47be0984c55fd4064dbb4,centro_oeste,brasilia,DF,2026-07-04,,True
274f55f1-7359-41ec-a0a5-6f0b3289836b,28f10b1c5e5abb9d4857745bede6147c,sudeste,sao paulo,SP,2026-07-04,,True
9bb25889-254b-41a0-b8a7-71cf07623a3f,48bad451945f5227341793478d6353ea,sudeste,sao paulo,SP,2026-07-04,,True
ed92f779-888b-468d-807e-c4605e5b40c1,2a61c271b1ac763450d846849783e922,sudeste,santo andre,SP,2026-07-04,,True
6c1cc970-3483-4c3c-809d-81b86e4903db,ba6ce6de456f6c11d08c17701ba5c26f,sudeste,sorocaba,SP,2026-07-04,,True
332df0cc-bd98-45b8-a25a-d8d85d8c5c95,5dceca129747e92ff8ef7a997dc4f8ca,sudeste,santa barbara d'oeste,SP,2026-07-04,,True
833651a9-fc21-48c8-a903-75b955ca1655,e1dc0754bada9ee4cfe9713f22f61292,sudeste,duque de caxias,RJ,2026-07-04,,True
9ed1d8e2-bbc6-4f4c-b850-854df7199a83,39a5005f2605cbdb4f9ac14485cabfd1,sudeste,barretos,SP,2026-07-04,,True
8da0aa19-7249-445a-950b-68868a54be57,2bf28e311bba65237358230cabac3f15,sul,londrina,PR,2026-07-04,,True
e27e084f-8203-47ab-b7df-5c650310453e,0e44d110fa6a54e121cb2c095a77762f,sudeste,francisco morato,SP,2026-07-04,,True
a223606c-5300-49bd-a43f-4fdacf53ba26,3d871de0142ce09b7081e2b9d1733cb1,sudeste,campo limpo paulista,SP,2026-07-04,,True
6a080b51-c2cf-4b2e-a426-f0dc1f1cea3c,bf0d50a6410d487dc97d2baac0a8c0be,sudeste,piracicaba,SP,2026-07-04,,True
d4d43e0e-9251-4966-be07-d1b9ee080602,51e4e89242cbb846c2deff3dc015650e,sul,rio grande,RS,2026-07-04,,True
a91cb7ad-839a-4bfb-a779-5f1b7baa3144,86ccac0b835037332a596a33b6949ee1,sul,blumenau,SC,2026-07-04,,True
6c8584b2-2a9b-4beb-b066-c941158baab4,c97aa4ee7420f937da13b7f9e2228b99,sul,novo hamburgo,RS,2026-07-04,,True
b9b6eb08-799a-429d-bc14-28bd60aa5dcb,aac51c486b672a9850d59f3e84b1cf88,sudeste,sao paulo,SP,2026-07-04,,True
d8c747fb-5f75-4739-bc75-daacad26eab1,3340ef1913fb70d28420f6ceb685c339,sul,maringa,PR,2026-07-04,,True
a9c5f06b-0208-4b08-b990-23533fd607e7,76de363de16dacc923eec8daf91df504,sul,xaxim,SC,2026-07-04,,True
5dc21bce-e9aa-48e3-ad8a-50a3234d8ea9,58b98ccb79873e04eac4357cacc590d9,sudeste,campinas,SP,2026-07-04,,True
155b4aad-a75a-4265-b4d2-eaf8001d698d,fc99f99385ae90f66f01733856fb88c9,sudeste,boituva,SP,2026-07-04,,True
453d7c5a-fd78-4773-97c8-972ac931cb23,b74d1c09cb380e1d03a6f859c6f4224b,sudeste,rio de janeiro,RJ,2026-07-04,,True
05b3cba5-4313-4e34-9bea-87cd32f6695c,1bb2bdb95f4841f1bba2c0d2cd83d3c9,sudeste,sao paulo,SP,2026-07-04,,True
31012225-ef98-4bf7-a793-7ec6dec48eff,670c26e0f1bf8d0576271d5cfaec6d2b,sul,maringa,PR,2026-07-04,,True
f2520cd6-d5c3-4baf-8dcb-939a0bbea091,c32fc744b9160ac853450488e3cfea93,sudeste,ribeirao preto,SP,2026-07-04,,True
76e0885e-0f8e-4ad6-b121-c5c1dafb3c52,59de1d4c8c057c2a53acd4ca66531af2,sul,curitiba,PR,2026-07-04,,True
7535f45b-49f4-48ae-b36b-f7060e638b7e,e64882b4ef12aee8d0faca4db5b681f4,centro_oeste,goiania,GO,2026-07-04,,True
de1f98ca-3e8e-453a-b7df-e1799d7ffa57,1b65c144b17e607c0f37f10bb7dfec8d,sul,rio do sul,SC,2026-07-04,,True
930f7308-ac80-4521-9534-866b67861221,15ac3c501e2599e4917316fde5c5669a,sudeste,sao paulo,SP,2026-07-04,,True
caa187e4-ff1a-481a-b682-948ea1047735,f4aba7c0bca51484c30ab7bdc34bcdd1,sudeste,sao paulo,SP,2026-07-04,,True
b63b205a-bba4-47b2-b540-00cfeb158f6e,e0878efa0e0b7e5313ac0b43bc04c081,sul,curitiba,PR,2026-07-04,,True
1a2364b4-0620-412c-a79f-4cff280a12c3,03a2a6dcbe45d639c4dc2a0d24769c40,sudeste,maua,SP,2026-07-04,,True
598f2872-a480-4f62-b0b5-8d8a76ed794f,327b89b872c14d1c0be7235ef4871685,norte,manaus,AM,2026-07-04,,True
2702faa6-0dd5-4cf0-8972-ae712107abc2,e9d99831abad74458942f21e16f33f92,sudeste,sao paulo,SP,2026-07-04,,True
16d52e2f-f329-4d65-b243-239e48049075,a45765f8afb1e594b22bf9e974b46765,sudeste,sao paulo,SP,2026-07-04,,True
6b51a8dd-2095-426a-9ef9-c2ebedd6342f,dc8798cbf453b7e0f98745e396cc5616,sudeste,sao paulo,SP,2026-07-04,,True
acaf3aa8-cfd6-4d41-8e02-b1b92304f322,d9cd369bffa979d1634f8e1318bf2f1b,sudeste,bady bassitt,SP,2026-07-04,,True
27aab67d-3260-49db-b462-bb4de0ead96e,240b9776d844d37535668549a396af32,sudeste,niteroi,RJ,2026-07-04,,True
eb96c774-7552-4232-bda3-aa174fc376fb,70f7e8018e3d46c748c92f026aa2585a,sudeste,sao paulo,SP,2026-07-04,,True
6fd48e2e-40cf-474b-83b1-adbd20ff520b,d1e2fe627180431ffda076abb303c56f,sudeste,rio de janeiro,RJ,2026-07-04,,True
b1198789-e8ce-4591-a7b3-6f7ccd10033c,3f2af2670e104d1bcb54022274daeac5,sul,terra boa,PR,2026-07-04,,True
742d22bb-6d51-4883-87be-3e7d0864a171,bb3dca718920a4d7ec3cc9ffb025108b,sudeste,sao paulo,SP,2026-07-04,,True
33bd623c-66a8-4eb0-9977-87720e691e33,babcc0ab201e4c60188427cae51a5b8b,sudeste,porto ferreira,SP,2026-07-04,,True
c3ce9e6a-30c8-4e26-92bc-2802eaf721ae,eed78ac17f7f795a19a709745f00cd4e,sudeste,botucatu,SP,2026-07-04,,True
5dc12734-ec50-41bc-b7dc-1e938c9fc60c,a2e874074c877c5a05abae80ad6e488f,sudeste,sao jose do rio preto,SP,2026-07-04,,True
629ce831-aef7-413e-a5a6-ae1c34c47a92,abcd2cb37d46c2c8fb1bf071c859fc5b,centro_oeste,cuiaba,MT,2026-07-04,,True
f6c7b4b2-0109-42fc-abf7-05c6eb1fe26d,1703bc09972dab9782e7a9194943b69f,sudeste,minas gerais,MG,2026-07-04,,True
c4a11f55-59bf-418b-b0a4-35a8416ef2ce,365e445f796710c3431557e85caa25db,sudeste,sao paulo,SP,2026-07-04,,True
62e536fe-fe6c-48e4-ac48-3fc0e24c82a1,0bb738e4d789e63e2267697c42d35a2d,sudeste,sao roque,SP,2026-07-04,,True
023bb432-d4e8-419f-a40e-eb1b771187bb,3d290fe363c60a77498c1126fd3fb8d3,sudeste,itapevi,SP,2026-07-04,,True
7e9c986a-2a0b-4eff-a14c-721435a2d94f,325f3178fb58e2a9778334621eecdbf9,sudeste,taboao da serra,SP,2026-07-04,,True
83246d9f-3f5f-49cd-a919-fb929e8d4e5f,8c16d1f32a54d92897cc437244442e1b,sul,blumenau,SC,2026-07-04,,True
1427b768-9e18-4c80-a40c-1956df3a07e2,f5a590cf36251cf1162ea35bef76fe84,sudeste,sao bernardo do campo,SP,2026-07-04,,True
519e8fc3-e752-47ae-803c-36cab53a4233,61f159ef6da2d441951d2c0efa719362,sudeste,serra,ES,2026-07-04,,True
adab752d-5230-4116-a0c7-3854801abb63,1e8b33f18b4f7598d87f5cbee2282cc2,sudeste,sao paulo,SP,2026-07-04,,True
cd6aa1ab-21e4-4019-bb05-bdacddd2b1b4,59cea8e446d3834393058e7e0666b6fb,sul,maringa,PR,2026-07-04,,True
b4677893-ea18-4771-a8ca-600d4f960af7,8c5e007d7bd5693fa1386ffefbc99f6c,sudeste,indaiatuba,SP,2026-07-04,,True
0ab227c4-2aa0-4609-a42d-b2a51f01cbe8,1da3aeb70d7989d1e6d9b0e887f97c23,sudeste,sao paulo,SP,2026-07-04,,True
f15fa5b1-0672-460a-9c4c-d4e8359e8d23,5b67882648febfb6e1225e6ad7164f6b,sul,umuarama,PR,2026-07-04,,True
375ef570-c8d8-4c89-adfc-6825ac49c220,53e4c6e0f4312d4d2107a8c9cddf45cd,sudeste,pedreira,SP,2026-07-04,,True
8642d5e0-8b3c-4318-958b-62c2e227a835,039e6ad9dae79614493083e241147386,sudeste,sao paulo,SP,2026-07-04,,True
248da293-6f7e-4f93-a521-72e9bda814f3,d65f31d2413268e671989503f6cf9993,sudeste,artur nogueira,SP,2026-07-04,,True
8f3ab2c1-ebc1-4a78-93ca-23888c9cdadb,cad10cc982ab6a391570c211b995c17c,sudeste,avare,SP,2026-07-04,,True
3e59e35b-66d8-4799-aa5e-5cc520157ed4,527801b552d0077ffd170872eb49683b,sudeste,garca,SP,2026-07-04,,True
be0ed650-7aea-4098-9edd-3566acf82b82,be67f78487e2cecb0d55bc769709e4f5,sudeste,ibirite,MG,2026-07-04,,True
6442278d-6136-4866-928d-50b6e82e2853,8ca1551acf9832a4cf467bbbac15851f,sul,campo largo,PR,2026-07-04,,True
9b7e1969-84bc-4198-9428-98b45f430233,2ea0861cc19e94cad86438c984c52da4,sudeste,sao paulo,SP,2026-07-04,,True
ea369254-fd59-4acc-96ff-23f33d1d8746,7202e2ba20579a9bd1acb29e61fe71f6,sudeste,franca,SP,2026-07-04,,True
aea49273-08ca-4c55-b790-6022a94bbd49,0509040ea3fe50071181bbc359eb7738,sudeste,belo horizonte,MG,2026-07-04,,True
be349251-2b62-4913-98ce-ff226d0d659c,20fd2d2080ed85fa67fad3fcbb2c1813,sul,colombo,PR,2026-07-04,,True
7b13474d-e9dc-437c-a3b4-cc05de55032d,2039c5e51785b5dde7cf93ccb3b7be2c,sudeste,guaira,SP,2026-07-04,,True
f128e13e-0c51-46e7-964d-413ec8a1e6ec,62de60d81c55c29d76a6bce418b31cef,sudeste,ibitinga,SP,2026-07-04,,True
ae6895a0-8f9e-4990-80d0-3d0bb314ceb9,eaf6d55068dea77334e8477d3878d89e,sudeste,sao paulo,SP,2026-07-04,,True
1fa562e9-d180-40c8-bbed-06461d160448,e89c4adbe7b1d0819dbb636e16461cf1,sudeste,indaiatuba,SP,2026-07-04,,True
e62ece0b-99a1-4251-9bb5-b8ae40f2839e,2e2f44824ab87a0cb961f68bf4073e7f,sul,curitiba,PR,2026-07-04,,True
bf791ae1-bae3-4392-855d-3668b5ca5cb1,85ecf03781da592876b7844acc1b729f,sudeste,sao paulo,SP,2026-07-04,,True
329c3015-3cc7-41e0-8908-738f82b4505c,5c853bb56f70f4d14218944bae111d7a,sudeste,cotia,SP,2026-07-04,,True
ba48cf17-9e0b-4086-954e-86869377b1b1,bba74270a87732727b5a3b4fd9ac1c39,sudeste,betim,MG,2026-07-04,,True
3874b759-6f38-477a-a671-dec61a0777dc,e8ff5a6ceb895583033fc2a0f314e3c2,sul,blumenau,SC,2026-07-04,,True
8d107475-5268-4401-80cd-2c84c799c7e4,835f0f7810c76831d6c7d24c7a646d4d,sudeste,sao paulo,SP,2026-07-04,,True
9eacc44a-3e23-4ea2-9b29-3332fb95d9f0,702835e4b785b67a084280efca355756,sudeste,juiz de fora,MG,2026-07-04,,True
3de26fc8-31b9-48bb-8df3-09fd11822a1b,4ea2f12dbe91deeacd2c1e74f069a6e6,sudeste,sao paulo,SP,2026-07-04,,True
f28818d8-7651-4918-a4fc-5879e2a34dd9,a066df7361163e7ddc5d7452dd17448b,sudeste,franca,SP,2026-07-04,,True
1f941f73-9594-4c13-815b-4849ff27e141,bc8c8d665ec4664d286be0d521722b19,sudeste,sao paulo,SP,2026-07-04,,True
67e26eff-d2c0-46be-a067-e3a7b3697a97,5e106d93b717c2682b9383da480364a1,sul,santa terezinha de itaipu,PR,2026-07-04,,True
b140e2fb-0274-48f2-a754-7355f339f1aa,bd4431c1a8dfa744b59e1e2a8bc99b9e,sudeste,rio de janeiro,RJ,2026-07-04,,True
9f459f75-6efe-45f1-acd1-681b104504ad,bd4ff04377f974574f7f0bf9d6ce7dde,sudeste,santa maria da serra,SP,2026-07-04,,True
d234b186-73b4-4543-b798-5e8e5cc585b5,3076499bbc033a927bf4a8a41bcf7fd4,sudeste,auriflama,SP,2026-07-04,,True
d89a3c7e-8b12-43f8-854f-1b735cd58d62,010da0602d7774602cd1b3f5fb7b709e,sudeste,sao bernardo do campo,SP,2026-07-04,,True
108a114f-f645-4c5f-9b9e-6597882fc003,4d6fb82c629c7a5028bfd973c07b05e0,sudeste,belo horizonte,MG,2026-07-04,,True
136f2701-0dfe-4216-b772-55e2e893a38f,5d505d2298ad549e4e4e835562fa0c1e,sudeste,birigui,SP,2026-07-04,,True
2b67d1cb-dd74-4078-9d09-e90b3c1a5f44,5aaa890629f83706d8d9bfecd8377c1c,sudeste,petropolis,RJ,2026-07-04,,True
59d760c7-0f97-4e2c-b61e-b23aaea3dec0,ad14615bdd492b01b0d97922e87cb87f,sul,tubarao,SC,2026-07-04,,True
41e1fa13-be03-4198-81cd-d3eb511f55cd,7df1fc11cc5cbc518b39faa60cf5d67c,centro_oeste,campo grande,MS,2026-07-04,,True
30ef6d0a-efd3-47ba-8e90-15f1ae0332a2,238fac594e170b59c6d228f5a4f4f1d9,sudeste,dois corregos,SP,2026-07-04,,True
68b24738-3970-4154-b3a1-aa21557590fa,29c322e3f09f886f8bacbe91dfbd979e,sul,santa maria,RS,2026-07-04,,True
8e558c91-5cd6-4c37-aa59-1e5507dc90f9,134a288e7de827ec5ec62e3ec9c3a295,sudeste,sao paulo,SP,2026-07-04,,True
3ec6faba-e100-463b-94c5-8de52857815b,33fd411ed63a7c2f9005e3f065d9f85d,sul,condor,RS,2026-07-04,,True
91989011-a13a-419c-94d6-575d6e7fcf39,edb58a1390adf273840030a3d6253829,sudeste,piracicaba,SP,2026-07-04,,True
9b368320-5253-4fcb-ba65-9a2b052a01c5,1e8c6a4c538f286aee9573239740a4b4,sudeste,itatiba,SP,2026-07-04,,True
ac0b66ee-694b-4c7d-a406-b05868843b75,07de60b03d150fb3ea09eab5da5e4c8b,sudeste,ibitinga,SP,2026-07-04,,True
0e4e99fb-4fe5-43e7-8cf3-3bdff3cd5a32,f1ce5fdecd64935c28b9ff932751d0dc,sudeste,santana de parnaiba,SP,2026-07-04,,True
ca71002d-2fd5-4022-8da6-74d7de13e198,ede2977fbaf3738583170735ca403f6c,sul,curitiba,PR,2026-07-04,,True
49fdc020-4c92-4bff-9347-eb689213aabc,03bd479e1d9484cdb14104d3023f7321,sudeste,uberlandia,MG,2026-07-04,,True
466927fd-4684-4b88-889e-ecb51c9fa49d,31e60bf8d103ce47932a85f5562deb16,centro_oeste,goiania,GO,2026-07-04,,True
5b7f8653-91ce-4f47-8326-5f81fc1341e8,83645b1645cdee8953ee54c29ceed564,sul,santa terezinha de itaipu,PR,2026-07-04,,True
c42baeaa-f649-4013-90da-c88224d77f71,bdae679a9b282249bc23b9b69dae9a99,centro_oeste,brasilia,DF,2026-07-04,,True
433abf25-2747-4dbb-8343-58f75916f87f,5cf13accae3222c70a9cac40818ae839,sudeste,patos de minas,MG,2026-07-04,,True
eececd88-06e6-4500-9862-a9e4a04d4f0b,a247197e2e9c19a6a53a6888cb8b660f,sudeste,sao jose do rio preto,SP,2026-07-04,,True
6e5f46ec-fc70-45e8-829c-feaf51334d4f,249f0e9905a6e06ad6c6bea7547ab9f6,sudeste,rio de janeiro,RJ,2026-07-04,,True
ee559b31-0cd0-4646-a3f8-835a5203061d,96804ea39d96eb908e7c3afdb671bb9e,sudeste,ibia,MG,2026-07-04,,True
9fd45f8c-1374-4d24-8e78-427a3ffd4345,cd233f8bfa30ebfd651f47ee7d054951,sudeste,birigui,SP,2026-07-04,,True
be56ac18-bc87-47a4-8218-4c34ba1e8b20,3986c0b54f6b748b75e7bd4e092aa3e5,sul,curitiba,PR,2026-07-04,,True
a9bc98b7-f4b5-4de7-b46f-fbfe6f9181cf,5563732abe64c3036cb97ad924128dd1,sudeste,guarulhos,SP,2026-07-04,,True
5f773435-3723-4b23-b398-5f9d95029b3d,51f108f62cb87d61918159902c8f8583,sul,cascavel,PR,2026-07-04,,True
aac046cb-263d-4f5a-b471-b378a8b49452,134b867a0f7f8bbe6abf10f91874891e,sudeste,valinhos,SP,2026-07-04,,True
7d71dc8f-060c-4193-933d-365fe43e2cb7,57c764b4a836300be881e2ff86e449f9,sudeste,ribeirao preto,SP,2026-07-04,,True
242634c8-4267-4320-b746-2187f3528322,2fa13c8bd5705d279f7ed5cc9ec61c68,sudeste,sao paulo,SP,2026-07-04,,True
24fbd392-0028-4ba8-9e62-60a6516acda8,e627629ba868740e287800f1a9be81c2,sudeste,sao paulo,SP,2026-07-04,,True
6102c044-9e5a-4737-9fde-68145c16c25d,c72de06d72748d1a0dfb2125be43ba63,nordeste,guanambi,BA,2026-07-04,,True
f9d9c916-8bc0-4d01-b40e-8b30d37843a4,8d79c8a04e42d722a75097ce5cbcf2ef,nordeste,caucaia,CE,2026-07-04,,True
ef0d6492-afec-4a50-b206-e9798e3f0c0a,8060d731897e33b5c5ae575ce1e209e1,sudeste,blumenau,SP,2026-07-04,,True
ca0e987e-feab-4b2b-a983-dc4df3996888,4c4d546adf3c3868fe19c9ec6e9ffda9,sul,maringa,PR,2026-07-04,,True
477be7bd-081b-4548-8c84-46a45a2c9790,5a9c0859cb00fd8aa4db443837f0a700,sul,treze tilias,SC,2026-07-04,,True
c18864ab-2625-4715-b412-70fe54939577,cecd97bc34ed8330bd4cd15713eda670,sul,cordilheira alta,SC,2026-07-04,,True
6f6ded39-e6ae-4b7d-97c1-e39529a6040c,9c3a1c416c765687bc79a04113269929,sudeste,carmo da mata,MG,2026-07-04,,True
bb8636ae-455e-453c-a4f0-60a0c6bcbc33,8ae520247981aa06bc94abddf5f46d34,sul,navegantes,SC,2026-07-04,,True
e63666ee-1da2-4d09-9621-6ab61678fa60,ac3508719a1d8f5b7614b798f70af136,sul,canoas,RS,2026-07-04,,True
6bd8e6ed-d588-484a-b47b-69d3ea8de9f5,15cd6eefe58588619aaed41dfa6621b1,sudeste,ouro preto,MG,2026-07-04,,True
cf46acb9-3527-4f76-8674-69640d726738,4a3ca9315b744ce9f8e9374361493884,sudeste,ibitinga,SP,2026-07-04,,True
28a5b4aa-c4f9-4498-b2de-b9a2a1cccf8d,478bfe564db21eeb44386606aa30b650,sudeste,pedro leopoldo,MG,2026-07-04,,True
882e33fa-ab32-4bf5-ba4e-3ab22262ff0e,6d988d6174a2c27441597174f8905515,sul,maringa,PR,2026-07-04,,True
a1e79a54-12e1-4e71-8758-e48261f1e44a,ed49da7cadefc454d6a67de249eab240,sudeste,sao paulo,SP,2026-07-04,,True
71adc102-892d-4386-b784-db0b4d0990ea,6f892e20a171e98efe17fdb971ff319b,sudeste,sao paulo,SP,2026-07-04,,True
fa88b6f3-594c-4409-b285-dcba5b00a1b9,4bfc7a4a1cf8d4d2121c27422d9e50b5,sudeste,sao paulo,SP,2026-07-04,,True
ffd260ef-5df9-4504-956d-1ca851af5111,acadd4d36859671cb635527c6c977533,sudeste,santa rosa de viterbo,SP,2026-07-04,,True
277e9818-5dae-4e97-af66-7a55da60d064,034b9387752bfa309f350a70cd45ffa3,sul,blumenau,SC,2026-07-04,,True
2fc33694-2303-4aa0-8541-e5b8afa9a42c,a1ed30492b3b798bc121845bc4aa7366,sudeste,sao paulo,SP,2026-07-04,,True
cea62090-e8cb-4db6-be4e-9bad5dad1965,abbf6046bbdf1028606a5bc7f00c99e7,sul,xanxere,SC,2026-07-04,,True
12463102-f31a-4e8e-96da-ca61a8b6819b,901b460cdce0c64e471230d7f2f9f3a3,sul,porto alegre,RS,2026-07-04,,True
6d88630e-2180-4ea4-b18e-f569ae44738a,81ed90f07c0bacb7594940ba2ef676aa,sudeste,divinopolis,MG,2026-07-04,,True
98e7ec25-d46b-4568-8dbc-2a048c194ebe,11eac105f3f90a9b87b19c89d91e24f3,sudeste,sao paulo,SP,2026-07-04,,True
ac5b191d-4a63-4f1c-b7c2-068c3cd24a3a,0725b8c0f3f906e58f70cbe76b7c748c,sudeste,guarulhos,SP,2026-07-04,,True
a586a5c8-811a-4eaa-aae7-1a4b5c1480e9,d1a5cc844736958c11b8efab9a2b4c87,sul,curitiba,PR,2026-07-04,,True
c76100ad-5dec-4202-a89b-120c336776ac,f35becee938e982bd615edf8ef12bcfb,sudeste,alvares machado,SP,2026-07-04,,True
d8dd17ae-15d0-4404-a5c7-4660080b206c,634964b17796e64304cadf1ad3050fb7,sudeste,rio de janeiro,RJ,2026-07-04,,True
99f11512-5f10-482c-b125-9e1568d48e5f,6624bc09786f0e41ae48dfc5eeb1a9e2,sudeste,belo horizonte,MG,2026-07-04,,True
0f499df6-79b5-483f-b285-b04505025915,54219883e72aad869adfb2a54b7bfa0f,sudeste,sorocaba,SP,2026-07-04,,True
c62ef97e-c597-4cba-ade9-3d1d0e7e4a9e,5795aebfe331fbcd02a2c4b679fb7952,sul,palhoca,SC,2026-07-04,,True
a632f452-0c31-4a89-9fa4-7de36d8a8ed8,6e2d3e2dc84fb30f6078f39dd3bddd6f,sul,colombo,PR,2026-07-04,,True
87c95154-463d-42c4-8f69-702defbbad0d,3078096983cf766a32a06257648502d1,sudeste,scao jose do rio pardo,SP,2026-07-04,,True
d4422e6f-662c-4497-b73e-e52a422bb702,014d9a685fd57276679edd00e07089e5,sul,maringa,PR,2026-07-04,,True
0ddd5e33-979d-4596-9cdc-a488a2a00cd0,656591be56071d4c9ef4e5fee78a578a,sudeste,santo andre,SP,2026-07-04,,True
7dcaa5d5-ef2a-417e-ad86-10b089e26280,26562f211dd1364af2a8596dc945e8ae,sudeste,sao bernardo do campo,SP,2026-07-04,,True
417981a4-d3be-4bce-8556-43922ec2e36f,bccf933e006e9b94a6184af782963e77,sudeste,assis,SP,2026-07-04,,True
b45887df-a863-4364-b8fa-b8a46c433bd4,12c2ed9cded6138cf0c75f525f565fc7,sudeste,praia grande,SP,2026-07-04,,True
e78023ac-dbf6-40cb-bca8-787f156b8803,961dff0a659b4561334372337dd897d9,sudeste,rio de janeiro,RJ,2026-07-04,,True
35f7385d-06cd-433b-924a-0ceccccb2e17,b33e7c55446eabf8fe1a42d037ac7d6d,sudeste,pradopolis,SP,2026-07-04,,True
c65ae1fe-12f4-4204-b3ce-6d5223c899f9,2235cf78d3e2073a88146a9cb60f0dd0,sudeste,sao paulo,SP,2026-07-04,,True
b4d8bd48-2652-4d6c-873c-6edfa90b2ba2,218d46b86c1881d022bce9c68a7d4b15,sudeste,ribeirao preto,SP,2026-07-04,,True
64e79468-4db4-4dd9-9ce2-08ac732c0b53,08d1c9478fb0d7d7fcac9c0da4e82fc7,sudeste,belo horizonte,MG,2026-07-04,,True
79dd6f68-04a9-4b09-ba4b-267c34ace3ac,dfc475d54e1b6dbeeb7d7d9bdaa63827,sul,curitiba,PR,2026-07-04,,True
aaf41a66-440e-4c01-8dac-82c29a371548,813348c996469b40f2e028d5429d3495,sudeste,jundiai,SP,2026-07-04,,True
5dd13013-16a2-4363-975e-b0aefaee86b7,c394e193cda3b4225ff2094d32184849,sudeste,sao paulo,SP,2026-07-04,,True
33ee2840-c7eb-4644-8fd2-4fb2a751f9b3,2745f798279e0ed033addcc1474776d7,sudeste,sao paulo,SP,2026-07-04,,True
92b1d6be-1706-4fcf-b09f-5079166e7e54,6b803197e03abd5056b4313306b4f29d,sudeste,sao paulo,SP,2026-07-04,,True
c48e0867-12e8-4282-92e7-ea99ca4f00a5,bafc5aa11e413978be29040f51342e70,sudeste,belo horizonte,MG,2026-07-04,,True
30a5e709-5fff-4622-a113-b0c0b3725e21,44717f64ec2a457979cf83c429077666,sul,santa rosa,RS,2026-07-04,,True
234f9cb4-b8a3-45f6-be5a-8d7140bb1dfb,b7cc6c5e001441ae8cdd5c69a480cbe4,sul,curitibanos,SC,2026-07-04,,True
7a292092-6864-4230-8225-34024e308e2a,af7cdac9d9897cddead9c6b08976c642,sudeste,laranjal paulista,SP,2026-07-04,,True
bcfed2ab-9a2c-4a4a-9f30-0b2b9a3143f4,b3e2faf2c1004d674f16a3aa3197f0e1,sudeste,ribeirao preto,SP,2026-07-04,,True
ab7592ec-916e-4bb9-83e1-9576a24ab4d1,670a9dda115b5a88b18cfadee8de2332,sudeste,ribeirao preto,SP,2026-07-04,,True
ec52524f-721d-4b77-b2be-0f03a20f5340,3b15288545f8928d3e65a8f949a28291,sudeste,ibitinga,SP,2026-07-04,,True
5415deae-2689-4cb4-9318-19bc92da3ddf,3e35a8bb43569389d3cebef0ce820f69,sudeste,sao paulo,SP,2026-07-04,,True
2cc873d1-4871-46ca-95ad-00c04d37991b,81783131d2a97c8d44d406a4be81b5d9,sudeste,sorocaba,SP,2026-07-04,,True
2fe8d31a-2b06-4e1e-b967-496e48fdbd82,29e6e05b65f93bc224c644319dc52ecf,sudeste,juiz de fora,MG,2026-07-04,,True
365c3555-9e7a-41ff-b805-3f64956caed8,cce6ab8d1682639fe45ab70234f1665f,sudeste,curitiba,SP,2026-07-04,,True
55f578cc-01c7-43eb-8f0b-b7f4d377fe49,e1643dff33666ca629e3644c02738179,sudeste,sao paulo,SP,2026-07-04,,True
6d80c792-d7f0-4180-946f-88b0a4c6e8a4,76623fde66e6b63b59440fd34160512d,sudeste,guarulhos,SP,2026-07-04,,True
5d420fe9-7d56-415e-83d5-957d461c55ad,5275ca25d0358ca73864e0ae41be1320,sudeste,guarulhos,SP,2026-07-04,,True
ba558181-c64a-4168-9110-292df49ef093,eb4df17aed01d918c65f0f8d650900c0,sudeste,paulinia,SP,2026-07-04,,True
0ba6f8f1-8044-4390-bbb9-567f29abb2c9,10089e9f2fd0c668a8fd4e52e1698888,sudeste,sao jose do rio preto,SP,2026-07-04,,True
f6b2df9a-08a0-4852-84a9-728619e5d695,c398bc00a606d33758afd91f4e64fd15,sudeste,rio de janeiro,RJ,2026-07-04,,True
c9a7533e-f783-4ca0-a6bb-29fcf82d01fe,2f09f7d37a97956d11cc1a7cadd5262b,sudeste,ribeirao preto,SP,2026-07-04,,True
f297cf8f-ec50-43f6-b80d-4668571d4c30,e58a5b390e28abc0b216cfb0e07d27d7,sudeste,rio de janeiro,RJ,2026-07-04,,True
4f743815-b2a8-4eb7-adcf-c14a02948f89,f41ce2e25237f9092cd8e6e7516c7a2f,sudeste,guarulhos,SP,2026-07-04,,True
e28e63ef-592d-4bdf-9956-6097c1cf0d58,8e6cc767478edae941d9bd9eb778d77a,sudeste,araguari,MG,2026-07-04,,True
a30a433a-5e58-44c8-9a09-43dc436c5cb3,028872bfa080090a9d0abd4f1af168f8,sudeste,ribeirao das neves,MG,2026-07-04,,True
1fcd6eb3-9c15-40dd-b6a3-e8882d8c788b,1710c3aaa9c6b44ec3883ee0fe300e21,sudeste,sao caetano do sul,SP,2026-07-04,,True
6fef60b7-7792-40f6-8c87-5a2f69a4265b,52d76513f0c4d97f3b99570e2c94ee31,sul,novo hamburgo,RS,2026-07-04,,True
d9135778-64c9-43d9-968a-45ef1736eb41,dace965ca58120f92f8d742a9fa1864b,sudeste,sao paulo,SP,2026-07-04,,True
ea77ab4a-1ce1-43dd-8b26-2e704362b0b3,f5b44895715ddfe3087dc414f30268f3,sudeste,sorocaba,SP,2026-07-04,,True
3017be88-8c6c-4b9d-9f29-67a18b72cbdc,c8467937e403e76a8ee9f0ab13f6f5ef,sudeste,pocos de caldas,MG,2026-07-04,,True
09991ec3-e4eb-4d84-8d13-70bd85a348b4,56f413900b5166ab4d730e9ac0b12cb0,sudeste,sorocaba,SP,2026-07-04,,True
20d3d62f-3208-406c-b387-52ec9a85effa,3f8034bfc6b8b4135534975d49f04c63,sul,curitiba,PR,2026-07-04,,True
eef0e802-603a-406c-8d20-8075c124c155,4992e76a42cb3aad7a7047e0d3d7e729,sudeste,sao paulo,SP,2026-07-04,,True
e0e305cf-9c99-4d10-ae30-9d431b841ad1,265fdc289dffa9f1ad801c74f7d0de47,sudeste,jaci,SP,2026-07-04,,True
8540b3b7-cedb-4277-b845-abffb43535da,0afccdb8a34ee5c79f7c06faf2b4d56e,sudeste,uberlandia,MG,2026-07-04,,True
184df2f7-528a-4883-b72c-6faa7f52ec5f,02dcd3e8e25bee036e32512bcf175493,sudeste,contagem,MG,2026-07-04,,True
aad672e8-2671-47f7-acb2-739ab143998b,c9e5ad1f6647f5dbd1172adf6ae3cada,sul,porto alegre,RS,2026-07-04,,True
f4d884a5-5330-47fc-ba5a-7bfe8483b8f2,02a2272692e13558373c66db98f05e2e,sudeste,rio de janeiro,RJ,2026-07-04,,True
a7f3ee92-b13f-4ce0-baf6-22d57b82649a,f783a638e9c6af4a7d0dbfde811e7a81,sudeste,sao paulo,SP,2026-07-04,,True
8aa207f9-ad84-4844-8be0-472c9bfcbdfa,0b18d63d0cd1d723567903fd34a07df2,sudeste,sp,SP,2026-07-04,,True
23d7e9fe-2302-4581-8e6f-2eafaa40a32f,3ef37b7ca6dd2b80bd8af81a62504996,sudeste,sao paulo,SP,2026-07-04,,True
e398ee8d-027e-4b3e-b265-45802a19fea8,dd4d95ba2d15c071e6c695e2ef6ce169,sudeste,cachoeiro de itapemirim,ES,2026-07-04,,True
b2117d85-9f33-47ef-a0d5-0a420e5eae6c,7bb8fac2913a6064ec412e583c6d8b4d,sudeste,bauru,SP,2026-07-04,,True
030f7f98-5736-43a4-be83-6ecf9b99e45a,86649b1632b1c0e6c0bcb2c90a8b75d8,sul,medianeira,PR,2026-07-04,,True
73363c0f-e1ff-4d9a-9435-5db75c980093,8dd386be0767c330276ea6a3f96532d3,sul,paulo lopes,SC,2026-07-04,,True
0ca269bb-3ec6-48f6-aac1-5633f8de1e9a,deaadd805612bf94faaa9fa702516e11,sudeste,sao paulo,SP,2026-07-04,,True
a138b079-ff35-4800-b69f-50516ecc0a25,5e063e85d44b0f5c3e6ec3131103a57e,sudeste,sao paulo,SP,2026-07-04,,True
75300294-0e91-4ba8-a6bf-47b254d8b7a6,6e4f5ff6b086632ba8dcb558fb10249e,sul,flores da cunha,RS,2026-07-04,,True
3c7fa541-ecbb-4d53-8e70-fd6aa7ae3b23,117cfc326c6d50da67ca858ff5c0c852,sudeste,sao joao de meriti,RJ,2026-07-04,,True
d7deeb6f-17c8-491c-8961-4bef63f8cbbc,d25aa0aaacb370e912f8cf6efeba38b3,sul,massaranduba,SC,2026-07-04,,True
8164459b-2578-45c0-972c-99b2261a9558,c0e6839516f5398edc34adf5f1d53d1a,sudeste,guaruja,SP,2026-07-04,,True
8f9b922e-d5bf-4f47-8cd9-bced2dd2768c,119c7f1a00ef43fad0e57604e76a747c,sudeste,sao paulo,SP,2026-07-04,,True
04773ba5-d2be-46f9-bfd1-4cf95ec1f12a,2953ce3a88f5e3c3b696d77fc9e4c8eb,sudeste,sao paulo,SP,2026-07-04,,True
a2f7e6c7-3baf-441d-8e4c-a2c4d426a643,bbf9ad41dca6603e614efcdad7aab8c4,nordeste,fortaleza,CE,2026-07-04,,True
d944dcf4-f7d1-4de7-bf77-f0bba56f1be5,d7b2377bae6ace1b11fc69a11900ac36,sudeste,sao paulo,SP,2026-07-04,,True
0cf8dc0f-f68a-4290-8146-4ab117f0d4fc,57fe6232e67823593374a2281d7a8af8,sudeste,capivari,SP,2026-07-04,,True
b27a38be-9a59-4523-a72a-1eae4d3155fe,4da0e408c99d2fdc2126dc9fce518060,sul,cornelio procopio,PR,2026-07-04,,True
c7ca8ff5-f427-4d55-86d6-1b14d94fd0a7,8b28d096634035667e8263d57ba3368c,sudeste,sao jose dos campos,SP,2026-07-04,,True
6da43f7c-bf6f-4f3b-94cd-1b92f6d385a3,82cb9f452fe8334df74b22d37824b431,sul,caxias do sul,RS,2026-07-04,,True
a79d4248-e017-4fc0-82cb-ea0b4989c421,9bc484c87d79cd4874e05ca182658045,sudeste,sao paulo,SP,2026-07-04,,True
45220b34-61da-4587-8edd-c175a5f2cdf8,c6218512d16fcac0af02fe92691cf274,sudeste,contagem,MG,2026-07-04,,True
b4672431-8bad-4a9f-be01-b6e1352c40c8,d17f467e4bf608a510c20d82f4ba3b6b,sul,caxias do sul,RS,2026-07-04,,True
2008f737-bc07-4030-9a47-3320f9e3ddfa,4371b634e0efc0e22b09b52907d9d469,sudeste,sao paulo,SP,2026-07-04,,True
5605535d-13d8-4023-885c-1096c97fb95a,1b45169b635ef59425637e9a33eb5fb3,sul,maringa,PR,2026-07-04,,True
3885063f-5cde-45bb-a907-722dac4fefad,bd23da7354813347129d751591d1a6e2,sudeste,sao paulo,SP,2026-07-04,,True
d2d21820-be62-459e-9a04-09861368d707,412a4720f3e9431b4afa1476a1acddbe,sudeste,campinas,SP,2026-07-04,,True
a18c8b99-fe08-4331-bacb-c8826d55aeb0,7238a95bb63ef7e498389fb863b834a1,sudeste,limeira,SP,2026-07-04,,True
c161b58e-cbbe-4a1a-8883-bd64f957f3ac,26785a546900236d66f2e4197c211158,sudeste,sao paulo,SP,2026-07-04,,True
bee29b36-82f6-40f8-a5f5-c0325fe03270,b7ed9fb14c8eadb37adb9c45d67ab0fb,sudeste,jacarei,SP,2026-07-04,,True
f9354542-77e1-4de9-b3fc-3e5c74355dcf,a0d7fbb07bb5ebc3b05980e750db56f3,sudeste,ferraz de vasconcelos,SP,2026-07-04,,True
de1b0c72-9f23-4198-a904-2ee5d90986c1,10264f60a8f0a4d2f30810f5c661c673,sudeste,campinas,SP,2026-07-04,,True
b631cce4-3f04-4633-90f1-9946794b53a1,35857757f553273b1056c1cabdace7fb,sudeste,ribeirao preto,SP,2026-07-04,,True
a2d980fc-35af-4ee6-9ebf-b261c5a88cff,538caafddff204241cecbf3a02e6b3cf,sudeste,sao paulo,SP,2026-07-04,,True
a523d93a-24da-40f3-ab0b-59337f8cb5ce,913fd0ebba70bb919f7254a02239173c,sul,blumenau,SC,2026-07-04,,True
40312643-8c75-4b50-8a35-c31213a217a8,b2eecf5ea250510da76590ca79d60e5d,sudeste,sao paulo,SP,2026-07-04,,True
e001319a-2e50-46ec-b08a-9625dcde1652,1c742ac33582852aaf3bcfbf5893abcf,sudeste,belo horizonte,MG,2026-07-04,,True
7e7759da-6f82-4fb6-ad2e-cdfb2d821ab4,8f2ce03f928b567e3d56181ae20ae952,sudeste,pirituba,SP,2026-07-04,,True
0d32600e-eab4-41ea-b93e-49eb4968e39f,4d9fea3499bdc22aa4da4e339365f215,sudeste,sao paulo,SP,2026-07-04,,True
cf3fae94-995d-4f97-8e58-886aa2f4ec19,d4e12e7884759a14fa0f5f896c791cae,sudeste,sao paulo,SP,2026-07-04,,True
26f78c2f-b73b-49a2-a6e3-27422d83b377,e24fc9fcd865784fb25705606fe3dfe7,sudeste,braganca paulista,SP,2026-07-04,,True
dbae2d92-20db-4c45-b1ab-89d1e3142c56,5882f40daf39bc2a465e0cb453ddc222,sudeste,sao paulo,SP,2026-07-04,,True
2a62a790-ccd6-48ad-80db-c811ebef9296,26e2c91ef821e1ff8985f408788fe35b,sudeste,ibitinga,SP,2026-07-04,,True
078a2002-8ea5-4060-96a5-34de0bdd4b91,53336f97ddbe53e2a617d07b17447b95,sudeste,sao paulo,SP,2026-07-04,,True
648a2e7d-6bbe-413d-8d79-5f503bde8b4e,fec8cd45395b3cb0c2b173d7739706a1,sudeste,jambeiro,SP,2026-07-04,,True
d67eb8f9-5bbe-423a-810c-c0764621d807,e116c7455dd26a4d8c3e92532583905f,sudeste,sao paulo,SP,2026-07-04,,True
dc535364-049a-4f81-be6a-2788059383c3,900ba814c251a692506d7834c1218441,sudeste,salto,SP,2026-07-04,,True
047c551f-9a2e-4bde-a8c2-a7fc71fab59f,afe0067131b73e40875c9b6c10bd2e21,sudeste,lagoa da prata,MG,2026-07-04,,True
9457e7d7-7d6c-4e4f-adaf-e9704ef7b181,542917da124346b47ea1ac79a93ce454,sul,curitiba,PR,2026-07-04,,True
775b7df5-00bd-46e5-9871-56c7fc2cd6ea,35b96509602ec4b7da831b5cd73ff2c2,sul,sao leopoldo,RS,2026-07-04,,True
23c8bd23-30fc-43ad-b91b-2e167f64b7ae,4a23adac87cf538689fa600d976f78b2,sudeste,sao paulo,SP,2026-07-04,,True
9b923ca0-3411-4b6d-b66e-07a1bd4937e8,85cc55e048b6bcc90c75afe7f0e72f72,sudeste,barra mansa,RJ,2026-07-04,,True
c11793d8-b59b-42b1-9869-d6c18536e330,2009a095de2a2a41626f6c6d7722678d,sudeste,sao jose do rio preto,SP,2026-07-04,,True
fd4d8eca-ba7b-41d2-944e-22e4f045c26e,3a52d63a8f9daf5a28f3626d7eb9bd28,sudeste,aguas claras df,SP,2026-07-04,,True
380bc9ca-9e04-4346-8e47-49e8057e8a22,e9b6c33b71b67737693b4cfa68341c8d,sudeste,sao paulo,SP,2026-07-04,,True
ad5f5d25-b59d-448a-b4cd-ce129fc284d6,c458e2045a8aa8964f8879af03fdcce6,sudeste,sao caetano do sul,SP,2026-07-04,,True
8c83a9c5-555e-4398-b79e-7e77bcf51727,6601ee6383e7f452be71929f8de48bbb,sudeste,ribeirao pretp,SP,2026-07-04,,True
34d36e52-b945-4b60-9415-45c8c71e4c57,5a4236931428800e9d9cc04af0987118,sudeste,sao paulo,SP,2026-07-04,,True
99520e90-800c-4edb-b001-d69d021c7aca,258447aad3f7b01e2643c89f64dc5647,sul,cianorte,PR,2026-07-04,,True
8f76d832-9f89-4b31-b12f-fc7f7c9b1ef4,8a32e327fe2c1b3511609d81aaf9f042,sudeste,sao paulo,SP,2026-07-04,,True
8ab96904-a0ef-4f59-8c7c-ad5d1f5d8212,0f519b0d2e5eb2227c93dd25038bfc01,sudeste,ibitinga,SP,2026-07-04,,True
286b45d2-d990-4c4a-bc36-262d0f9c3c2b,d7d517afce974cd491b8d52bb5b5b1fc,sudeste,sao paulo,SP,2026-07-04,,True
3ad6af0e-1d77-4f29-9a17-51e94eed658a,ec5c1d94df153d473b37f880977ae58e,sudeste,rio de janeiro,SP,2026-07-04,,True
afc03895-8eb6-4b9e-bc90-aa8387fd1b8f,31561f325664a8a7aba4c8d0c3a9b3db,sudeste,sao paulo,SP,2026-07-04,,True
c08f73ca-4a3e-4a0b-b653-0810422e8afd,70c4eedec9cb4a85cda2f3f9673557b4,sudeste,sao paulo,SP,2026-07-04,,True
e71328dd-8b51-42bb-a72c-bd8a4ac14cf5,4fb41dff7c50136976d1a5cf004a42e2,nordeste,feira de santana,BA,2026-07-04,,True
f12e2fc0-270e-4f43-ab1d-5991cc258ec9,d23019c84ffae2d5ef2270367b8605fc,sul,londrina,PR,2026-07-04,,True
02032f0d-24c2-4761-ba8c-de13deb53cb7,ad8ada0ffa993cb1197d102d9ab21a3e,sudeste,araguari,MG,2026-07-04,,True
ae477f1c-4679-4979-aa79-d6a29c51975e,ce20a2ec1514c25e16f2b5b39bc818f0,sudeste,sao paulo,SP,2026-07-04,,True
0515814d-9183-4fef-98eb-3fbdfc2dba74,0f94588695d71662beec8d883ffacf09,sul,florianopolis,SC,2026-07-04,,True
6cd0e63b-c93b-498f-a5dd-2a686368e6e2,3a79f35a2344ede41af21267f61d5ec6,sudeste,campinas,SP,2026-07-04,,True
e8aa8bd0-f5d7-4e65-ba5a-82e4ef3d4b1f,b586cd24c010a13916af621b0325fbba,sul,rio do sul,SC,2026-07-04,,True
d295c89e-03e0-41cb-bb4b-304043017db1,2075d8cd4dd63ff12df0749a5866bb06,sul,curitiba,PR,2026-07-04,,True
36c9e38b-4ec8-4b39-9a86-60d7ab489915,0d83f8e03188682112cc0d93523705cc,sul,porto alegre,RS,2026-07-04,,True
2672104b-8473-4673-969e-50137a1c8beb,85044848b1b767db2a4a58526adef4b4,sudeste,osasco,SP,2026-07-04,,True
b1dd6bca-df55-4a43-bb6f-081bbef051de,c3251e13f1bbda6c74e37c160f991e19,sudeste,porto ferreira,SP,2026-07-04,,True
b7254e46-75c3-4953-ae9e-376e33d195d9,4a1f694197d05fe70026b016a7316b41,sudeste,pedreira,SP,2026-07-04,,True
42c8cd61-f363-4568-aaa6-76ba61c95053,6ebf4eceee4dd9847201c82e77ef8123,sudeste,rio de janeiro,RJ,2026-07-04,,True
23ccda2c-503d-4cbd-9624-c8ed4357a090,0873d9f8f36123f8d910f4760e788cfb,sudeste,barueri,SP,2026-07-04,,True
7fa601d0-0638-4bb8-833b-7e7024efbd63,a44fb5a447105f8469bdf16bf9159f25,sul,porto alegre,RS,2026-07-04,,True
4af691bd-605b-48a9-a082-8eb857932d4f,dcf3755cefcdc158ad0b7bdde51e871b,sul,cachoeira do sul,RS,2026-07-04,,True
7eadf13c-98c5-40fd-8f1c-20811a44b3df,4869f7a5dfa277a7dca6462dcf3b52b2,sudeste,guariba,SP,2026-07-04,,True
5debe642-462b-4236-a7ac-fb355fa9e005,6bb66d9870c2e01c05655c7ed0e7ee13,sudeste,sao paulo,SP,2026-07-04,,True
2e03986a-543a-4cd0-81bc-d4d0172bf4af,1c5e4e49b9079480255b49d50aac1aa9,sudeste,santos,SP,2026-07-04,,True
8aa7b453-4a83-49ae-b8c0-3d1520f3eb5d,6a3139c7bf09ece22a4713d956acbe5e,sudeste,sao sebastiao da grama/sp,SP,2026-07-04,,True
56b81a3d-dffd-483a-bf6a-f304bf339955,37515688008a7a40ac93e3b2e4ab203f,sudeste,dracena,SP,2026-07-04,,True
f3d1d55c-5f4d-4ef0-aeac-c9042fa9af52,8fec2e460530482132c436cfb5439925,sudeste,laranjal paulista,SP,2026-07-04,,True
017eb3f0-ba60-42d3-985d-4725cf6653ea,1746c1ae87ac63d530c7c943d0ac42e2,sudeste,santana de parnaiba,SP,2026-07-04,,True
93f4cf43-d9a6-4429-8476-c4d300f1910f,afac9f6b0c4e5f0a7ee87e922cd0f873,sudeste,bauru,SP,2026-07-04,,True
b89385ec-9f62-4a9b-ba21-0bd2d9410a5e,3be5841cdcc46de4ed3f9116f104b2c5,sudeste,barueri,SP,2026-07-04,,True
705eaec7-ab36-4d3a-9b00-b10e1da054cc,0249d282d911d23cb8b869ab49c99f53,sudeste,sao paulo,SP,2026-07-04,,True
c27d0533-7d8a-43a3-b0db-0692ef58c236,23ca5f678e0b3ea6c630b30fa8bf51ea,sudeste,sao paulo,SP,2026-07-04,,True
4559f3bc-418c-4a2f-b07a-64b222f5df4c,5eeb9c756d9780b96283e5a2ac6da334,sudeste,ribeirao preto,SP,2026-07-04,,True
562fdf65-0139-461f-af82-3541ca60e694,25be943a321c8938947bdaabca979a90,sudeste,sao bernardo do campo,SP,2026-07-04,,True
9b2d096f-18ab-4e0a-8296-4f136bf1c27a,818d28f936e791926d33bcb6ee94ef79,sudeste,sao paulo,SP,2026-07-04,,True
a35d5b0e-ec35-4587-993b-bb4af4048848,bfd938b22bc99bce1ae60dc602889f52,sudeste,rio de janeiro,RJ,2026-07-04,,True
6e809a3c-f7f0-442a-9ee3-d359a449239a,c12b92bf1c350f3e6bf88d3596219c86,sudeste,garca,SP,2026-07-04,,True
88deeec7-9149-49c8-967f-c239baf7c9b6,97e995629983723d11830a829bc2b246,sudeste,lorena,SP,2026-07-04,,True
363b105c-68f7-4ea0-8fec-b7865a0e713d,ffa6adafb71b807dc13159e26431354c,sul,londrina,PR,2026-07-04,,True
7228318d-d866-4296-84f5-b29b3bcce5a2,080102cd0a76b09e0dcf55fcacc60e05,sudeste,belo horizonte,MG,2026-07-04,,True
5767d465-dd3e-4446-82b3-f04a4a0b4405,5a6a02f419701fc8c605af71d4fc57a4,sudeste,americana,SP,2026-07-04,,True
c4329ccd-abbc-4acf-8212-5ff02eb4212d,94b9108d4b637ba65bb4f1e53cfcf8d8,sudeste,guarulhos,SP,2026-07-04,,True
ca4c9d3d-37f3-4333-beb8-75f54a509d27,0fe2d9733ed841eb064503920015a8c0,sudeste,ourinhos,SP,2026-07-04,,True
24d6e6d9-bd3f-46ea-bd4e-b07893438cb2,154bdf805377afea75a3bd158e9eab10,sudeste,ibitinga,SP,2026-07-04,,True
f54123ea-6e96-4c97-9eef-9f34928fcd63,b2ac621f0d0322434d04a12b078b9369,sul,curitiba,PR,2026-07-04,,True
1e401605-7ad0-475d-b9fc-eaa0145b0952,9c54608f0996c32ae4743089d915f845,sul,loanda,PR,2026-07-04,,True
98c92349-3364-4bb9-94f0-62ce0ff6c9f7,17306570e772e7718c92a562d33f5f1d,sudeste,bariri,SP,2026-07-04,,True
a405c156-23b2-440b-ae4a-feeb93f73e09,244c2f1bff6afe1f2eaf9bfe9b2aed38,sudeste,mogi das cruzes,SP,2026-07-04,,True
a477c849-4991-4425-ac2c-7b511ec074e5,71039d19d4303bf9054d69e9a9236699,sudeste,sao paulo,SP,2026-07-04,,True
350ce3c3-df63-4c3f-8675-1ee230334641,54065e9aef7e9e9c2dc23b7594db021a,sudeste,rio de janeiro,RJ,2026-07-04,,True
390dae0a-4ed2-4fa9-bd58-6bc1c5f18b2d,7ad41305e96a6cab8294cd65891e9a86,sudeste,rio bonito,SP,2026-07-04,,True
3db66250-0564-4844-8f4b-009e6a79084c,25e47381a6c510ddeb36084e33b89f0c,sudeste,praia grande,SP,2026-07-04,,True
acd55e68-09ff-424b-ba99-0e06cf6ce83e,4d6d651bd7684af3fffabd5f08d12e5a,sudeste,jau,SP,2026-07-04,,True
3a52af5e-19dc-46f4-bfbb-033fec65c1d1,24a6daf925d9d591870a66660416de31,sudeste,robeirao preto,SP,2026-07-04,,True
70fba95a-c1b7-4131-a82c-54fe1edef08e,f0563bacf40c311f1c4d3d6b67b8a7a7,sul,tubarao,SC,2026-07-04,,True
c3eb1127-92a9-43fe-985e-148a3be06ae9,b76dba6c951ab00dc4edf0a1aa88037e,sudeste,sao paulo,SP,2026-07-04,,True
753b6f5e-be6d-4163-b1a5-89d4cbc2f0dd,1bc2e21de46adfea6b98cc96b00f3b40,sul,joinville,SC,2026-07-04,,True
ece88cff-cedc-4fbb-8be7-8d9966819974,b1204cfda1d4948679db3cfc0d3cb95c,sudeste,guarulhos,SP,2026-07-04,,True
3933a8c1-5bac-4241-bcdb-3a91e10756bf,b4ffb71f0cb1b1c3d63fad021ecf93e1,sudeste,sao paulo,SP,2026-07-04,,True
fdde3ea1-d01e-4204-a724-58c514fa345a,165b1235e9e9942cb5fae67103576fb0,sudeste,ribeirao preto,SP,2026-07-04,,True
d30dd4b9-7140-4400-8992-18f8d6482420,8eb88b0acb3f90a717ad659221471fa7,sul,cacador,SC,2026-07-04,,True
3b649852-077f-4980-a924-c0a8d03ef241,9599519be538b98748162a2b48248960,sudeste,sao paulo,SP,2026-07-04,,True
83d73a90-bc5b-4af2-800f-c863bdcbdb82,0417b067eeab773d2f7061a726dc477f,sul,sao bento do sul,SC,2026-07-04,,True
9d209542-57a7-48e5-ba85-f29a8e49b146,c26ba52cf8d2f34915f2f6b7ffa0a3f3,sudeste,rio de janeiro,RJ,2026-07-04,,True
0320a452-bb02-4a1d-8b50-59a281f4281e,e5cbe890e679490127e9a390b46bbd20,sudeste,sao paulo,SP,2026-07-04,,True
3e9a1dcc-645e-441a-a738-f998da25eef7,974cf2cb8f4b7add98709c30df02fe10,sudeste,araraquara,SP,2026-07-04,,True
306c6961-3531-43c2-a942-cc695689caca,3c487ae8f8d7542beff5788e2e0aea83,centro_oeste,gama,DF,2026-07-04,,True
8d5a6f8c-5d85-452c-b91e-0b17333731ed,4a3ccda38b2129705f3fb522db62ca31,sudeste,marilia,SP,2026-07-04,,True
667fc0c1-903f-4f33-9257-96db29bd0865,876182d1918783bbe15233febfbd4926,sudeste,sao paulo,SP,2026-07-04,,True
5831a673-9b5a-4a4b-ae21-26830432ff8b,33576ec5412fb5905d876f12f33bfde6,sul,curitiba,PR,2026-07-04,,True
e02bfa55-127d-4749-95a2-ae258f3793a2,5b85809efd0d0e4dea1a9544e1280ed9,sudeste,presidente prudente,SP,2026-07-04,,True
47aeb6e9-542d-4a33-baf5-9ff3b80cb002,5566627eab3fe93fd6ee08798226101a,sul,sao jose dos pinhais,PR,2026-07-04,,True
986d7b1f-cab1-43cc-82e1-c7867b274532,e504a4e2efaa45cbff7e268a2c58c956,sudeste,sao pedro,SP,2026-07-04,,True
ca5ca6f4-3843-483d-931a-bfb53d0562cf,056b4ada5bbc2c50cc7842547dda6b51,sudeste,queimados,RJ,2026-07-04,,True
aae1310f-f1b6-4d9b-8dbd-03ba6526dcb0,1e483cc5c76fef08d3ca05f9a8af7d01,sudeste,sao paulo,SP,2026-07-04,,True
38077865-6c04-4a65-86f5-0f3dc6449bde,9b1050e85becf3ae99c1cf4934c9bc5d,sudeste,montes claros,MG,2026-07-04,,True
c63f784e-f7c1-4943-a7d1-9212de564f59,b248792ac0b60ec3f93d80af1b4fae47,sudeste,sao caetano do sul,SP,2026-07-04,,True
13b6ae93-106c-401a-a782-fb30b41d8ec5,34056b8b55c1775a22af2331670a799c,sudeste,penapolis,SP,2026-07-04,,True
a2e26d2d-a60c-488c-8465-2c463b7818a9,21d59342ba150175ca2aa4f8faddeca6,sudeste,itaquaquecetuba,SP,2026-07-04,,True
38e62a96-ee3d-4856-b9ea-804803d232f8,23c38debaffe4a25a30fdbd9b586a13f,sudeste,votorantim,SP,2026-07-04,,True
066e4316-68c9-480f-b634-50e0386e21a9,d9c349beabc06aa6ff1c6d68b5e9e22e,sudeste,sao paulo,SP,2026-07-04,,True
7c9dd0f8-00d9-47a7-825d-e75b4389ed03,49f8d2ea7b718d0ce587d34207caf2b4,sudeste,sao bernardo do campo,SP,2026-07-04,,True
cd006e2b-ed8c-4165-993e-b6cb72113e84,bd1d49a326abfa9b1036772e40445430,sudeste,bauru,SP,2026-07-04,,True
3fdeb08c-c456-4c1c-b972-b833b8d3b7d3,6861de0f40cacb0602e473c51639f980,sul,curitiba,PR,2026-07-04,,True
98ce2bbf-a8f3-41ba-9e3b-ffe1e3862018,c9c7905cffc4ef9ff9f113554423e671,sudeste,itapecerica da serra,SP,2026-07-04,,True
242fed0a-057c-4a51-8e59-fb1f43b9bf19,aa17b35ce4de7b565be3249ba838944f,sudeste,jundiai,SP,2026-07-04,,True
55cf3116-763f-41d9-be65-090b29985908,0887a9f087bcd5d9f6642b52f897fc6c,sudeste,cananeia,SP,2026-07-04,,True
a719de29-6b51-4b9a-8b6a-ec29f57954e8,abc015ebac1d283a323ca9db35ede4b9,sudeste,ribeirao preto,SP,2026-07-04,,True
d505e8e8-5674-4408-97df-958eb2f1c14a,00720abe85ba0859807595bbf045a33b,sudeste,guarulhos,SP,2026-07-04,,True
68044b6b-db2b-487a-8c04-3964a52ce6df,75d34ebb1bd0bd7dde40dd507b8169c3,nordeste,salvador,BA,2026-07-04,,True
668fb4cc-bcd6-43ff-838e-1da92d4bdb4a,e5e33c0d8e7e002f398f5dc4cbbb338f,sudeste,bauru,SP,2026-07-04,,True
95c85700-7215-4b0d-95ee-9f52d676adf0,8f54d64f28a993550aa7943f12572959,sudeste,ipatinga,MG,2026-07-04,,True
951651b1-c023-43e9-9b64-4277c3ad7276,91f5779a8731baca4809fdeade81803f,sudeste,barra mansa,RJ,2026-07-04,,True
1c20ef9f-56d0-49d9-aeea-fbe83c467e10,13074f016982ff2bd6c58ced8682f000,sul,bento goncalves,RS,2026-07-04,,True
1cf8a2b1-2a28-4767-8d03-f59b4923a858,bec568278124768c474ee90971ca94d1,sudeste,sao paulo,SP,2026-07-04,,True
51130374-24be-43ea-8767-97a4ffb562aa,534a01cc6df1e034e05c32028a291fa2,sudeste,jundiai,SP,2026-07-04,,True
405c1677-4677-485a-8858-1a552ab32c75,cd3d09fbe6e3e9ff0c0ac0c300e93ae7,sudeste,nova odessa,SP,2026-07-04,,True
a6e58a7e-b71e-44db-b14c-7f051bbffbaa,57e632711dec9ec14ca7546769483e7e,sul,navegantes,SC,2026-07-04,,True
900b5859-32a8-4b25-a28c-5644b6efda4c,cb3dd9ce66268c7a3ca7241ac70ab58c,sudeste,sao paulo,SP,2026-07-04,,True
8c93e80a-08ef-4807-bd39-4c9a5cd7e029,094ced053e257ae8cae57205592d6712,sudeste,ribeirao preto,SP,2026-07-04,,True
81028c21-edfd-4d2c-8437-98b56f3b4e6e,9906e7aa42a3c067b7c9a564d01c4320,sul,maringa,PR,2026-07-04,,True
0e1d5e99-1519-41b4-b013-f3718dfa87a3,1f1bb1f0859883505541bdd6606193e5,sudeste,sao paulo,SP,2026-07-04,,True
c01dae3d-bc50-42c5-a550-1ec69c6e7300,4200ddf1967c5e41e48db62bc6d4b5ac,sudeste,sao bernardo do campo,SP,2026-07-04,,True
47b36f76-5184-4f2f-a301-9ef2987d39fb,ed9eef5be0992d413d251fadba1a410d,sudeste,mogi guacu,SP,2026-07-04,,True
5c852cd8-3c25-4a59-b058-f5b322801f9d,139157dd4daa45c25b0807ffff348363,sudeste,sao paulo,SP,2026-07-04,,True
a6583f2a-096c-4893-9fd0-cca55ec9882b,c1849d4d32d7a6cecd5aa471809d3135,sudeste,santo andre,SP,2026-07-04,,True
b71c5115-16e9-48ff-881f-bb2614e4273f,64b87978a11c1ea7501a89eabe8c2c1a,sudeste,presidente bernardes,SP,2026-07-04,,True
51e39603-38a5-432c-a580-94dc2813c184,33ab10be054370c254ddfcf0a6253422,sudeste,rio de janeiro,RJ,2026-07-04,,True
44278496-1b87-4d61-9dfc-a022cce2e7e4,bff9deb0ec77d437f3305a79cf25529e,sudeste,limeira,SP,2026-07-04,,True
1bef42d0-fc56-4d14-97ce-fafbf0a8c56f,3fefda3299e6dfaea3466ef346a3571a,sul,curitiba,PR,2026-07-04,,True
8f47d664-8b9c-4cdf-8dda-24d0c8b90959,236585a4ddb5fea9fa40233e2249ed91,sul,caxias do sul,RS,2026-07-04,,True
15e12e19-f8bc-4568-b996-88b35500ad9a,499ec63c58e51296c9cf57edcfe1c8a8,sudeste,sao paulo,SP,2026-07-04,,True
6033a9f5-7b52-4d7a-986d-0b2ec3b38e1f,6f83d9e4da896daae20b9b6b2d3ff8d2,sul,pinhalao,PR,2026-07-04,,True
e4755406-57d6-4158-97cc-14993a617f53,35ef5aa32949680f627efec3c23e705c,sul,sombrio,SC,2026-07-04,,True
3600a367-b7db-4a12-b54e-1eddb2015246,403aa86912527d730337ffcb0fb096ab,sudeste,belo horizonte,MG,2026-07-04,,True
ce638de5-ba27-4df2-ba35-65558ed77b3c,ec8463980a4e0ea9f8517aea1ed0c419,sul,florianopolis,SC,2026-07-04,,True
f7443c3f-23cc-4aff-8d21-884fe34c3628,c847e075301870dd144a116762eaff9a,sudeste,uberaba,MG,2026-07-04,,True
803a5c69-4312-4f57-865a-461bde72829d,6c77cd583b36a13aacccf2b3ee23e233,sudeste,marilia,SP,2026-07-04,,True
00cd81c8-de49-47e7-8172-4a23a4728838,5ef131ac72773e5b3f6c0d63cf424657,sudeste,ribeirao preto,SP,2026-07-04,,True
c474260d-f23b-405c-af9a-eb7bfb787714,6cf476a4ca74498db55cbccdaa9dcfb6,sudeste,sao paulo,SP,2026-07-04,,True
d9aa45b9-306e-4d17-98c1-e713bbcaf375,c447f8dd3ed213f291d65ef074a268eb,sudeste,assis,SP,2026-07-04,,True
937c9850-448b-4719-9e31-925f3ae0e3e2,4736e9d642ef4257cd7622516931eb51,sudeste,piracicaba,SP,2026-07-04,,True
e883b504-e64d-420a-8fc2-d6d908970309,a5cba26a62b8b4d0145b68b841e62e7f,sul,campo mourao,PR,2026-07-04,,True
e4981f8a-9a1d-488b-9276-49668eecd5e0,a1bea9970d8f65b240555f99c2214f7f,sul,pinhais,PR,2026-07-04,,True
21eae69d-b168-48bb-afe5-6edac2b57a99,1025f0e2d44d7041d6cf58b6550e0bfa,sudeste,sao paulo,SP,2026-07-04,,True
635063fe-b807-4f24-9361-40c42c38865b,a5dd1946fb63ada8bcaa0c9cd8f11e22,nordeste,caruaru,PE,2026-07-04,,True
2e54072f-2de2-427a-aae5-3fb7ec7d2612,c5f7feb04a6a1fb3596322bfc3cf1917,sudeste,sao caetano do sul,SP,2026-07-04,,True
1564262c-a28a-413e-a6f4-9007446d669c,c3e1abd72a42fe690fcd89cf5720fe29,sudeste,mogi guacu,SP,2026-07-04,,True
67b87698-a95a-4685-af76-26a330249588,891071be6ba827b591264c90c2ae8a63,sudeste,sao paulo,SP,2026-07-04,,True
6555f0fb-8d35-4ec9-902f-1df29fbf24f1,491a5ada3aa1678414e990262c4bbdc1,sudeste,sao paulo,SP,2026-07-04,,True
1f83b117-96a1-46d8-8f4d-a6011e66466b,84deb808079d1be601c209c1e771b1cc,sul,curitiba,PR,2026-07-04,,True
c6e46b50-3630-42c2-87c6-9ed9e426b4d8,dd58ee93286b0821565574c570e9e1dc,sul,curitiba,PR,2026-07-04,,True
becca154-1aa1-460a-887f-11c6b56a1172,9558aa23f77a9e0a0eca83540999f43b,sul,apucarana,PR,2026-07-04,,True
19d07865-8476-4d29-928f-4f9034432af7,3c4e0452bff7a2a788179488d3d77032,sul,colombo,PR,2026-07-04,,True
c3c4d376-7c4f-44ad-b16d-ba654c851841,ca5832c6960267b71041f74bb39e8b12,sul,xanxere,SC,2026-07-04,,True
ac989752-0166-4ffc-b1ff-44341fc84609,668bf321538e5072858eaef6087ce027,sul,pinhais,PR,2026-07-04,,True
f561f41a-1dfb-47e4-b8e7-e51ac5297ae3,01266d4c46afa519678d16a8b683d325,sul,curitiba,PR,2026-07-04,,True
946e89bc-fc48-4afa-b956-d3d2878a306d,6c99c983ce3b6ba0ab813e6790e81691,sudeste,uberlandia,MG,2026-07-04,,True
034a5365-0116-4714-af6a-4331459b0603,6aa3928696eab49a19a466e665a649fd,sudeste,nova iguacu,RJ,2026-07-04,,True
f7a35b10-5adb-4f84-9819-327a5a49d7c1,7d81e74a4755b552267cd5e081563028,sudeste,sao paulo,SP,2026-07-04,,True
a1414f72-a93c-43bf-a782-bbc525545d1b,f8d5c7085db9a4ad2b8c1ffbeb2798c8,sudeste,sao paulo,SP,2026-07-04,,True
37ee2992-73d7-4555-bce6-dc48824d84c4,7586919161935337bf6b6d7ff5779648,sudeste,rio de janeiro,RJ,2026-07-04,,True
de1e2640-8ddb-4cb9-94e0-79102cac27fc,47f55702f598c7c6cc8458b0fbc1c49a,sudeste,dores de campos,MG,2026-07-04,,True
a27f4191-ab0e-4ee7-920f-559ef927bb14,50a7e551a7b3f8d37cd6e32d8bfbe5ea,sudeste,sao caetano do sul,SP,2026-07-04,,True
20b48670-e91a-4121-a6dc-03471eacee1f,ea1776927851da2532aa70d6a32c095a,sudeste,sao paulo,SP,2026-07-04,,True
fa3020ca-2902-43b4-ac63-18b26dc5ae37,827f8f69dfa529c561901c4f2e0f332f,sul,curitiba,PR,2026-07-04,,True
6457b141-456a-4bdc-9586-65fe02967963,60ad151920c4f6f3ebbe8cfdf6166779,sudeste,carapicuiba,SP,2026-07-04,,True
f2204c1a-74fa-45ea-b86a-ea8cb6e3a2b8,59fb871bf6f4522a87ba567b42dafecf,sudeste,sao paulo,SP,2026-07-04,,True
c4247dca-ccbf-4dd3-9627-00c0bbb682da,fa74b2f3287d296e9fbd2cc80f2d1cf1,sudeste,presidente prudente,SP,2026-07-04,,True
9230e45e-8c44-4477-a684-2f1923d3acd8,52454f90d4c30c016768db02f88c1a74,sudeste,campinas,SP,2026-07-04,,True
f5a923c2-fb46-424e-85e9-687b3aa0c735,a1043bafd471dff536d0c462352beb48,sudeste,ilicinea,MG,2026-07-04,,True
daadd54c-53f1-46c8-aec5-2d0646b27411,3338e7a0710a195872be80e0d2423867,sudeste,piracicaba,SP,2026-07-04,,True
f63f7d9c-75ad-4f51-bb5b-89ce5f997d6a,8378eb36b6b70c5734e83ad7b8cdc3b7,sul,itajai,SC,2026-07-04,,True
eb0d8234-6358-4baf-81a4-efc645b943b6,f7df46c1e0ec44eed5c6726478da4a17,sul,novo hamburgo,RS,2026-07-04,,True
393c7204-1d0a-4d77-8d37-da4a81db9432,3fac58ce0ad699020c7944d53c41329c,sudeste,sao paulo,SP,2026-07-04,,True
932e4174-7f5f-4339-aa50-725658bc94fe,debe6615cd90cc0c2eac2b8988e1f628,sudeste,sao paulo,SP,2026-07-04,,True
d25313af-3e37-4354-bebe-f086c0063aca,baa49d93c8c8841e27400a300f5d74b2,sul,sao jose,SC,2026-07-04,,True
8934c008-4945-46c5-a0ef-0b450273e755,5ca5d579b5857ee8709479b1047cecc3,sudeste,sao paulo,SP,2026-07-04,,True
04b0081e-c922-4ba7-b72a-eb5237b37357,3b872fd4747f01cc56206f2934198618,sudeste,ibitinga,SP,2026-07-04,,True
ab345cda-df8c-41d9-940c-a05b443fd111,a4fc6eadaff1576af888509a53420f6a,sudeste,sao caetano do sul,SP,2026-07-04,,True
ebd38280-4897-48b5-adb8-488a689a0237,7402d13c03a7e91366337cd1de471144,sul,cambe,PR,2026-07-04,,True
c08e858d-f980-478e-aea0-e4849be51ab8,6e4a902d1054e4e17aa6eab87fac1c75,sudeste,sorocaba,SP,2026-07-04,,True
fb3d2e5c-1a05-4547-aa00-4bb97eb984d9,ff82e8873fba613f2261a9acc896fd84,sudeste,itabira,MG,2026-07-04,,True
7f4db1f7-c1ae-490a-991a-e2883a370c84,92eb0f42c21942b6552362b9b114707d,sudeste,sao paulo,SP,2026-07-04,,True
75264270-9d6d-4d42-b193-6c985ac9bf81,f125f3a310c2e5f822d116147de1e474,sudeste,sao paulo,SP,2026-07-04,,True
f2a25b1d-8813-4910-8fc2-e50e8ce37a2a,72146da5774cabf2632faedcae097a76,sul,marechal candido rondon,PR,2026-07-04,,True
e54ae03b-f120-4cee-9336-63d258db1fe3,b9c0ffa92f3ff9a5a3d45ef7213c0842,sudeste,sao paulo,SP,2026-07-04,,True
975cdfd7-f13d-4240-bd27-bc104d37b6b8,1d139e3a3b14025640d8df1b230aace0,sudeste,barrinha,SP,2026-07-04,,True
5ef24dfd-84e4-41c0-8120-769bcda54cfe,883dd81e82754ac2c65e9790a7db8c9a,sul,curitiba,PR,2026-07-04,,True
30590bab-0211-4361-bbd1-176644d5f999,09883d9ab71c8fe8a9bfc7fc3075b07e,sudeste,sao paulo,SP,2026-07-04,,True
886d2331-88b1-41a8-bc69-8fa1796c2035,2f1e7b90e01d9f086cbcb301c0c3d406,sul,blumenau,SC,2026-07-04,,True
333c7289-c967-4d30-b6d1-1c66da593fa6,6bbcb8924baf70b7fe2fe2097e8cd407,sul,blumenau,SC,2026-07-04,,True
0ffd72f8-decd-4379-9851-54bbed8b479a,8e4f041ff58e7845456d3482524014b3,sul,porto alegre,RS,2026-07-04,,True
9c110b65-04a1-42bb-8131-33087adc5586,0ec28cec4046a4a199b6de9b4c891d97,centro_oeste,goiania,GO,2026-07-04,,True
3cf7e1dc-430d-452e-be81-c487367117c2,5debea795b07621e1f90532e18f96145,sul,apucarana,PR,2026-07-04,,True
68dc9fda-45af-49af-b7bd-ee184aea70fa,2709af9587499e95e803a6498a5a56e9,sudeste,sao paulo,SP,2026-07-04,,True
70a1d14c-f6a7-447c-96da-4807614f268a,bd43e172d599bed47a85da877172ca8c,sul,sao bento do sul,SC,2026-07-04,,True
eee8713c-7745-4230-8fd3-26b017f795ab,725c32fa80c2faacc4fc88450d27314e,sudeste,sao paulo,SP,2026-07-04,,True
59d5de0f-57dd-408b-b554-7b44ebed6009,850913d59ce317156b00f3705f1c3edb,sudeste,atibaia,SP,2026-07-04,,True
96c82ea7-1d97-4515-85a2-47052dc039d6,7354220fb240bde543b3c40c060d41e7,centro_oeste,brasilia,DF,2026-07-04,,True
dbb7e70c-2af1-4738-9cb4-d1bae29c4bf7,e8b3a3a38279a82f0e5d006d5e5b7d2c,sul,jussara,PR,2026-07-04,,True
aa488ce0-a7cd-49f0-a4c1-901ec05c02f8,b17b679f4f5ce2e03ce6968c62648246,sudeste,ribeirao preto,SP,2026-07-04,,True
c58a8a0e-2611-41b1-ac16-d5b48fab1192,43a1d4bab73b816e44ef4e4facd9f9b5,sul,maringa,PR,2026-07-04,,True
eb846f6f-c140-4869-b4bb-4956b48645b9,dd264199fc8b687ad029de7de6d760e6,sul,cascavel,PR,2026-07-04,,True
c47d5ebe-7a6b-4974-b9f8-82de267f6474,67225bff54a172ff67579aaf583efd78,norte,marechal candido rondon,PA,2026-07-04,,True
47935068-ee30-4059-89ce-1169ba7645af,baeda7047354773262ba2405f97038ba,sudeste,americana,SP,2026-07-04,,True
59de3db8-ea2f-4a1b-8bf7-358d15a52e06,167fd940acebc789debd6eb418c46e38,sudeste,franca,SP,2026-07-04,,True
a256f704-8492-4ffd-91f5-1dfd433ed886,4ef4c39cf3c24f326434cf0b2e48046a,sudeste,sao paulo,SP,2026-07-04,,True
dd0dc09e-f0a5-4980-bddd-d6463cb66951,ce616e1913288884e7742faac9d981db,sudeste,cotia,SP,2026-07-04,,True
30403ba5-776e-41a3-af9b-67fe7c19df06,a1474fd46fd3430168f7ec202da39408,sudeste,pinhais,SP,2026-07-04,,True
70e7e394-db20-4d32-b053-c66782f5c177,1b61fb1f0f2185d89e9a126c498e9cc7,sul,maringa,PR,2026-07-04,,True
4e2fc0c9-a74e-4005-9c07-ca8f00d32cdf,2ff6b7bff164ef05590a52734e1296da,sul,londrina,PR,2026-07-04,,True
3eca0565-46f6-4e8d-a7be-e81b5afca0bf,e4253cef933647000a82ff39c67b7bde,sudeste,sao paulo,SP,2026-07-04,,True
35564290-4010-4ebe-8436-ed23fb3d725b,3a3c180dd702a725bd0ba4117689239e,sul,uniao da vitoria,PR,2026-07-04,,True
e577c674-0482-4a8a-8ec7-8ed44df35a36,bce6a5ecf98e99fd2a8868b15c51f04b,sudeste,guarulhos,SP,2026-07-04,,True
1c4188e0-720e-4432-9680-e6fe4af40580,ea65d8b58316a6f2362f2a9e4b3e86ad,sudeste,campinas,SP,2026-07-04,,True
9454227b-302c-4bf4-882d-facab51be922,686886775c8f6b1191c7b953fb52708c,sudeste,pedreira,SP,2026-07-04,,True
6b2ac027-f30f-4759-afbf-4bc1cf0f1164,0a85ebe4e328db81ac9109781205e2f7,sudeste,jundiai,SP,2026-07-04,,True
63a2506f-154e-447a-a1ac-7ead216a10a0,1660ad786c27fd935378b6192a90b417,sudeste,sao bernardo do campo,SP,2026-07-04,,True
84006db2-6fc8-49cd-97d1-a2492142f8a0,0db783cfcd3b73998abc6e10e59a102f,sudeste,santos,SP,2026-07-04,,True
3df01ea9-1068-48fa-ac81-df090de791f2,52f9db5cfb423382a2fa5c9e39303202,sudeste,echapora,SP,2026-07-04,,True
7b705d81-4d87-4b50-a1b4-abb8748816e2,f307937c1bb287c3efc2a514b94b0d1d,sudeste,araxa,MG,2026-07-04,,True
d8489cc2-8db6-4003-bd49-2b9abb18fea4,e88f7a2995ba184710d339c5c4bf2e30,sudeste,votuporanga,SP,2026-07-04,,True
26d0fb9b-486e-4d4c-90ce-b26a2f15e673,b76a1f8356322f12529c37b67d5c96c2,sudeste,santos,SP,2026-07-04,,True
579c60c1-bea3-46f9-ac60-af46d3726c52,4aba6a02a788d3ec81c03137144d9a80,sul,canoinhas,SC,2026-07-04,,True
d8d96868-11ff-4134-845b-ad746cd08c3f,9449f25aeaf531019b76999ea49a6949,sudeste,rio de janeiro,RJ,2026-07-04,,True
6717d010-d61b-4bc8-958a-b75af24a80e1,431af27f296bc6519d890aa5a05fdb11,sudeste,ribeirao preto,SP,2026-07-04,,True
3c11084f-1e69-4c4f-afb5-d33ddbef0770,53088c75f948b48a7ece173ac17f0c12,sul,triunfo,RS,2026-07-04,,True
5b717255-6c88-4606-969d-9b225eecdad8,0f80a40c312b2472dca482cf50f5186f,sudeste,lencois paulista,SP,2026-07-04,,True
c9209bea-072c-478b-9f47-3a0d97bef204,544863df86ed3b78a04e0820d41430ee,sudeste,serra,ES,2026-07-04,,True
51cdaf69-c9d2-4525-8288-f0958e40b48d,78ef7e885d17f35e2382a47aae8b8cce,sul,santa cruz do sul,RS,2026-07-04,,True
1d560b76-25c0-4a27-a572-4440fea17570,0be8ff43f22e456b4e0371b2245e4d01,sudeste,sao paulo,SP,2026-07-04,,True
d926d69c-166c-46d9-9270-baa055e49ce3,1835b56ce799e6a4dc4eddc053f04066,sudeste,ibitinga,SP,2026-07-04,,True
32150dad-10db-4f6f-b8b9-905d7b9078a2,2e13c71026e1a39ba5cc1b86dcb679aa,sudeste,sao paulo,SP,2026-07-04,,True
c3f318f3-ba46-419b-9b98-2580cc6651b0,0af2ab31141893d26aca5a404a537dab,sudeste,sao paulo,SP,2026-07-04,,True
9a72f911-b1e7-440e-b24e-3e2b79807a58,13d058e4eeac2ce8217660b2f8a05812,sudeste,osasco,SP,2026-07-04,,True
2a6e17a1-046e-4fb0-a935-48fe7919fbaf,e00d85ce20ea50c1224c66ca5050527d,sudeste,osasco,SP,2026-07-04,,True
e45a99fe-0a2e-4012-85e5-a6d31fc2d226,e48b04bf1aa1ef711caebeb7aede6180,sul,curitiba,PR,2026-07-04,,True
3620e20f-009a-475b-bf3c-b40fb906fd44,f67efa3f0b6761102a7f8c6b7b571f5d,sul,curitiba,PR,2026-07-04,,True
16f7cb39-f4a1-4f79-bc6b-4e2807730a7e,c273175f7c6c80fb02f051e2fc6d0d72,sudeste,sao paulo,SP,2026-07-04,,True
2d6bf8ca-815c-47b5-ae98-8e8a0c90ece8,382229d1e840115ffe3dbf5ff460e417,sudeste,rio de janeiro,RJ,2026-07-04,,True
420a3be6-178c-45b7-adfd-ebcd5b51ab42,f09b760d23495ac9a7e00d29b769007c,sudeste,catanduva,SP,2026-07-04,,True
4c06ab7d-ed6b-4076-bae3-481932224ceb,5c243662ce92d84573bfaff24c3e3700,sudeste,sao paulo,SP,2026-07-04,,True
634fd7fd-93b4-4e5a-b854-10e02f63b625,38874e327ce94d11390b96eb42d61928,sudeste,itaquaquecetuba,SP,2026-07-04,,True
0823eb90-1027-4562-b39d-7b221cfd0e3e,ab3e0c171fe84a7ba7de130f19cfb485,sul,colorado,PR,2026-07-04,,True
a738b8f3-8175-4c0e-b2c2-256247449300,85e7c62c1d6ea078c3897424f867a7c8,sul,itapema,SC,2026-07-04,,True
a4b614e2-0d27-403c-9546-848494c1b509,262237171f48e85819065498cac80d7b,sul,brusque,SC,2026-07-04,,True
efd69158-00d4-4fa2-8c27-8a5bc7d01347,fd386aa7bed2af3c7035c65506c9b4a3,sudeste,sao paulo,SP,2026-07-04,,True
254461ba-b774-43b2-bb45-3958867139a8,b2f4d63c7203f539a78252565ca32257,sudeste,armacao dos buzios,RJ,2026-07-04,,True
2b77cabf-6166-4a45-b48c-19802aece199,dd5450b022b2d00a2145a66331e1aef6,sul,joinville,SC,2026-07-04,,True
3b6fb305-0312-4dfd-9b9e-f854747d3097,ff4e2d38692ce827b1a4f4b8196e680d,sudeste,sao paulo,SP,2026-07-04,,True
80a66220-37f5-496f-ac5e-f783fd861fe0,7963e546f34e098b578f9ad102494601,sudeste,sao paulo,SP,2026-07-04,,True
cf5138af-8728-41fb-a447-cc0ed090177d,1588ac4010787100dddef64568f0ae35,sul,maringa,PR,2026-07-04,,True
bdc09d76-9922-4314-a8e0-3ba0c2f61cf2,41c2bad7229b0c25e6becf179ebf63ff,nordeste,natal,RN,2026-07-04,,True
16744bd4-da0f-47a6-a430-1bc834e6712e,8b655f0855926bcb49f5835d38dfddf6,sudeste,osasco,SP,2026-07-04,,True
d6400fa4-8c9a-407e-b6c8-22a849fd94d5,a213f1bd6458f4a158f3746cb2514559,sul,maringa,PR,2026-07-04,,True
4f6055b3-96d5-4756-89c2-2eabde386244,1b7e5006cb25dd23ce8686691013b121,sudeste,sao paulo,SP,2026-07-04,,True
3f7b3372-2f3a-4046-a577-40cdab0a758e,4559697a8f7e637227c2eeaed843baff,sudeste,presidente prudente,SP,2026-07-04,,True
547f2b27-7204-4607-b23b-131172510c50,4867209cb29b56b92893d7bde3ce8012,sudeste,jau,SP,2026-07-04,,True
6a5842ee-c15d-4a5a-800e-78db073f3f0a,19a7c9f66ffa6452ff4b4c0cca71da27,sul,itaipulandia,PR,2026-07-04,,True
159e814a-eb94-4258-98f3-35fb8d10d695,6fa9202c10491e472dffd59a3e82b2a3,sudeste,sorocaba,SP,2026-07-04,,True
f2ab882d-90b2-4ddc-8274-bd20168bb287,20d53aad4fe5ee93a64f8839609d3586,sudeste,santa rita do sapucai,MG,2026-07-04,,True
caa00ed6-4ae5-4792-8a6f-bb15f1c549f1,42fa4ee7240e9b8eb4576358ec142ba7,sul,caxias do sul,RS,2026-07-04,,True
d11e5e65-2442-42c9-b405-3b9416c08580,c8660dcf9ba70575f45d80fe28c27713,sudeste,sao paulo,SP,2026-07-04,,True
747ecd01-e977-40fc-a801-802d64c1c016,253c025bab43881055aeecde5e2d8b77,sul,curitiba,PR,2026-07-04,,True
94f04e7c-f3ad-44c1-91fa-b044ba5debd9,7ecd59e5e20407131822c1a68ac59c1f,centro_oeste,brasilia,DF,2026-07-04,,True
09554f6b-b498-49da-b2af-6d35f52b7cca,c026ef0d72e9132d9fa112308090c8dc,sudeste,rio de janeiro,RJ,2026-07-04,,True
2624ee6c-4050-4ddd-9fe6-9150fa07c176,0b09101900100c0e9d312861fad5a1b9,sudeste,sao paulo,SP,2026-07-04,,True
27a9fd47-033d-4240-af26-4f8a98a52606,e8f6dc8e6a1dcde89d20e3995c8d90b3,sudeste,sao paulo,SP,2026-07-04,,True
4b207a02-b566-458e-b0bd-f014bbca4235,128f9bfbe4c7d5185033914b1de3d39a,sudeste,atibaia,SP,2026-07-04,,True
fc4e9c68-a5e9-41dd-ac08-70badc4c95ca,a09a13f18ed27932d08438aa6f12756e,sul,sapiranga,RS,2026-07-04,,True
4a6540b6-28aa-4d03-8a12-ba52fcf03f3e,81a1104df0f08b59c68aa5b03cfe398e,sul,sao jose dos pinhais,PR,2026-07-04,,True
35b59909-95b2-4d53-80b0-804eafb7c0a3,3f84fefc07dc159b268d4a77d3e8c425,sul,fazenda rio grande,PR,2026-07-04,,True
d2163fee-1006-4ef8-aba7-c3f0b3188122,750303a20e9c56b2a6bc45cdce0b897d,centro_oeste,goiania,GO,2026-07-04,,True
3f9b01f8-dc0c-4a92-933c-bfe342241fb9,f8db351d8c4c4c22c6835c19a46f01b0,sudeste,salto,SP,2026-07-04,,True
1c8447a8-798f-4119-95a8-a38b76b40b34,0743a0239d764b9a0f959a57d07e36ab,sudeste,sao paulo,SP,2026-07-04,,True
d2139107-520d-4630-aae6-b9b3e2ae4115,131fcb0a0c9a47bba4474aacff0f14b7,sudeste,sao paulo,SP,2026-07-04,,True
e1b26e83-36ca-4104-946c-4da2a170a11a,1838dd9b8977065acf51d95e0053ea7a,sudeste,belo horizonte,MG,2026-07-04,,True
54582748-bc87-4626-ae2d-82850a1b4795,1b8b75e227c9a9c100d0c210fb6176ce,sudeste,sao paulo,SP,2026-07-04,,True
1897fa39-6123-4af4-9e31-b7f340bb472b,eb1bf309f4f6af9a97e9ddac3fdbeabe,sudeste,diadema,SP,2026-07-04,,True
aa8a3e66-f008-4f79-8ee3-118de62c4222,5d378b73ab7dd6f0418d743e5dcb0bd1,sudeste,sao paulo,SP,2026-07-04,,True
e194f911-31ca-42b2-95d5-ee3ba3372ac1,39d54ff918774174706fb065d7f9dc07,sudeste,sao paulo,SP,2026-07-04,,True
54c001a6-7eb4-4457-82b8-1d2501766334,353e21e8bf8de2722b4fae1636664b76,sul,canoas,RS,2026-07-04,,True
7417e108-3962-4701-a084-86f47f7f5ab1,5b33b527da3c5b969cc99dc435cad09a,sul,paranavai,PR,2026-07-04,,True
734835c9-3119-4992-b57f-48bf7d647fcb,c9d2ba8dde44a275ae06475ed1d2fafc,sudeste,uberlandia,MG,2026-07-04,,True
444ee534-cd18-44e0-939c-39dbee010033,d149de2f383552baea37a7198c2296ce,sudeste,sao paulo,SP,2026-07-04,,True
23a974b9-3aab-4f5f-9695-1ab0bde3a326,bf961104a38e01b9062ee026bb657dee,sudeste,ribeirao preto,SP,2026-07-04,,True
f395c6fc-3d9f-48d6-94c4-3e13b47fdf1a,1ca7077d890b907f89be8c954a02686a,sudeste,santana de parnaiba,SP,2026-07-04,,True
1d932a44-dd43-4f74-83a1-3c852c0686ad,89a51f50b8095ea78d5768f34c13a76f,centro_oeste,brasilia,DF,2026-07-04,,True
6c4c73da-4d7a-41ea-8085-0a51c3d8dd72,3a490ba60afa30ece0e7d50cfe74a4f0,sudeste,belo horizonte,MG,2026-07-04,,True
19eaf9ab-3d17-4c3a-9351-b6837d24c1a2,455f46ef09a9e45667e2981df84b5cc2,sudeste,sorocaba,SP,2026-07-04,,True
964c238f-0acc-461e-872b-c3d519b0dbff,651fe66032c9520ee5587f694908040d,sul,alvorada,RS,2026-07-04,,True
6c75cb25-35d4-4da3-a989-b5eb25945636,6d04126aba80df143fd038e711b8fd96,sudeste,rio de janeiro,RJ,2026-07-04,,True
6459a1ba-d0c0-4a5f-9d11-1f072d81f6f6,3febca52652e7209509ccfe61cbde40e,sudeste,itaquaquecetuba,SP,2026-07-04,,True
7591e812-23e6-42d9-8221-2e96977fdeb0,d566c37fa119d5e66c4e9052e83ee4ea,sudeste,sao paulo,SP,2026-07-04,,True
1dfaa9d3-1518-4c21-9e80-bfd117183651,62d977e2b2aee830de3e039a28490d12,sul,curitiba,PR,2026-07-04,,True
4450318e-90b8-42a9-acee-21bcda9ffc31,010543a62bd80aa422851e79a3bc7540,sudeste,sao paulo,SP,2026-07-04,,True
38040999-c788-44bd-a23f-3f2d1f62eb9d,7178e1eaa97257d8b6d4b80efd77a025,sudeste,tatui,SP,2026-07-04,,True
22bafac1-f5e4-4861-9cba-90b859f1b4a3,2199e7fe213c16213bf5d6a7eadc9a5d,sudeste,registro,SP,2026-07-04,,True
40d546f6-e085-4c66-be79-9fbead714c0d,984c273121e743dd14767befe6cb17f5,sudeste,americana,SP,2026-07-04,,True
1655b0a3-c6b7-4248-a96d-1fc9ed8c55d4,2b3e4a2a3ea8e01938cabda2a3e5cc79,sudeste,sao paulo,SP,2026-07-04,,True
6cc54e87-28e9-4b4a-a1c6-e093fdd1e7ea,feb793c88d836c3a75efa4b5a3465d70,sudeste,sao paulo,SP,2026-07-04,,True
56abf144-c405-48cb-8c7b-712f999ce8a0,e333046ce6517bd8bb510291d44f0130,sudeste,ipaussu,SP,2026-07-04,,True
82a9007a-a7c6-435b-99db-b86e4241b434,5a413ade68e8f8d93071a7f52a64cb9e,sudeste,sao paulo,SP,2026-07-04,,True
97175dba-deb4-4909-9577-a0e253e7c76c,5a425cc503b39b262a847fd6212bf53b,sul,londrina,PR,2026-07-04,,True
e852515d-a617-4481-a7b8-a64039fb4f17,9535a841eecebed61a9fb1ac1cbb5597,sudeste,sao paulo,SP,2026-07-04,,True
bc5a9d2b-dd39-464b-a512-2ddcbf9e96d4,8f78f0903005064036736c7173a5c2ed,sudeste,tiradentes,MG,2026-07-04,,True
5ac03ce8-fb33-4a84-933e-4f69c5ca3290,9803a40e82e45418ab7fb84091af5231,centro_oeste,rio verde,GO,2026-07-04,,True
d32b7b1e-7bba-4d26-9292-0b5252733b98,43b2c864251aa0ce4030c746984e088a,centro_oeste,brasilia,DF,2026-07-04,,True
05fd9d89-b333-4cf8-a72b-3c03c3dddd36,83e197e95a1bbabc8c75e883ed016c47,sudeste,mage,RJ,2026-07-04,,True
b4f2186c-f75d-4bee-8d56-6067376c9372,17908cf9b444ee34047cadd5c0f4a516,centro_oeste,anapolis,GO,2026-07-04,,True
681a6394-2b13-44d0-831f-685c0eaf5d75,17eea220a40cc0d2c0c5346379682398,sudeste,sao paulo,SP,2026-07-04,,True
a916ced2-f597-43bc-8bf1-2fb719c01e18,270297ead4c65a6cd2593960d2af6b21,sudeste,sao paulo,SP,2026-07-04,,True
5cda602f-76bd-46b5-be6a-fd08c3ec8cc9,5f0057b677eb963672bf05dfa3f16c34,sudeste,sao paulo,SP,2026-07-04,,True
e8554744-5996-42d8-acaf-71b3d6fb4814,8185694b58b2ba6de20fd41ae608bbea,sudeste,tabao da serra,SP,2026-07-04,,True
8b11cb5d-57e8-4be9-8267-cab50c87bd8a,17f51e7198701186712e53a39c564617,sudeste,sao paulo,SP,2026-07-04,,True
54e52602-25de-44f9-8876-608d931ede84,2addf05f476d0637864454e93ba673d5,centro_oeste,brasilia,DF,2026-07-04,,True
27643e71-8c9f-443c-b596-4fe18d33176d,b67d6c666e8dce1d078c882825e12704,sudeste,sao paulo,SP,2026-07-04,,True
259c640a-ed52-48eb-b29e-da0386cf1d7d,ead2bab70821ea148476ae9bc08548ac,sudeste,belo horizonte,MG,2026-07-04,,True
076452f8-d17d-4cf8-a108-6c569a8b8b00,fa14641f57b655e933124a9ea49cd7a5,sudeste,sao paulo,SP,2026-07-04,,True
e2a9dd3c-523c-4f12-8cfc-4f631692db75,d1582f4043306e6b91afa6a8a884f898,sudeste,sao paulo,SP,2026-07-04,,True
c85a5c84-4173-4f6a-b030-547c2751a0c3,d263fa444c1504a75cbca5cc465f592a,sudeste,americana,SP,2026-07-04,,True
4f100580-78f4-4dd1-b8fd-a090b43c3fae,f35b3c613c4f7b2275f4185d0a3c59ec,sudeste,sao paulo,SP,2026-07-04,,True
684ecfaf-8404-4470-8872-c8cd68781e0e,655220df33262c7e0c4949a147366f94,sudeste,diadema,SP,2026-07-04,,True
d4c355a2-514a-412f-b8a7-5a9bf9d1345d,ad8b531ae67582f096925cff5630d0d1,sul,castro,PR,2026-07-04,,True
681da8c5-3be6-4f9c-b077-fa15f41e795b,499185655c29ecfdbfe776ef7cf875b5,sul,porto alegre,RS,2026-07-04,,True
a1d9bdbb-bfd3-43da-999c-c1e025b8f64d,44f091b5abab8018f682fce8124b85e5,sudeste,sao paulo,SP,2026-07-04,,True
f37e01b4-1624-4cff-a3cd-823a0f2b1cad,7210cd29727d674c00741e5e387b3ccd,sudeste,sao paulo,SP,2026-07-04,,True
bbe76e38-e52a-4039-b0d7-9f57847f11db,f4ce8ca9fa7157e3b33f536ac9a4487d,sudeste,penapolis,SP,2026-07-04,,True
318de82c-16da-4e09-ad11-e38991ee72a9,0570350b23eda5444f8d1d9544932058,sudeste,sao paulo,SP,2026-07-04,,True
e532844c-123b-47d2-97dc-ceedaaca98e5,de9727ca376d1be6ec121b110aa7954c,sul,sarandi,PR,2026-07-04,,True
346b6797-26da-4754-ae71-2b8b4208bf72,d3891911c2feae53c52fea2bd14054e5,sudeste,sao paulo,SP,2026-07-04,,True
8d04ffa1-b508-4327-b96f-4629d69c1566,70a12e78e608ac31179aea7f8422044b,sudeste,jacarei,SP,2026-07-04,,True
b9998934-7f57-4a69-88da-f833aab9776e,2eeb6531ee027a48d401e72bebdd87d3,sudeste,sao jose dos campos,SP,2026-07-04,,True
971ccd28-8d39-42cc-9115-f474a61d86df,c1ed9e3daf6154542826a6996af0fb8c,sul,itajai,SC,2026-07-04,,True
5fd3402d-4371-4c67-b396-e057d7c9fe8f,d101c6da914ae3d53f7bee42283f2fe2,sudeste,sao paulo,SP,2026-07-04,,True
c2f75815-82ea-4af2-bbc6-da4248da71a4,a00824eb9093d40e589b940ec45c4eb0,sudeste,bofete,SP,2026-07-04,,True
a9f5d145-0d35-4472-8d3f-942d95855ede,0015a82c2db000af6aaaf3ae2ecb0532,sudeste,santo andre,SP,2026-07-04,,True
3e8d06d9-225f-46b2-8418-abb6759fcef1,808d4348b916efa08e766ebad39f61eb,sudeste,sao paulo,SP,2026-07-04,,True
bd1b08ee-b996-48f9-90e9-b1c206885df6,fb3cfbc8a86f5d7fbb4d36b8df63f60d,sudeste,rio de janeiro,RJ,2026-07-04,,True
fcfbe892-3728-4ca1-b8cb-1861560b5991,80ceebb4ee9b31afb6c6a916a574a1e2,sul,londrina,PR,2026-07-04,,True
a4ce36ea-ba4c-4eaa-a906-73eb18a79de7,2d2c62bef4c8ba0dd74e0e228e808539,sudeste,ribeirao preto,SP,2026-07-04,,True
e1f88870-20ca-4ca7-ab9e-d4bb5f4e1166,7c51de0ab286204ce75ff42bf7c10d92,sul,picarras,SC,2026-07-04,,True
38804eaa-bf78-4b21-a6bf-2bfe2e46e40b,c1d1ebb4745cc43cb6f05e9c8a705c9a,sudeste,sao paulo,SP,2026-07-04,,True
33aabe8d-58b8-46c7-b021-e8c2ced28715,8def3db7f272735afb2ecd03aeca09a7,sudeste,rio de janeiro,RJ,2026-07-04,,True
a920167d-977b-43bb-a45f-a6629b67a571,ff063b022a9a0aab91bad2c9088760b7,sudeste,santo andre,SP,2026-07-04,,True
13b28299-0d39-4845-86ea-b7b6d55d5eed,82bd0703a4aefd6b599e5bfdaed378fb,sudeste,marilia,SP,2026-07-04,,True
5c6943b8-a990-42f0-84a2-2536652baf21,7fe21dd00d2f4943ae09525efa2fd674,sudeste,rio de janeiro,RJ,2026-07-04,,True
793a9a93-d325-4616-9a08-a1d88039f4bd,7ab0dd5487bab2dc835337b244f689fb,sudeste,sao jose do rio preto,SP,2026-07-04,,True
e3fb485b-ffbe-4b3a-ab49-3d24c169e661,12a8eb0f8d1cd3270695bf2a99f55966,sudeste,sao paulo,SP,2026-07-04,,True
32a2072a-58f2-42f2-b0bf-203af0d375f0,beadbee30901a7f61d031b6b686095ad,sudeste,guarulhos,SP,2026-07-04,,True
4711975a-f4de-4db6-a9fc-eeb00cf9ca06,bc39d8938f90a3a2b98193723ed59774,sudeste,cajamar,SP,2026-07-04,,True
686c1951-d118-465b-9b2e-721aa81ce39c,fd312b6bf05efac6c3772d5b52205d8a,sudeste,votorantim,SP,2026-07-04,,True
f0c83262-b6ff-45b2-8afe-ba4ef9314edb,df683dfda87bf71ac3fc63063fba369d,sul,farroupilha,RS,2026-07-04,,True
912bbea9-a0a5-4675-a370-9ebe2d10b600,25cf099de44674fde97473224f9d59ab,sudeste,cotia,SP,2026-07-04,,True
792ab365-a792-494e-99e6-d9330af07395,7139dc5186aa238b006e066d8fbab2e4,sudeste,amparo,SP,2026-07-04,,True
a61d258e-bfbd-47f8-b7d7-a913ef5df2f6,d94a40fd42351c259927028d163af842,sudeste,baependi,MG,2026-07-04,,True
865bb3d4-e9a2-4ab7-b01a-11a28cf72f8f,406740ee611378a662d274c7d8c43c4a,sudeste,vitoria,ES,2026-07-04,,True
8c8920b3-76de-42d2-8014-7bac67452168,6bd503a8230299c9316fb0f726933927,centro_oeste,morrinhos,GO,2026-07-04,,True
444e8df1-7e1f-4b43-baf5-123ad105fec3,6576fd3e23c88f0e5d4d23f39bba0542,sudeste,taboao da serra,SP,2026-07-04,,True
e4d858b3-af52-4395-a76a-033f2e38b8c3,0885aaf116795758dfeb5f1032487bcd,sudeste,ferraz de vasconcelos,SP,2026-07-04,,True
37fc156b-bbfd-4acc-8a6b-119ae4d20dd0,6288c69c4ce638e59925e59193f98b16,sudeste,santo andre,SP,2026-07-04,,True
613d8bec-3b0c-4114-9dbd-c5f247236271,dfc5fb7259bb2b599ca565e6e9448f0f,sudeste,sao bernardo do campo,SP,2026-07-04,,True
800fbca6-b749-4906-892f-5d41580203ff,41958cbd3335433c8740300e8cd600d5,sudeste,sao paulo,SP,2026-07-04,,True
4bf12e98-dfd6-4577-9df1-34ef70d55625,3a3e46d10f74d8a6ca76e2b538f106a0,sudeste,sao paulo,SP,2026-07-04,,True
6f401cbb-2b20-48fd-8231-847a9cfb728c,2d2322d842118867781fc737e96d59a1,sudeste,sao paulo,SP,2026-07-04,,True
2c7bebc6-aba9-47f0-9a0e-13958f90ae9d,e4fc40017a6d22c46a14ac2e17f87c3e,sul,arapongas,PR,2026-07-04,,True
83d117a8-b739-4514-b3f1-b7ed921c6b0f,5a9b3bcab695173c820e53934574ae80,sudeste,salto,SP,2026-07-04,,True
bdb112b6-b770-474c-a1ba-53475e2bcbb2,2bf6a2c1e71bbd29a4ad64e6d3c3629f,sudeste,nova friburgo,RJ,2026-07-04,,True
e45c897b-0af2-4960-a3e4-1950fa59d714,7c4618c82226628831613e95e9c22f44,sudeste,sao roque,SP,2026-07-04,,True
6a6a2f5c-a561-441f-a0a7-1632191de885,06579cb253ecd5a3a12a9e6eb6bf8f47,sudeste,sao paulo - sp,SP,2026-07-04,,True
8ee5f88b-6ed4-4e0f-89ba-96674ba73dba,8ab42aa58097fd4668d60cc648225d5f,centro_oeste,goiania,GO,2026-07-04,,True
a1822b97-cda8-4dab-baa7-434165fd423e,4978a02ea9c8be7a9b5480680f40334e,sudeste,sao paulo,SP,2026-07-04,,True
538565d6-bada-484c-bbfe-43498d11577b,8e29d051f810eb22959ede205b462b9f,sudeste,mirassol,SP,2026-07-04,,True
d606753a-5f99-4a08-a5e4-5d95464396eb,ccb83a794700270fde70898fe9ff368b,sul,sombrio,SC,2026-07-04,,True
739db621-bb8f-4036-a9a6-36b8ecba5bd0,612a743d294c27884fb7b80d2b19ba35,sul,curitiba,PR,2026-07-04,,True
f0dad4f8-f460-42de-957f-3ade44d77f6e,cb6c9f5888a7a090c75beaf615925792,sudeste,vila velha,ES,2026-07-04,,True
189c1b58-e78e-4726-8e33-7a0e648e5dbc,c12d7463a579237ffb9248bd7cff378b,sudeste,sao paulo,SP,2026-07-04,,True
edff054a-1dee-4532-8c6b-a048e43d453b,fe701d88b67eaca109dffd464d1be9f9,sudeste,marica,RJ,2026-07-04,,True
d6109f43-6fef-4b47-84fe-ca176ed26bf1,46dc3b2cc0980fb8ec44634e21d2718e,sudeste,rio de janeiro,RJ,2026-07-04,,True
f6c6e5a7-8b95-4695-b26c-85ca7148a448,fedaedd3ca31d56ab33e92035e4b361c,sudeste,niteroi,RJ,2026-07-04,,True
883b0f1f-8644-4fc3-8242-2decf5d41b8e,dbc51f5e45d654ecc16cb68e6817ecea,sudeste,franca,SP,2026-07-04,,True
dcd5e6f5-bc56-4118-b030-a210944df6a4,81f89e42267213cb94da7ddc301651da,sudeste,presidente prudente,SP,2026-07-04,,True
76663675-60f3-4a40-9388-a8fd8bc48a8c,630008e0f062605a415d694489f6f82e,sudeste,sao paulo,SP,2026-07-04,,True
64a5df80-2c82-446b-b4c8-d29414a237ed,58f1a6197ed863543e0136bdedb3fce2,sudeste,conselheiro lafaiete,MG,2026-07-04,,True
bd8bf08c-97d4-4714-8307-b6e1d1dab131,df56d7b40d437f88407c5f78b63bc328,sul,cascavel,PR,2026-07-04,,True
7192ef34-8631-4047-9f1a-a00af35589bc,165fc07beebdcb6190fba8a06db2a449,sul,maringa,PR,2026-07-04,,True
76dd48ed-7ebd-44c3-a773-515d6ed9cbbd,0691148aee60ca47977c187804f935ae,sul,londrina,PR,2026-07-04,,True
a650eea9-e75e-4fb3-adf3-069031538124,cac876b37d3abcd6bd76caca30277996,sul,cascavel,PR,2026-07-04,,True
2a10191b-edc1-4781-8fa4-10485f052f9c,9ac4f14370b1e24ddc58be041b7f99df,centro_oeste,jaragua,GO,2026-07-04,,True
f4bc67e5-89a9-4d7a-9dcd-2351a6d18229,70eea00b476a314817cefde4aad4f89a,sudeste,itatiba,SP,2026-07-04,,True
69c3cf24-09dc-4b71-8c99-51e7c50d2b3f,282c7480173bb9c01dd41cc739fec010,sudeste,sao paulo,SP,2026-07-04,,True
87ce1274-9d4a-40c1-8e9d-c8ceae20fd36,c840d3fdbba0790404fdae73d253b253,sul,curitiba,PR,2026-07-04,,True
562cf60f-a34f-4cd9-aaa8-830a4e04617a,4f40d2ed38d1cc945364a7cd202a82c7,sudeste,sao paulo,SP,2026-07-04,,True
a054af7e-b304-4c7f-b9c3-335f32d2c2e7,9cad4b68bb993ee401a3c5aaa2bc26dd,sudeste,birigui,SP,2026-07-04,,True
83125b64-0217-42eb-a624-007bb53c0cd1,dbbcfe2c8d026742134ac3e28ccde274,sul,curitiba,PR,2026-07-04,,True
2ead033a-ec54-44dd-b3e8-9753feed64e9,2fdde51ad3e12f297da656d4fbd5d0b5,sul,joinville,SC,2026-07-04,,True
4c013109-25f3-4989-98ad-06bf333c5788,7040e82f899a04d1b434b795a43b4617,sudeste,sao paulo,SP,2026-07-04,,True
14f8c44c-1b28-4ee2-a9b3-4a527617ceba,83a75eea11694e36e56dd0cb2240229a,sudeste,amparo,SP,2026-07-04,,True
0ba8125a-f446-4d23-b94e-0123fcaa58ab,a1544b9ea0b2390e020537d4daa89049,sudeste,jundiai,SP,2026-07-04,,True
2699bacd-1b82-46f7-af8b-4add669d7090,b8a0adc91af209270c2c725168eb00fd,sudeste,ibitinga,SP,2026-07-04,,True
6d0a5f5f-1a04-4843-9323-b8e254c643a8,20b54c376b794ed028df09a3cd88e8dc,sudeste,sao caetano do sul,SP,2026-07-04,,True
0458ae79-d135-4df5-9752-e348ede3853f,5415337f1863452476d42d9f14a16a61,sudeste,belo horizonte,MG,2026-07-04,,True
11f16e95-ad9d-419e-a664-d66e7ddaa3e9,e0482f2c769468c3bbcd8a01e09d98c5,sudeste,sao paulo,SP,2026-07-04,,True
9c0c9160-2377-48a6-956a-c2d0c9703da6,3fe7120d6257285ac6a3ce7cb071ccec,sudeste,governador valadares,MG,2026-07-04,,True
64bd0ace-59c3-493f-bdd9-cd088590b455,7daca0837f033a41a6f3428c18657533,sudeste,tanabi,SP,2026-07-04,,True
a514028c-88ac-4e39-a75b-15f6772067fb,d66c305afaec317ebee552073a674429,sudeste,ribeirao das neves,MG,2026-07-04,,True
0fe63f4a-981f-40ed-8c65-dbcb3a57ff96,a5ff20ff766e7f50bd5066f33da14413,sudeste,sao paulo,SP,2026-07-04,,True
ed969ade-7491-48d6-abe7-3c0c4d945116,adbe70ab2c97442046d393988c8d1d27,sudeste,maua,SP,2026-07-04,,True
23a9d43d-5298-4762-8c93-35bf9e3cb048,74c7dec0a384d8a05950e629bd23bde9,sudeste,mogi guacu,SP,2026-07-04,,True
d3d4c652-9c15-4d6e-b4d3-8ede2bf4fcbb,42bde9fef835393bb8a8849cb6b7f245,centro_oeste,brasilia,DF,2026-07-04,,True
af252e41-7826-48e2-b337-d1b1afa1e788,89bc797e2e29667aa035d4368f9b7f92,sudeste,sao paulo,SP,2026-07-04,,True
b7f19cf5-67ce-4095-8843-97a1b1df25e5,f9eedec3129e8cc6b6429c42d0808c5b,sudeste,"rio de janeiro, rio de janeiro, brasil",RJ,2026-07-04,,True
567e23ec-286d-4f6d-a29e-397d816ab94b,66922902710d126a0e7d26b0e3805106,sudeste,belo horizonte,MG,2026-07-04,,True
7d867959-656d-4e41-8563-797038c1d5ea,32f1bb9dfa65bc7df5c0d9d95a616be4,sudeste,sao paulo,SP,2026-07-04,,True
5221ee0e-e0af-4025-99f2-705883245eb9,05f51e13da97139648b8125c31e5f51b,sudeste,belo horizonte,MG,2026-07-04,,True
83bf5447-583d-4bdd-b2a6-1545f7015151,c43d924a0f1688ee9fae0efcd6f539d4,sudeste,rio de janeiro,RJ,2026-07-04,,True
76d996f2-7bca-4935-a9f6-6bb6261d335b,91543f9849d68d023e17194926598543,sul,blumenau,SC,2026-07-04,,True
ddea98dc-e925-4961-9a20-708b27a958e0,3ded4e2d5f135cb103e5949d7263d2dd,sudeste,pouso alegre,MG,2026-07-04,,True
88c5af57-ced7-456c-b5a3-4e9baf0403a7,7d456afc660226829370f3173d14520c,sudeste,mogi das cruzes,SP,2026-07-04,,True
3ccba7f6-5730-400a-8d5f-9f6e03e0a5b0,1900267e848ceeba8fa32d80c1a5f5a8,sudeste,ibitinga,SP,2026-07-04,,True
9bc271af-d999-41df-8ec4-04706fdb0778,4ce6e5f6c52515177e18c1c9361d8677,sudeste,sao bernardo do campo,SP,2026-07-04,,True
2a45c275-e149-4ff6-9b69-bfc3bfc126d6,157c3e4b42f81ac4a44e8b1ca2fe9876,sudeste,sao paulo,SP,2026-07-04,,True
4828a88f-4f16-40f1-925a-a584daa5c123,9fbd5666d8618fa571c4230fafa09bd6,sudeste,sao paulo,SP,2026-07-04,,True
e573f34b-ddca-443b-9eb4-40bfc55e714d,eb9cd5b35d95206585e2185318cb5c61,sudeste,sao paulo,SP,2026-07-04,,True
b444f1f7-8da2-4fb5-9b5d-9ff9b863f455,08d2d642cf72b622b14dde1d2f5eb2f5,sudeste,marilia,SP,2026-07-04,,True
ae6fa62d-3ee3-44f4-bb13-adffd59e6f65,525e75a6fb1454a2325ab1734bcec221,sudeste,barueri,SP,2026-07-04,,True
388355bf-28af-4d89-a402-2712de160931,0e982cff76cc0579f632cea8a0e38c9d,sul,itajai,SC,2026-07-04,,True
61f6cec5-b9b8-4b9d-bcf3-50d3f98db686,bc30de0d71bd6260b936a026b5cf7200,sudeste,pedreira,SP,2026-07-04,,True
32263ff6-89c5-49e0-8d12-0e4e1dfad820,014c0679dd340a0e338872e7ec85666a,sudeste,timoteo,MG,2026-07-04,,True
91c61eaa-d3a5-45c2-81f2-706eb427d621,78ba5933c21686d1c2f64669c8c459e7,sudeste,mogi das cruzes,SP,2026-07-04,,True
ecb2091e-6f94-4d99-bb8c-b64de3d3ba16,6ee85be3693ed79a8e80718743d80655,sudeste,sao paulo,SP,2026-07-04,,True
8c12a0c0-ea65-41f9-8ce6-5e5aa28798ed,63272377184e969942f7fff221be858d,sudeste,sao paulo,SP,2026-07-04,,True
4806eb6d-e13a-49a4-82d3-85001e010888,d5ba419e26d246a0719437cf37d9b46d,sudeste,sao paulo,SP,2026-07-04,,True
807ced31-91dc-4175-b2d1-e5452d5daa77,15aac934c58d886785ac1b17953ea898,sudeste,muqui,ES,2026-07-04,,True
847f638b-dba4-4e3e-9543-92d585ca6223,0b36063d5818f81ccb94b54adfaebbf5,sul,jaragua do sul,SC,2026-07-04,,True
58333548-b1f6-479f-a337-8fc0a4f728b5,f789d2c4f2c2eb38fc4373e7a4b35264,sudeste,juiz de fora,MG,2026-07-04,,True
dfb5b9ba-20eb-4a22-b8f5-cca77ffe9ae7,fcf16b7a8697e559f0123190bb30177d,sudeste,sao paulo,SP,2026-07-04,,True
683fa695-c97c-48f4-9f96-e313aca8ed3f,880eda903e719a5f179f7e9fceb3a69d,sudeste,ipua,SP,2026-07-04,,True
9c99c102-a637-4e47-a2d1-63d7592f0c32,7f5e4d5efad7e44b91115dd1decb65f3,sudeste,jacarei / sao paulo,SP,2026-07-04,,True
7de4aaa6-94c7-4d78-a8b2-1c5413e2cc0e,299c89a525fee36c567f4fe72f038100,nordeste,varzea alegre,CE,2026-07-04,,True
ccbcbc80-5ecc-4ad3-8dc6-87be1ccfb8e6,87b740daf17b5d1be335a64164ec6842,sudeste,suzano,SP,2026-07-04,,True
237c5b6f-7011-48d9-99be-a72e53994ce2,d4f91e8be86b38da2ee35bc489645a9d,sudeste,guaratingueta,SP,2026-07-04,,True
d036b9dc-2b15-4e80-9fe0-44f7747612e2,eb3071b9f0b0ddaa2df5ea130f09f26b,sudeste,sao paulo,SP,2026-07-04,,True
feaf69f2-ffde-4234-8755-8556690f5831,7b3f6ce5c6c22e9b96e7581ebf0df6e1,sudeste,tambau,SP,2026-07-04,,True
31480b2c-6bd3-42f4-a4e7-1695fa912ff5,31da954dc0855f2495c6310f70a2f931,sudeste,araras,SP,2026-07-04,,True
727b4d7b-513c-4af1-94ec-bd515817c0b2,63b9ae557efed31d1f7687917d248a8d,sudeste,sao jose do rio pardo,SP,2026-07-04,,True
00bf6516-3873-414f-a0cf-0578fb002bf5,ef9952469137ff190bacafe117f51537,sudeste,uberaba,MG,2026-07-04,,True
8c6e7e7f-97f0-42a3-bd72-5c6e084cdc2b,c18309219e789960add0b2255ca4b091,sudeste,rio de janeiro,RJ,2026-07-04,,True
4075ca07-1319-4b20-8e17-9ab27d8421a1,4a82168aaef173cbb6e46ae88728f919,sul,irati,PR,2026-07-04,,True
4b3725c5-2c5d-4ad1-9d14-aa3d781e0c15,17e34d8224d27a541263c4c64b11a56b,sudeste,riberao preto,SP,2026-07-04,,True
5157d7c1-2a42-40b4-bd4a-a871b96c148e,e2aee0892199b1d92530e371abd825bf,sul,rolandia,PR,2026-07-04,,True
635e7b1d-a2d5-4b97-bbcc-b6fb48113640,870d0118f7a9d85960f29ad89d5d989a,sudeste,pocos de caldas,MG,2026-07-04,,True
a34a59b4-576e-4fc8-9ec3-09e684f05831,eb9267cccc90f1b49c8d2f9887c7dd97,nordeste,recife,PE,2026-07-04,,True
3526719b-85d4-4799-8722-fd55b614e52b,5de1c80811ce7007f62f00d971236c09,sul,florianopolis,SC,2026-07-04,,True
37394196-2974-4ce7-b2d6-f548ff53aec8,ec8879960bd2221d5c32f8e12f7da711,sudeste,itatiba,SP,2026-07-04,,True
a64b3b9a-a3ad-44a6-9afc-16c89a347012,586a871d4f1221763fddb6ceefdeb95e,sul,porto alegre,RS,2026-07-04,,True
87a34e3f-a277-4702-95e1-f4e814993100,a35124e2d763d7ca3fbe3b97d143200f,sudeste,sao paulo,SP,2026-07-04,,True
1b534d92-615e-450f-b33c-792a6e260f77,9198786624eaeb375793215cad26cfa6,sul,rodeio,SC,2026-07-04,,True
011ea72d-bb98-45f9-9fac-3a0540218768,fe1b067411b8c5066e962aa146ccee03,sudeste,presidente prudente,SP,2026-07-04,,True
65458d8f-989a-40f2-9059-44f9f6016454,6b9b80d53ba3676eafe60268a810b5a1,sudeste,belo horizonte,SP,2026-07-04,,True
f5553570-a3e5-48a4-b1cc-58599f85a13c,a938325a4b357fd23a6a4d5bb126408e,sudeste,nilopolis,RJ,2026-07-04,,True
b6d722dc-1186-4e34-b9de-f835b32e154e,f1b854361f4e15d5851b494df66f22b2,sudeste,rio de janeiro,RJ,2026-07-04,,True
4f5e8f8a-0fcf-4e66-b53e-e04e9bd86ce6,3d49bfdd1b43a7fe169b3740067acc61,sudeste,montes claros,MG,2026-07-04,,True
790222e2-d6f0-4f46-8e18-6ddf8fb3c73e,9df5750209b83567ec144eb299d7d634,sul,sao leopoldo,RS,2026-07-04,,True
2c3dfdbe-5d1b-487f-90f9-3857496862c3,3d62f86afa7c73be2628a3be1423f5a0,sudeste,jacarei,SP,2026-07-04,,True
b6cbb73a-8d54-4acf-8961-52f8d3845e33,497709c2976a8fa308730a2dec5b0726,sudeste,diadema,SP,2026-07-04,,True
b4db3182-1402-4ec7-9942-ba7375ba0bb6,e73bf2cea7fe4b0b4d287a7568ed1099,sul,chapeco,SC,2026-07-04,,True
43a1ee53-3be3-4691-97e2-019da9035c5b,778323240ce2830d68aab11794e00bfb,sudeste,sao paulo,SP,2026-07-04,,True
464d0d67-f9fa-40b1-a2d4-a25484c2f3d5,2493dc3f20131696a0ecdb9948051a8d,centro_oeste,brasilia,DF,2026-07-04,,True
841acc85-be37-4912-b9c7-77245aeabb41,a3dd39f583bc80bd8c5901c95878921e,nordeste,salvador,BA,2026-07-04,,True
df7098f5-f5b2-408e-94b2-e188a7a30bea,4342d4b2ba6b161468c63a7e7cfce593,sudeste,rio de janeiro,RJ,2026-07-04,,True
d3e3dff7-c4bc-4354-a576-e639b5fcba9a,06df0c10d34e459d9672bc77388742eb,sul,maringa,PR,2026-07-04,,True
99be8b23-4f30-489e-aea6-2c251b7b4306,89757206b887aed36f3e18d858460fea,sudeste,sao paulo,SP,2026-07-04,,True
c0856725-f82a-4d41-8cc8-ff818fc06f49,d8b8f2cf9ff6ba0389072541cb42498c,centro_oeste,formosa,GO,2026-07-04,,True
4a1edd2f-0f45-442a-888d-faf54501315c,3c03b12bab54d8b37d79d914bfdb1aa0,sudeste,sao joao de meriti,RJ,2026-07-04,,True
4dcf8078-dd4d-4a97-8fed-ee49932e5a47,9d5a9018aee56acb367ba9c3f05d1d6a,centro_oeste,aparecida de goiania,GO,2026-07-04,,True
ec117844-2474-470c-b044-b3fb69b130bc,f9244d45189d3a3605499abddeade7d5,sudeste,sao paulo,SP,2026-07-04,,True
239d52a7-da3f-4549-8e37-47e65c56805b,2b3b9ce054da76a7428df143a567b156,sudeste,sao paulo,SP,2026-07-04,,True
9679383c-e94f-44ae-b045-255606d30380,198c7ea11960a9844b544d9bcdca860c,sudeste,jacutinga,MG,2026-07-04,,True
9b714237-9059-4b42-8e75-6709295723df,a478c7961d6a992065b24e63b366f90b,sul,blumenau,SC,2026-07-04,,True
68aad563-d109-442e-9589-bc686e1d4851,30c7f28fd3a5897b2c82d152bb760c17,sudeste,niteroi,RJ,2026-07-04,,True
b80fd9a4-8f0d-4267-87c9-d20a46cbca72,66e0557ecc2b4dbea057e93f215f68d8,sudeste,sao paulo,SP,2026-07-04,,True
c1682b33-d345-4854-b874-ca4fdbb7410b,be1e9e378700cecaa4ebf71433d7915c,sudeste,ribeirao preto,SP,2026-07-04,,True
24f6b77f-b9db-473c-b690-bc741a01d2e6,21e83881401b92b49fb09a16d3852291,sudeste,uberlandia,MG,2026-07-04,,True
8e788021-d389-4939-98d2-c4c21b2524c6,55c96925041a14097b6a7825554f4ad5,sudeste,sao paulo,SP,2026-07-04,,True
39e255a4-8a39-4cfe-82c2-bd8a2f2b276a,918f6fbcf3ab724d805867303e593a1b,sudeste,valinhos,SP,2026-07-04,,True
204c6149-67d2-4a9f-908c-91077d4443b0,daeb5653dd96c1b11860f72209795012,sudeste,belo horizonte,MG,2026-07-04,,True
46199d79-7714-47c4-8f40-b56a080de114,228e4c1a0be164f613d41c24345f9d2c,sul,bandeirantes,PR,2026-07-04,,True
43f361ab-d9be-4086-8bf3-83a5e633a2f8,5145090ab595c0d0b8557199f5701fbf,sul,curitiba,PR,2026-07-04,,True
a59af6a1-5321-48df-92e2-8cb43691ee07,87e24fc7052259b1f7f607d61c10d8be,sudeste,sao paulo,SP,2026-07-04,,True
03e920d1-5ea5-4622-a8f3-62cce1e0ac5f,d66c11a9572221d92fbb8c4897db5f9b,sudeste,rio de janeiro,RJ,2026-07-04,,True
ba48e843-36e4-43fb-b1f0-e58b66cf4855,e2c92f9c1c7746d899d18f2e158bbff7,sudeste,sao jose do rio preto,SP,2026-07-04,,True
a901ee5b-7d53-4b5d-a966-8ef12bac53f7,ea67327e24487bdfac5fbfa37ea124df,sudeste,ibitinga,SP,2026-07-04,,True
378eaf6d-0495-4cf5-98ef-5ce2b10e7b00,db6a4d4b5f1f5f98820ce6ce2619e2de,sudeste,sao paulo,SP,2026-07-04,,True
ac7bd6a8-8e41-46d1-b547-1d6c6a0ddb10,1d1bbb8ac1581824986f582583fff01d,sul,indaial,SC,2026-07-04,,True
d7aee9a8-34eb-4f32-88bc-0b075b0b0037,f90f77ef2799a27f80d90c425ca944f7,sul,londrina,PR,2026-07-04,,True
06d1b8de-95b3-48dc-ba47-9a6a9e9d8ff6,bbf4a892cac7b82422baa711dffb8997,sul,curitiba,PR,2026-07-04,,True
25c45cb0-d3b6-4cd2-9f15-c69130b5c582,39f776d2974049026ff531fc42ef2a3e,centro_oeste,goiania,GO,2026-07-04,,True
80c7c6d3-8ab3-44d5-9af6-41914dee6a99,c70c1b0d8ca86052f45a432a38b73958,sudeste,hortolandia,SP,2026-07-04,,True
0c94e9a5-97d8-4585-bf1d-62f9fd29b7ac,9e6967d3cf386d284251784b18ccb485,sudeste,sao caetano do sul,SP,2026-07-04,,True
58d48a18-2866-4382-be84-19e4295661a4,747e73c01a4593d4cf60dcf970fd2689,nordeste,vitoria de santo antao,PE,2026-07-04,,True
58c5465a-e976-453b-9f05-114c9f6199f2,63704069d9bd3a75c1cf59babe56004a,sudeste,jundiai,SP,2026-07-04,,True
8bd8ee6d-a34d-4d10-96f3-054c694312eb,4e2627090e6e5b9fabba883a37897683,sudeste,belo horizonte,MG,2026-07-04,,True
a76f5e55-74af-4810-9707-94adf94b0090,61b18775be84fb700a6b2d0ba097bf66,sudeste,araraquara,SP,2026-07-04,,True
e363ca06-6d3f-4f2f-a06f-75a7bec8fb53,95cca791657aabeff15a07eb152d7841,sul,palotina,PR,2026-07-04,,True
93973f3f-81d5-4e33-b738-5eda851185bf,dde698c6d0bd24834c586e5111c2bba7,sudeste,petropolis,RJ,2026-07-04,,True
eb1b4a01-1388-4d1c-80da-1ba921fbec39,e94b64dc6979b302a5a5be1662c83bb6,sudeste,itapecerica da serra,SP,2026-07-04,,True
a08dc678-89d4-4f12-8a09-beaefa22c884,15ead3a5037a918ddb520dfe39a3d2b9,sudeste,conselheiro lafaiete,MG,2026-07-04,,True
917ffe63-4714-4314-aed2-a6c6616d72a4,9d489893ff6af05029671b785f54b998,sudeste,leme,SP,2026-07-04,,True
9d935f94-c566-4493-bb34-373e353c8037,725af026f869236a8dd0ceb98564d156,sudeste,claudio,MG,2026-07-04,,True
96e35593-c25a-4289-a0ff-f3aaf3133744,f00f5b35d0abcacbdd863672f4bb2c1a,sudeste,sao paulo,SP,2026-07-04,,True
024318c9-5b76-4c12-8053-04a61862b1d3,7bac63f6603d382cc8d0832eb6c100a8,sudeste,sao paulo,SP,2026-07-04,,True
f3a1aac5-5f64-4d2a-b2af-ba311f42d5ff,f1fdf2d13186575751aa25876536d85c,sudeste,sao paulo,SP,2026-07-04,,True
7dcdcaa7-5b6f-4b99-a788-1688f1d05da4,98dddbc4601dd4443ca174359b237166,sul,sarandi,PR,2026-07-04,,True
d6515113-0f43-4818-9e1c-43ca98fd3c89,f8201cab383e484733266d1906e2fdfa,sul,palhoca,SC,2026-07-04,,True
38d3a058-8842-47d2-9112-4e5a4a30b8a0,74871d19219c7d518d0090283e03c137,sudeste,sao paulo,SP,2026-07-04,,True
06663443-cc18-47ca-977f-79040fcaf057,e603cf3fec55f8697c9059638d6c8eb5,sul,pelotas,RS,2026-07-04,,True
4dc4d914-851e-432d-a3b6-ef732888c95a,9e25199f6ef7e7c347120ff175652c3b,sudeste,taubate,SP,2026-07-04,,True
