customer_region,customer_state,customer_city,revenue_items_only,orders_count
sudeste,SP,sao paulo,1916401.34,15405
sudeste,RJ,rio de janeiro,991171.46,6828
sudeste,MG,belo horizonte,356011.55,2753
centro_oeste,DF,brasilia,301279.96,2114
sul,PR,curitiba,211437.98,1509
sul,RS,porto alegre,190562.08,1372
sudeste,SP,campinas,187963.63,1429
nordeste,BA,salvador,181013.42,1238
sudeste,SP,guarulhos,144123.39,1177
sudeste,RJ,niteroi,118225.6,848
centro_oeste,GO,goiania,106431.17,689
sudeste,SP,sao bernardo do campo,104540.99,928
sudeste,SP,santos,98480.6,704
nordeste,CE,fortaleza,97768.16,649
sudeste,SP,santo andre,92028.6,792
nordeste,PE,recife,89149.13,608
sul,SC,florianopolis,85344.19,564
sudeste,SP,osasco,82034.96,740
sudeste,SP,jundiai,81408.67,563
norte,PA,belem,80078.49,441
sudeste,SP,sao jose dos campos,78605.47,685
sudeste,SP,sorocaba,76345.76,623
sudeste,SP,ribeirao preto,65687.11,508
sudeste,MG,juiz de fora,65359.77,427
sudeste,RJ,nova iguacu,60089.1,438
centro_oeste,MS,campo grande,57121.67,315
nordeste,PB,joao pessoa,53414.8,255
sudeste,ES,vitoria,53160.79,377
sudeste,RJ,sao goncalo,52399.94,405
sudeste,SP,piracicaba,52307.98,366
sudeste,SP,mogi das cruzes,52009.87,379
sudeste,SP,barueri,51678.25,430
nordeste,MA,sao luis,50706.91,346
nordeste,PI,teresina,49967.43,280
sudeste,MG,contagem,49542.22,423
sudeste,MG,uberlandia,48447.98,371
sudeste,ES,vila velha,48285.18,333
sudeste,SP,sao jose do rio preto,47212.25,333
sul,PR,londrina,46390.26,302
nordeste,AL,maceio,45427.48,247
sudeste,SP,maua,43864.96,320
sudeste,SP,bauru,39462.26,270
sudeste,SP,praia grande,39392.27,309
centro_oeste,MT,cuiaba,39171.17,248
sul,RS,caxias do sul,38480.07,224
sul,PR,maringa,38007.19,269
sudeste,SP,indaiatuba,37334.1,278
nordeste,SE,aracaju,36570.81,220
sudeste,ES,serra,36357.33,285
sudeste,SP,taboao da serra,35849.16,291
nordeste,RN,natal,35729.67,204
sudeste,MG,divinopolis,35301.77,135
sudeste,RJ,campos dos goytacazes,34843.36,239
sul,SC,joinville,34772.57,263
sudeste,RJ,duque de caxias,34345.66,264
sudeste,SP,marilia,33904.28,196
sudeste,RJ,volta redonda,33354.0,228
sudeste,RJ,petropolis,33208.11,237
sudeste,SP,sao caetano do sul,32402.6,274
sudeste,SP,carapicuiba,32235.88,325
sul,RS,santa maria,31935.71,195
sudeste,RJ,macae,31337.8,237
sudeste,SP,cotia,30721.63,245
sudeste,MG,betim,30041.31,202
sudeste,SP,guaruja,29896.66,226
sudeste,SP,sao carlos,29743.95,233
sudeste,SP,taubate,29724.56,267
sudeste,SP,diadema,29362.07,283
sudeste,MG,uberaba,28690.9,189
sudeste,RJ,nova friburgo,28024.89,150
nordeste,BA,feira de santana,27652.19,185
sul,RS,canoas,26835.25,210
sudeste,MG,montes claros,26690.89,211
sudeste,SP,presidente prudente,26196.13,160
sudeste,SP,suzano,25241.77,233
sudeste,SP,americana,25111.37,222
sul,SC,blumenau,24755.36,187
sul,PR,cascavel,23805.62,149
sudeste,SP,limeira,23083.89,189
sudeste,SP,santana de parnaiba,22915.05,182
sudeste,SP,valinhos,22546.55,183
sul,RS,pelotas,22387.13,184
sudeste,MG,ipatinga,21957.22,171
norte,RO,porto velho,21858.63,108
sudeste,SP,franca,21757.23,157
sudeste,SP,sumare,21487.92,181
nordeste,PE,jaboatao dos guararapes,21405.16,135
sudeste,MG,pouso alegre,21372.21,131
sudeste,SP,sao vicente,21029.69,162
sudeste,SP,atibaia,20913.21,157
sudeste,MG,nova lima,20846.53,97
sudeste,SP,embu das artes,20727.72,164
norte,AM,manaus,20652.56,139
sudeste,SP,araraquara,20352.07,154
sul,SC,sao jose,20320.56,167
sudeste,RJ,rio das ostras,20268.71,136
sudeste,SP,rio claro,20124.58,152
sudeste,SP,braganca paulista,20043.74,142
sudeste,RJ,barra mansa,19997.21,120
sul,RS,novo hamburgo,19847.08,122
sudeste,MG,governador valadares,19686.45,140
sudeste,SP,itaquaquecetuba,19529.34,173
sul,SC,itajai,19348.57,120
sul,PR,ponta grossa,19247.38,143
sul,RS,gravatai,19110.02,112
sudeste,RJ,angra dos reis,18684.04,84
sudeste,RJ,sao joao de meriti,18666.34,131
sudeste,SP,jacarei,18479.13,193
sudeste,SP,itapevi,18348.91,170
norte,PA,ananindeua,18075.24,88
norte,TO,palmas,17821.1,90
sudeste,ES,cariacica,17634.48,139
nordeste,PB,campina grande,17580.43,69
sudeste,RJ,teresopolis,17455.19,120
sudeste,MG,sete lagoas,17308.35,127
sudeste,RJ,araruama,17199.19,77
sudeste,MG,pocos de caldas,17190.35,119
sudeste,RJ,cabo frio,17182.67,116
centro_oeste,GO,anapolis,17179.78,112
sudeste,SP,botucatu,17179.5,101
sul,SC,balneario camboriu,16958.38,100
sudeste,MG,patos de minas,16791.97,100
sudeste,SP,paulinia,16658.69,129
sudeste,SP,aracatuba,16633.1,138
sudeste,SP,hortolandia,16523.21,145
sul,RS,rio grande,16516.78,124
nordeste,BA,vitoria da conquista,16497.2,90
sudeste,MG,vicosa,16373.85,88
sudeste,RJ,mage,16186.65,111
sudeste,ES,cachoeiro de itapemirim,15871.63,121
sudeste,SP,ferraz de vasconcelos,15792.78,112
sudeste,RJ,marica,15691.86,138
sul,SC,criciuma,15601.98,93
sul,SC,chapeco,15322.25,103
sul,RS,passo fundo,15282.21,114
sul,PR,sao jose dos pinhais,15124.05,131
centro_oeste,GO,aparecida de goiania,15119.35,111
sudeste,SP,guaratingueta,14661.22,95
sudeste,SP,birigui,14611.34,78
nordeste,PE,petrolina,14313.0,65
sudeste,MG,varginha,14123.0,88
sudeste,MG,itajuba,13955.8,93
sudeste,RJ,belford roxo,13932.95,111
norte,AC,rio branco,13904.32,70
sudeste,RJ,nilopolis,13718.18,107
sudeste,RJ,resende,13545.25,117
sudeste,SP,caraguatatuba,13536.86,88
sudeste,SP,caieiras,13486.52,99
sudeste,SP,araras,13327.37,94
sudeste,MG,lavras,13297.75,83
nordeste,PE,olinda,13149.78,93
sudeste,MG,araxa,13136.21,76
sudeste,SP,santa barbara d'oeste,13072.08,118
sudeste,SP,pindamonhangaba,13070.16,101
sul,SC,jaragua do sul,12966.56,89
nordeste,BA,porto seguro,12890.09,40
sudeste,MG,ribeirao das neves,12674.44,99
sudeste,SP,itu,12602.13,135
sudeste,SP,ourinhos,12543.03,77
sudeste,SP,mogi-guacu,12453.82,91
sudeste,MG,barbacena,12296.61,80
centro_oeste,MT,rondonopolis,12243.04,65
sudeste,SP,itapetininga,12232.88,77
sudeste,SP,assis,12199.23,84
sudeste,SP,itatiba,12114.21,98
sudeste,ES,linhares,12101.51,64
sudeste,SP,sao joao da boa vista,11786.81,81
sudeste,SP,amparo,11751.58,66
sul,PR,foz do iguacu,11586.38,87
sudeste,SP,tatui,11466.03,74
norte,AP,macapa,11451.92,54
sul,SC,palhoca,11440.12,94
sudeste,MG,santa luzia,11397.46,90
nordeste,CE,sobral,11368.84,35
sul,SC,lages,11281.11,83
nordeste,BA,barreiras,11043.93,52
sul,RS,sao leopoldo,11035.67,103
sudeste,MG,muriae,11015.42,64
sudeste,SP,votorantim,10901.22,85
sudeste,MG,araguari,10869.52,54
sudeste,SP,varzea paulista,10780.18,78
sudeste,SP,salto,10709.39,94
sul,SC,gaspar,10643.04,30
sul,SC,tubarao,10606.13,60
sudeste,MG,itabira,10544.49,79
sudeste,ES,guarapari,10544.41,67
sudeste,SP,itanhaem,10506.24,79
sul,RS,santa cruz do sul,10360.88,62
sudeste,SP,cajamar,10252.27,99
sudeste,SP,cacapava,10160.07,74
sudeste,SP,ribeirao pires,10149.63,107
sudeste,SP,franco da rocha,10122.2,109
sudeste,SP,catanduva,10107.93,74
sul,PR,toledo,10053.64,70
centro_oeste,GO,jatai,10040.37,54
sudeste,SP,sao roque,9602.33,78
sudeste,MG,caratinga,9540.11,61
sudeste,SP,bertioga,9520.55,48
sudeste,SP,barretos,9500.97,73
sudeste,MG,conselheiro lafaiete,9473.27,85
sudeste,SP,jau,9460.56,73
centro_oeste,GO,rio verde,9450.0,64
sul,RS,bage,9435.64,63
nordeste,PE,caruaru,9366.69,63
sudeste,SP,poa,9343.45,85
sudeste,SP,francisco morato,9305.41,97
sul,PR,paranagua,9244.45,60
sudeste,SP,lins,9189.96,55
sudeste,SP,vinhedo,9152.87,94
sudeste,RJ,mesquita,9132.02,75
sul,RS,cachoeirinha,9098.25,71
sudeste,SP,mairipora,9087.38,75
sul,PR,pato branco,9047.64,53
sudeste,SP,mogi mirim,9010.97,76
nordeste,BA,lauro de freitas,8954.88,75
sul,PR,pinhais,8941.8,68
centro_oeste,MS,dourados,8907.7,64
nordeste,BA,ilheus,8906.74,72
sudeste,SP,ubatuba,8900.83,76
sudeste,SP,sao sebastiao,8880.36,59
sudeste,SP,itapecerica da serra,8738.78,98
nordeste,AL,arapiraca,8728.71,29
sul,PR,guarapuava,8625.45,64
sudeste,SP,jaguariuna,8562.27,62
sudeste,SP,pirassununga,8550.33,69
nordeste,BA,itabuna,8523.72,61
sudeste,MG,manhuacu,8510.0,64
sudeste,MG,paracatu,8430.41,63
sul,SC,brusque,8421.55,60
sudeste,MG,lagoa santa,8400.97,59
sudeste,SP,avare,8382.97,63
sudeste,SP,votuporanga,8372.9,63
nordeste,BA,luis eduardo magalhaes,8343.87,36
sudeste,MG,sao joao del rei,8297.97,67
sudeste,SP,jandira,8260.47,84
norte,TO,araguaina,8203.54,41
sudeste,SP,leme,8152.92,50
sul,SC,videira,8107.6,47
sul,RS,lajeado,8068.41,50
sudeste,SP,lorena,7965.02,83
sudeste,MG,itauna,7942.95,57
sudeste,MG,nova serrana,7856.26,51
sudeste,MG,teofilo otoni,7744.23,75
norte,RR,boa vista,7739.53,45
nordeste,RN,parnamirim,7718.37,60
nordeste,BA,juazeiro,7677.28,44
sudeste,SP,aruja,7614.78,69
sudeste,MG,timoteo,7598.82,52
sul,PR,colombo,7531.9,61
sudeste,SP,itapira,7519.54,54
sul,PR,francisco beltrao,7491.38,52
sudeste,SP,fernandopolis,7445.06,53
centro_oeste,MS,tres lagoas,7431.32,42
sudeste,SP,boituva,7412.05,49
sudeste,MG,ibirite,7410.68,50
nordeste,BA,camacari,7294.22,61
sul,PR,apucarana,7283.7,52
sul,PR,campo mourao,7259.52,56
sul,PR,paranavai,7228.95,46
sudeste,RJ,tres rios,7227.52,39
sudeste,SP,matao,7207.71,52
nordeste,MA,imperatriz,7171.38,40
sudeste,MG,para de minas,7162.08,37
sudeste,RJ,itaborai,7134.27,60
sudeste,RJ,itaperuna,7118.56,48
sudeste,MG,ponte nova,7106.89,40
nordeste,BA,jacobina,7079.66,24
centro_oeste,MT,varzea grande,7043.05,41
nordeste,BA,eunapolis,7034.7,39
sudeste,SP,cubatao,6996.03,79
sudeste,MG,joao monlevade,6959.85,51
sudeste,ES,colatina,6925.51,65
sudeste,SP,sertaozinho,6884.13,62
sudeste,MG,ouro preto,6861.56,56
sul,RS,bento goncalves,6857.56,56
sudeste,MG,unai,6825.39,54
sudeste,MG,patrocinio,6817.53,46
sudeste,MG,pirapora,6803.07,42
sudeste,SP,andradina,6794.42,43
sudeste,SP,cosmopolis,6747.8,52
sudeste,SP,lencois paulista,6720.22,43
sudeste,SP,jaboticabal,6706.02,54
sudeste,SP,peruibe,6681.02,44
sul,RS,viamao,6655.1,73
sul,PR,arapongas,6617.96,34
sudeste,RJ,paracambi,6571.96,35
sudeste,ES,sao mateus,6569.97,47
sul,RS,esteio,6521.86,41
nordeste,BA,paulo afonso,6492.59,39
sudeste,SP,tupa,6483.03,52
sul,RS,erechim,6478.28,58
centro_oeste,MT,sinop,6474.65,44
sudeste,RJ,itaguai,6417.74,48
nordeste,BA,valenca,6373.59,35
nordeste,CE,juazeiro do norte,6309.78,33
sudeste,SP,mococa,6295.97,34
sudeste,SP,registro,6288.47,46
sul,RS,cachoeira do sul,6288.32,32
sudeste,SP,itapeva,6270.23,51
sul,SC,navegantes,6260.17,29
sul,RS,osorio,6251.24,35
nordeste,BA,alagoinhas,6249.23,40
sudeste,SP,embu-guacu,6244.68,46
centro_oeste,MT,primavera do leste,6232.81,28
sul,RS,alvorada,6207.73,50
sudeste,MG,uba,6184.76,52
sudeste,MG,vespasiano,6172.59,43
sul,SC,sao miguel do oeste,6155.72,40
sul,SC,itapema,6109.87,44
sudeste,SP,cruzeiro,6109.5,56
sudeste,MG,guaxupe,6081.17,37
sul,PR,rolandia,6061.03,27
sul,SC,concordia,6052.39,51
sudeste,SP,artur nogueira,6029.68,41
sudeste,RJ,queimados,6001.76,53
sul,SC,taio,5965.23,15
sudeste,SP,vargem grande paulista,5913.45,45
sudeste,SP,olimpia,5862.54,37
nordeste,CE,caucaia,5856.66,35
sudeste,SP,mirassol,5850.89,29
centro_oeste,MT,lucas do rio verde,5807.76,24
sul,PR,umuarama,5770.52,40
nordeste,PE,paulista,5736.77,41
sul,RS,sapucaia do sul,5683.84,40
sul,RS,guaiba,5616.51,32
sul,RS,ijui,5584.45,52
sudeste,SP,batatais,5574.8,28
sudeste,MG,ituiutaba,5547.87,55
sudeste,RJ,barra do pirai,5543.41,54
sudeste,MG,curvelo,5541.0,43
centro_oeste,GO,catalao,5454.03,34
centro_oeste,GO,valparaiso de goias,5437.85,37
sul,RS,santo angelo,5433.26,46
sudeste,SP,adamantina,5425.97,36
sudeste,SP,mongagua,5407.43,43
sudeste,MG,arcos,5391.73,25
norte,PA,santarem,5387.66,44
sudeste,SP,itupeva,5355.51,44
sudeste,MG,alfenas,5350.32,43
nordeste,CE,maracanau,5342.73,34
sudeste,RJ,santo antonio de padua,5330.88,31
centro_oeste,GO,caldas novas,5301.63,36
centro_oeste,GO,formosa,5282.15,34
nordeste,MA,balsas,5274.43,17
sudeste,RJ,arraial do cabo,5237.89,29
norte,TO,gurupi,5229.29,24
norte,PA,altamira,5168.15,25
centro_oeste,GO,itumbiara,5156.12,36
sudeste,MG,santa barbara,5118.21,26
sudeste,SP,sao jose do rio pardo,5106.24,44
sul,RS,santo antonio da patrulha,5100.08,17
norte,PA,tucurui,5096.7,17
sul,PR,araucaria,5086.1,54
sul,PR,uniao da vitoria,5081.93,29
sudeste,MG,itabirito,5078.13,29
sudeste,MG,salinas,5065.77,23
sudeste,MG,pedro leopoldo,5057.01,40
sul,PR,mandaguari,5039.15,18
sudeste,SP,santo antonio de posse,5027.89,20
sudeste,SP,campo limpo paulista,5013.34,48
sudeste,SP,bebedouro,4992.89,51
sudeste,MG,bom jesus do galho,4985.19,5
centro_oeste,MT,campo novo do parecis,4970.79,16
sudeste,SP,piraju,4954.98,18
sul,RS,montenegro,4910.6,32
sudeste,SP,capivari,4892.96,35
sudeste,SP,tremembe,4876.03,38
nordeste,RN,mossoro,4875.46,36
sul,SC,sao bento do sul,4869.9,44
sul,PR,cianorte,4863.67,39
sudeste,RJ,armacao dos buzios,4836.4,29
sudeste,MG,sao sebastiao do paraiso,4826.04,36
sul,SC,rio do sul,4777.85,35
sudeste,SP,louveira,4777.82,44
sudeste,SP,penapolis,4776.58,37
centro_oeste,GO,luziania,4761.46,33
centro_oeste,MT,caceres,4750.19,25
sul,SC,joacaba,4721.0,26
centro_oeste,MS,corumba,4700.17,27
centro_oeste,MT,juina,4695.32,17
sul,PR,telemaco borba,4693.49,34
sul,RS,capao da canoa,4692.09,38
nordeste,BA,jequie,4687.84,34
sudeste,MG,bom despacho,4680.53,38
sudeste,RJ,saquarema,4673.05,46
sudeste,RJ,sao pedro da aldeia,4672.43,46
sul,PR,fazenda rio grande,4655.49,29
sul,RS,uruguaiana,4653.96,48
nordeste,BA,simoes filho,4632.48,20
sudeste,SP,taquaritinga,4604.03,33
sudeste,MG,carangola,4592.0,27
nordeste,BA,guanambi,4589.57,37
sudeste,MG,cataguases,4584.86,33
sul,SC,canoinhas,4583.01,27
sul,SC,cacador,4569.38,40
sudeste,SP,monte mor,4544.84,39
sudeste,SP,dracena,4538.05,27
sudeste,MG,tres coracoes,4493.83,41
sudeste,MG,extrema,4492.03,40
sudeste,RJ,vassouras,4491.8,37
sul,RS,alegrete,4483.77,35
sudeste,MG,sabara,4481.78,42
sudeste,MG,ouro branco,4479.13,42
sudeste,RJ,japeri,4458.27,34
sudeste,SP,nova odessa,4438.61,38
sul,RS,taquara,4427.54,21
sudeste,MG,mariana,4416.58,33
sudeste,MG,formiga,4407.94,32
sudeste,RJ,rio bonito,4402.01,28
sul,RS,campo bom,4394.71,36
sudeste,RJ,seropedica,4391.15,33
sudeste,MG,coronel fabriciano,4386.65,42
sudeste,SP,promissao,4369.85,32
nordeste,BA,santo antonio de jesus,4361.85,30
nordeste,CE,pacatuba,4317.98,5
sudeste,SP,sao joaquim da barra,4302.49,34
sul,SC,biguacu,4301.2,24
sudeste,SP,pereira barreto,4294.72,19
sul,PR,almirante tamandare,4255.69,35
sul,RS,santana do livramento,4248.23,20
sudeste,MG,passos,4247.28,43
sul,SC,timbo,4226.67,21
sudeste,MG,sao lourenco,4222.89,33
sudeste,SP,monte alegre do sul,4181.79,6
sul,SC,xanxere,4175.87,29
sudeste,SP,tiete,4142.82,36
norte,RO,ariquemes,4124.97,13
sudeste,SP,barra bonita,4122.43,29
nordeste,PE,garanhuns,4107.48,31
norte,PA,parauapebas,4092.06,27
nordeste,PE,trindade,4084.8,4
sudeste,MG,santa vitoria,4083.77,17
centro_oeste,MT,barra do garcas,4076.2,25
sudeste,MG,andradas,4070.31,12
sudeste,ES,aracruz,4064.07,40
nordeste,PI,parnaiba,4060.01,23
centro_oeste,MS,ponta pora,4038.51,18
nordeste,PB,patos,4036.65,16
norte,PA,abaetetuba,4028.57,11
sudeste,SP,orlandia,4027.32,28
sudeste,SP,alvares machado,4022.57,8
sudeste,MG,carmo do paranaiba,4008.64,16
sudeste,SP,santa fe do sul,3994.67,35
centro_oeste,MT,tangara da serra,3970.6,24
sudeste,RJ,valenca,3940.46,27
sul,PR,cambe,3930.67,27
sudeste,SP,itarare,3915.3,28
sudeste,MG,santa rita do sapucai,3910.7,35
sul,PR,campo largo,3894.89,37
nordeste,CE,russas,3843.87,9
sul,SC,imbituba,3798.45,33
sudeste,ES,guacui,3797.29,16
sudeste,SP,ituverava,3783.73,29
nordeste,PB,catole do rocha,3742.59,6
sudeste,SP,aparecida,3740.96,25
sudeste,MG,ipanema,3727.77,7
sudeste,SP,martinopolis,3708.09,8
sudeste,MG,piumhii,3707.31,28
sudeste,SP,cerqueira cesar,3701.52,18
sudeste,SP,guaira,3698.54,36
sudeste,SP,presidente venceslau,3691.89,25
sudeste,SP,sao pedro,3683.54,12
sul,RS,sapiranga,3660.6,25
nordeste,PE,camaragibe,3642.88,35
sul,RS,panambi,3640.99,17
sul,PR,marechal candido rondon,3638.56,31
norte,PA,castanhal,3628.62,21
sudeste,RJ,miguel pereira,3602.2,28
nordeste,PI,picos,3598.56,18
norte,PA,maraba,3597.17,22
sul,PR,laranjeiras do sul,3595.56,20
centro_oeste,GO,posse,3550.25,16
nordeste,CE,iguatu,3538.29,14
sul,SC,tijucas,3504.74,30
centro_oeste,GO,pires do rio,3500.83,12
centro_oeste,MT,alta floresta,3495.55,12
sudeste,MG,frutal,3474.85,26
sudeste,SP,guararapes,3471.33,20
sudeste,MG,januaria,3471.23,22
sudeste,RJ,casimiro de abreu,3458.33,20
sudeste,SP,ibiuna,3439.52,31
nordeste,BA,teixeira de freitas,3439.17,29
centro_oeste,GO,trindade,3425.57,24
nordeste,BA,campo formoso,3419.13,10
norte,RO,ji-parana,3412.04,17
sudeste,RJ,bom jesus do itabapoana,3405.91,20
sul,RS,dois irmaos,3398.76,17
centro_oeste,GO,mineiros,3379.3,25
sudeste,SP,itapolis,3363.99,28
centro_oeste,MT,sorriso,3342.75,20
sul,SC,indaial,3334.74,26
nordeste,BA,ipira,3332.68,7
sudeste,MG,espera feliz,3315.75,19
sudeste,ES,viana,3311.92,20
sudeste,SP,cerquilho,3299.91,30
sul,RS,sao luiz gonzaga,3298.01,15
sudeste,SP,cachoeira paulista,3292.0,25
sudeste,SP,ilhabela,3286.28,45
sudeste,SP,sao manuel,3278.99,21
centro_oeste,MT,nova xavantina,3274.69,10
sudeste,SP,campos do jordao,3273.0,26
sudeste,MG,monte carmelo,3269.13,24
sudeste,SP,serra negra,3267.53,14
sul,RS,trindade do sul,3266.99,4
sul,RS,ibiruba,3252.8,21
nordeste,MA,bacabal,3243.71,11
sul,SC,ituporanga,3225.16,15
sul,PR,mandaguacu,3222.0,4
sul,RS,farroupilha,3213.03,27
nordeste,BA,valente,3209.58,9
nordeste,CE,itapaje,3198.68,6
nordeste,SE,itabaiana,3185.67,16
sul,RS,gramado,3176.24,30
sudeste,SP,jales,3173.05,29
sul,RS,guapore,3153.15,18
sul,RS,cruz alta,3152.1,32
sudeste,MG,cambui,3133.74,22
nordeste,CE,crato,3128.56,19
sudeste,SP,quata,3119.56,12
sul,SC,camboriu,3118.18,28
sudeste,SP,porto feliz,3108.97,22
sudeste,MG,claudio,3092.97,22
sudeste,SP,aguas de lindoia,3092.59,22
sudeste,SP,capao bonito,3078.97,28
sudeste,SP,juquitiba,3073.87,21
sudeste,RJ,guapimirim,3067.16,22
sudeste,SP,barrinha,3036.93,20
nordeste,BA,ibotirama,3032.39,7
sul,SC,porto uniao,3023.65,14
sudeste,SP,garca,3013.41,28
nordeste,BA,cicero dantas,3010.05,10
sul,SC,santo amaro da imperatriz,3007.31,12
sul,PR,medianeira,3007.04,22
sudeste,MG,janauba,2990.16,17
sudeste,MG,buritizeiro,2987.99,9
sudeste,SP,macatuba,2984.64,12
sul,RS,santa rosa,2972.04,33
sul,SC,braco do norte,2962.47,20
sudeste,RJ,paraiba do sul,2949.57,18
sudeste,MG,congonhas,2938.61,30
sudeste,SP,ibitinga,2911.26,22
sudeste,ES,marataizes,2907.27,16
sudeste,SP,pedreira,2893.6,36
sudeste,SP,novo horizonte,2888.29,18
sudeste,SP,monte azul paulista,2887.91,19
sudeste,ES,alegre,2884.07,17
sul,SC,curitibanos,2878.94,20
nordeste,PE,cabo de santo agostinho,2877.95,21
sudeste,SP,santa isabel,2875.46,29
sudeste,MG,almenara,2872.15,14
sudeste,MG,alem paraiba,2870.56,28
sul,PR,matinhos,2862.15,27
sudeste,SP,mairinque,2860.12,25
sudeste,SP,piedade,2852.76,23
sul,PR,castro,2847.19,22
sudeste,SP,cunha,2845.12,14
nordeste,BA,bom jesus da lapa,2829.63,9
sudeste,RJ,quissama,2827.66,13
sudeste,SP,castilho,2822.21,10
sul,RS,encantado,2807.17,11
centro_oeste,MS,maracaju,2791.96,13
sul,RS,estancia velha,2782.1,20
sudeste,RJ,paraty,2780.77,19
norte,PA,rondon do para,2780.13,9
sudeste,RJ,parati,2779.7,13
nordeste,PE,escada,2768.33,11
sudeste,SP,paraguacu paulista,2766.8,20
sudeste,SP,piracaia,2764.83,22
sul,RS,venancio aires,2764.62,26
sudeste,MG,machado,2761.92,21
centro_oeste,MT,agua boa,2758.87,18
nordeste,BA,brumado,2748.75,22
nordeste,RN,pau dos ferros,2745.55,9
sudeste,SP,pirapora do bom jesus,2744.66,16
nordeste,RN,alto do rodrigues,2737.46,8
sul,RS,imbe,2727.95,13
nordeste,BA,itapetinga,2727.12,18
nordeste,RN,caico,2723.2,10
sudeste,SP,holambra,2719.2,23
sul,SC,fraiburgo,2715.57,14
sudeste,SP,rancharia,2713.19,22
nordeste,CE,aracati,2710.53,21
sudeste,SP,bariri,2706.45,15
sudeste,MG,espinosa,2705.09,6
sul,RS,tramandai,2703.52,25
sudeste,MG,santana do paraiso,2696.82,16
sul,SC,garopaba,2693.08,23
sudeste,MG,taiobeiras,2684.71,13
sudeste,MG,jacutinga,2670.82,18
sul,SC,itapiranga,2667.18,11
nordeste,PE,santa cruz do capibaribe,2664.87,13
sudeste,SP,ipero,2659.28,18
sudeste,SP,pederneiras,2657.17,20
norte,PA,pacaja,2651.06,6
sudeste,ES,venda nova do imigrante,2647.83,15
sudeste,RJ,natividade,2645.37,15
sudeste,MG,santa juliana,2622.39,9
sudeste,SP,santa cruz do rio pardo,2621.48,35
nordeste,CE,quixada,2620.67,12
sudeste,RJ,cordeiro,2604.86,24
sudeste,SP,tapiratiba,2601.22,12
nordeste,SE,estancia,2594.65,9
sudeste,MG,sao joao nepomuceno,2594.0,14
sudeste,MG,oliveira,2579.0,22
sul,PR,marialva,2573.17,16
sudeste,SP,presidente epitacio,2572.52,23
sudeste,MG,capelinha,2562.96,19
nordeste,BA,senhor do bonfim,2557.28,19
sul,RS,carlos barbosa,2554.79,19
sudeste,SP,monte alto,2549.01,33
sudeste,SP,taquarituba,2548.52,16
sul,RS,vacaria,2540.07,23
centro_oeste,MS,aparecida do taboado,2531.9,7
sudeste,MG,monte siao,2530.28,20
sul,RS,feliz,2523.43,14
sudeste,MG,pitangui,2517.23,22
sudeste,MG,ouro fino,2511.84,16
nordeste,BA,riachao do jacuipe,2502.4,5
nordeste,BA,dias d'avila,2493.44,24
sul,PR,missal,2490.76,7
sudeste,MG,araujos,2490.5,5
sudeste,MG,caete,2482.97,27
sudeste,MG,sao gotardo,2479.38,20
sudeste,MG,joao pinheiro,2475.31,16
centro_oeste,MT,paranatinga,2463.29,2
sudeste,MG,manhumirim,2461.78,16
sudeste,SP,bonfim paulista,2457.37,18
sul,PR,irati,2455.22,22
nordeste,PE,vitoria de santo antao,2455.15,15
sudeste,SP,piratininga,2449.18,9
sudeste,RJ,barra de sao joao,2440.85,13
sudeste,ES,nova venecia,2439.9,19
sudeste,MG,diamantina,2424.28,27
nordeste,PI,floriano,2424.02,18
nordeste,MA,codo,2419.82,8
sul,RS,canela,2418.63,17
sul,PR,dois vizinhos,2409.52,28
nordeste,CE,crateus,2407.76,9
sudeste,MG,coromandel,2403.93,25
sul,RS,quarai,2402.99,4
sudeste,MG,nanuque,2395.97,25
sul,RS,veranopolis,2394.04,18
nordeste,CE,tiangua,2377.09,9
nordeste,PE,abreu e lima,2376.95,11
sudeste,SP,cravinhos,2363.95,24
sul,RS,sao gabriel,2362.85,23
sudeste,SP,americo brasiliense,2360.1,17
sudeste,RJ,iguaba grande,2348.6,19
centro_oeste,GO,goiatuba,2347.44,10
centro_oeste,GO,ipameri,2320.55,13
sudeste,SP,socorro,2319.45,19
sul,SC,icara,2317.34,21
nordeste,PE,salgueiro,2315.95,17
sul,RS,santiago,2304.7,26
centro_oeste,MT,querencia,2302.62,10
sudeste,SP,ilha solteira,2299.44,24
sul,SC,penha,2298.09,17
sudeste,MG,tres pontas,2293.71,20
nordeste,SE,nossa senhora do socorro,2282.92,14
sudeste,SP,rio grande da serra,2264.3,26
sudeste,MG,brumadinho,2258.23,26
sul,RS,cruzeiro do sul,2247.89,4
nordeste,PE,ouricuri,2246.86,8
sul,SC,ararangua,2246.55,18
centro_oeste,MT,comodoro,2245.02,7
sudeste,SP,itaporanga,2237.28,12
sudeste,RJ,paty do alferes,2234.66,13
sul,PR,cornelio procopio,2234.17,24
centro_oeste,GO,aguas lindas de goias,2219.91,24
norte,PA,novo progresso,2219.01,5
sudeste,RJ,pirai,2218.16,15
nordeste,CE,eusebio,2217.51,13
sul,RS,estrela,2217.15,16
sudeste,ES,piuma,2216.18,17
centro_oeste,GO,inhumas,2210.83,16
sudeste,SP,laranjal paulista,2209.33,17
norte,RO,vilhena,2207.95,18
sudeste,MG,bambui,2206.67,18
nordeste,BA,mucuri,2203.67,7
sul,SC,laguna,2202.73,14
nordeste,PB,pianco,2200.0,1
norte,PA,nova esperanca do piria,2199.0,1
centro_oeste,MS,nova andradina,2194.87,11
nordeste,PE,carpina,2194.76,10
sudeste,RJ,bom jardim,2189.45,14
norte,PA,paragominas,2182.65,19
sudeste,MG,camanducaia,2180.67,9
sudeste,MG,varzea da palma,2171.77,11
sudeste,MG,matias barbosa,2169.86,13
nordeste,PE,araripina,2169.58,12
nordeste,AL,teotonio vilela,2168.68,8
sul,RS,marau,2167.34,22
sudeste,RJ,pinheiral,2165.19,14
sudeste,MG,guarani,2164.42,7
centro_oeste,MT,colider,2161.73,8
sudeste,SP,espirito santo do pinhal,2160.02,18
nordeste,AL,sao sebastiao,2159.98,1
sudeste,SP,bofete,2157.59,6
nordeste,PI,sao raimundo nonato,2145.39,7
nordeste,MA,presidente dutra,2140.98,12
sul,RS,sao lourenco do sul,2135.38,14
nordeste,PE,taquaritinga do norte,2129.9,7
centro_oeste,GO,novo gama,2124.94,16
sul,RS,sao borja,2124.74,18
sudeste,SP,santa rita do passa quatro,2123.97,18
sudeste,RJ,sao joao da barra,2115.54,15
norte,PA,tailandia,2113.18,4
centro_oeste,GO,cristalina,2112.65,8
sudeste,SP,aguai,2111.48,10
sul,PR,rio negro,2105.87,15
sudeste,MG,paraisopolis,2101.66,15
sul,RS,sao sebastiao do cai,2087.84,13
sudeste,SP,viradouro,2081.54,18
sul,PR,antonina,2077.57,10
sudeste,SP,conchal,2075.24,19
sudeste,MG,nova era,2074.71,15
sul,PR,sarandi,2063.93,18
sudeste,MG,lagoa grande,2060.89,4
sudeste,MG,santos dumont,2056.3,22
nordeste,PE,serra talhada,2053.18,10
centro_oeste,GO,goianesia,2044.47,18
sudeste,RJ,cambuci,2042.79,8
sul,PR,lapa,2039.2,14
nordeste,BA,serrinha,2039.14,15
sudeste,SP,ipua,2031.49,4
sul,RS,carazinho,2030.93,23
sudeste,RJ,sao fidelis,2029.25,23
sudeste,SP,junqueiropolis,2029.24,15
centro_oeste,GO,ipora,2025.99,15
nordeste,BA,nucleo residencial pilar,2024.35,8
sul,SC,cocal do sul,2015.29,4
sul,PR,palmeira,2013.32,12
nordeste,BA,cruz das almas,2007.24,18
sudeste,SP,porto ferreira,2000.7,27
sudeste,MG,conselheiro pena,2000.56,15
nordeste,SE,cedro de sao joao,1999.99,3
sudeste,MG,engenheiro navarro,1997.0,1
nordeste,CE,ico,1990.88,8
nordeste,PE,agrestina,1989.0,1
sudeste,MG,sacramento,1986.57,13
sudeste,SP,miguelopolis,1984.27,14
sudeste,ES,anchieta,1983.8,14
sudeste,RJ,cantagalo,1981.48,17
nordeste,PE,gravata,1970.99,11
sul,RS,tres de maio,1969.05,12
sudeste,SP,cesario lange,1966.5,13
nordeste,PB,sape,1959.99,2
sudeste,MG,santo antonio do monte,1959.11,15
sudeste,MG,barao de cocais,1958.4,18
sudeste,RJ,cachoeiras de macacu,1958.25,21
nordeste,SE,lagarto,1955.43,11
nordeste,PE,igarassu,1936.82,13
sul,SC,bombinhas,1935.41,15
sul,PR,goioere,1935.28,11
sul,PR,sao mateus do sul,1933.95,15
sudeste,MG,guanhaes,1931.45,18
sul,SC,campos novos,1929.69,14
sul,PR,palmas,1921.38,19
sul,RS,triunfo,1918.53,11
centro_oeste,MT,mirassol d'oeste,1912.02,14
centro_oeste,MS,navirai,1910.88,8
sudeste,SP,pompeia,1907.08,17
centro_oeste,GO,ceres,1905.47,7
sudeste,MG,igarape,1904.26,10
sudeste,MG,itanhandu,1899.98,14
nordeste,AL,maragogi,1897.05,5
sul,PR,pinhalao,1894.94,7
centro_oeste,GO,piracanjuba,1893.26,10
nordeste,BA,caetite,1892.3,10
sudeste,ES,santa maria de jetiba,1888.97,15
sudeste,SP,santo anastacio,1884.6,17
nordeste,PE,parnamirim,1884.22,4
sudeste,SP,auriflama,1871.66,10
centro_oeste,MT,paranaita,1858.75,4
sul,RS,eldorado do sul,1853.48,15
sudeste,SP,morro agudo,1850.95,10
sul,PR,jandaia do sul,1839.25,8
sudeste,MG,campo belo,1836.34,21
centro_oeste,GO,porangatu,1828.15,13
sul,PR,guaratuba,1821.88,9
sudeste,SP,cajati,1821.32,16
sudeste,SP,santa rosa de viterbo,1818.22,14
nordeste,PB,cajazeiras,1818.16,11
nordeste,BA,santo amaro,1805.93,10
nordeste,MA,timon,1802.69,15
norte,RO,cacoal,1801.47,12
norte,TO,paraiso do tocantins,1799.04,10
sul,PR,mariental,1799.0,1
sudeste,MG,eloi mendes,1795.39,10
sul,PR,mangueirinha,1794.67,9
nordeste,MA,caxias,1790.55,16
sudeste,SP,nova granada,1790.33,19
sudeste,SP,osvaldo cruz,1786.46,16
sudeste,MG,esmeraldas,1780.97,14
sudeste,MG,iturama,1772.55,15
sudeste,SP,fartura,1771.41,10
sudeste,MG,caxambu,1770.63,17
sul,PR,ampere,1769.67,9
sudeste,SP,pariquera-acu,1765.1,15
sul,PR,quatro barras,1763.66,18
sudeste,SP,palmital,1760.16,18
sudeste,SP,itatinga,1760.15,4
sudeste,ES,itaguacu,1758.03,7
sudeste,SP,itai,1757.58,10
sudeste,MG,buritis,1756.22,14
sul,PR,cafelandia,1755.11,12
sul,RS,santa vitoria do palmar,1750.75,12
sul,RS,parobe,1750.48,12
centro_oeste,GO,uruacu,1750.02,17
nordeste,PE,sanharo,1748.0,3
sudeste,MG,passa quatro,1746.56,10
centro_oeste,GO,niquelandia,1745.59,14
centro_oeste,GO,santa fe de goias,1737.69,4
nordeste,CE,beberibe,1736.7,3
sudeste,MG,abaete,1732.81,12
sul,SC,mafra,1732.23,26
nordeste,BA,irece,1729.52,13
sul,PR,bandeirantes,1728.2,13
sudeste,MG,lagoa da prata,1725.39,11
sul,RS,charqueadas,1721.41,17
sudeste,RJ,itaocara,1720.65,16
nordeste,PB,esperanca,1720.38,6
sul,SC,xaxim,1718.58,10
sul,RS,camaqua,1716.75,13
nordeste,BA,santa maria da vitoria,1710.55,13
norte,PA,ourilandia do norte,1710.08,5
sudeste,MG,itamarandiba,1706.99,8
sul,PR,loanda,1704.36,13
nordeste,PE,belo jardim,1698.13,12
nordeste,CE,camocim,1686.29,8
sudeste,MG,santana do jacare,1685.79,4
sul,SC,barra velha,1684.01,15
sudeste,SP,paraibuna,1680.89,11
sul,SC,morro da fumaca,1676.0,7
sul,SC,sao joao batista,1675.22,10
sudeste,RJ,conceicao de macabu,1668.47,13
sudeste,MG,leopoldina,1667.77,17
sul,PR,jaguariaiva,1665.58,18
sudeste,MG,sao joaquim de bicas,1663.28,8
nordeste,BA,esplanada,1660.9,5
nordeste,PE,gameleira,1657.98,4
sudeste,SP,itajobi,1653.95,10
sudeste,SP,ibate,1652.59,13
sudeste,MG,mantena,1652.22,11
sul,SC,sao francisco do sul,1648.08,17
sudeste,RJ,miracema,1643.24,19
sudeste,MG,carmo do rio claro,1642.42,9
sudeste,SP,pedregulho,1639.2,3
sudeste,MG,carmo do cajuru,1638.44,10
nordeste,PE,catende,1630.18,7
sudeste,MG,carmopolis de minas,1629.78,5
sudeste,SP,caconde,1628.19,10
nordeste,PE,bom conselho,1624.93,7
sul,RS,taquari,1619.28,11
sudeste,MG,bocaiuva,1618.27,13
sul,RS,lagoa vermelha,1616.25,14
centro_oeste,MS,paranaiba,1616.23,15
sudeste,RJ,santo amaro de campos,1611.78,6
sudeste,SP,santa adelia,1609.65,15
sudeste,SP,bom jesus dos perdoes,1608.73,17
sudeste,SP,guariba,1608.43,14
nordeste,PE,ipojuca,1605.2,17
sul,PR,piraquara,1604.51,14
norte,PA,jacunda,1601.71,6
sudeste,ES,castelo,1600.8,18
sudeste,SP,jardinopolis,1600.05,13
nordeste,MA,loreto,1599.99,1
centro_oeste,MS,coxim,1598.75,11
sul,RS,crissiumal,1589.0,2
nordeste,MA,vitorino freire,1588.0,3
sudeste,ES,montanha,1586.54,10
sul,RS,cangucu,1584.98,14
sudeste,SP,pirajui,1583.52,12
sul,PR,nova esperanca,1579.78,8
norte,TO,porto nacional,1577.68,8
nordeste,PB,pombal,1577.5,6
sudeste,SP,candido mota,1573.29,16
nordeste,PI,sao joao do piaui,1571.79,6
centro_oeste,MS,chapadao do sul,1569.79,14
sudeste,ES,afonso claudio,1568.77,11
norte,PA,canaa dos carajas,1565.93,9
centro_oeste,GO,minacu,1561.62,11
sul,RS,palmeira das missoes,1559.51,16
centro_oeste,MS,sidrolandia,1557.76,11
sudeste,MG,visconde do rio branco,1557.34,18
centro_oeste,MT,pontes e lacerda,1556.77,9
sudeste,SP,reginopolis,1552.99,3
sudeste,MG,vazante,1549.63,6
nordeste,CE,ipueiras,1547.29,3
nordeste,MA,nova olinda do maranhao,1546.4,4
sul,RS,ronda alta,1544.33,6
nordeste,CE,campos sales,1543.9,4
sudeste,MG,conceicao das alagoas,1542.4,3
nordeste,PB,santa rita,1541.65,7
sudeste,MG,boa esperanca,1539.82,11
norte,RO,costa marques,1534.9,2
sul,RS,toropi,1529.9,3
nordeste,CE,brejo santo,1529.86,10
sudeste,RJ,itatiaia,1526.46,18
sudeste,MG,periquito,1526.0,2
centro_oeste,MS,cassilandia,1524.5,5
nordeste,PE,petrolandia,1520.49,9
sudeste,ES,ibatiba,1518.78,9
sudeste,SP,embu,1517.88,11
sul,RS,mostardas,1517.83,11
sudeste,SP,tambau,1513.43,19
sul,SC,faxinal dos guedes,1512.73,11
sudeste,MG,mata verde,1512.53,6
sudeste,SP,aracoiaba da serra,1511.57,11
nordeste,BA,camamu,1506.82,9
sudeste,MG,lambari,1506.47,8
sudeste,SP,pacaembu,1505.29,6
nordeste,CE,nova russas,1504.94,7
sudeste,MG,entre rios de minas,1503.86,7
sul,SC,imbuia,1501.88,4
sul,SC,balneario picarras,1501.81,9
centro_oeste,GO,santa helena de goias,1499.73,9
sudeste,RJ,sao francisco de itabapoana,1497.76,15
norte,TO,alvorada,1494.47,6
sul,RS,teutonia,1493.6,14
sudeste,RJ,carmo,1493.19,13
nordeste,CE,nova olinda,1490.8,3
nordeste,PI,corrente,1489.9,4
norte,PA,quatro bocas,1486.99,5
nordeste,BA,catu,1486.97,10
sudeste,SP,jose bonifacio,1486.34,12
sudeste,RJ,porto real,1484.6,7
nordeste,BA,pojuca,1481.09,13
nordeste,CE,cruz,1480.58,7
centro_oeste,GO,morrinhos,1479.79,14
sul,PR,siqueira campos,1478.08,9
centro_oeste,GO,quirinopolis,1475.95,14
sudeste,MG,piranguinho,1475.65,9
nordeste,BA,itamaraju,1474.13,12
sul,SC,garuva,1467.38,5
sudeste,RJ,aperibe,1464.94,12
sul,RS,chapada,1463.19,4
nordeste,RN,currais novos,1462.79,8
sul,PR,andira,1462.18,11
sul,RS,dom pedrito,1461.93,10
sul,SC,correia pinto,1454.23,11
sudeste,MG,paraguacu,1452.85,12
sudeste,MG,buenopolis,1450.38,5
sudeste,SP,jarinu,1450.38,19
nordeste,BA,ibitita,1450.0,1
sul,SC,lauro muller,1449.57,8
nordeste,MA,sao jose de ribamar,1444.82,14
sul,RS,flores da cunha,1439.45,12
nordeste,CE,limoeiro do norte,1436.57,12
centro_oeste,MS,fatima do sul,1436.29,4
sudeste,ES,marilandia,1436.07,8
sudeste,SP,altinopolis,1428.8,4
sul,RS,arroio do meio,1425.21,10
norte,PA,redencao,1423.25,12
nordeste,PB,queimadas,1422.9,5
centro_oeste,MT,itauba,1420.98,5
nordeste,BA,buerarema,1420.8,4
sul,RS,torres,1416.23,17
sudeste,MG,nova ponte,1409.49,9
sudeste,MG,baependi,1409.04,8
sul,SC,orleans,1408.59,8
sudeste,ES,sao gabriel da palha,1406.8,13
sudeste,SP,tanabi,1404.39,11
sudeste,RJ,boa esperanca,1399.99,1
sudeste,SP,bastos,1399.6,17
sudeste,ES,baixo guandu,1399.1,8
sul,RS,campinas do sul,1398.89,6
nordeste,BA,formosa do rio preto,1398.13,3
sudeste,MG,mutum,1397.94,8
sudeste,SP,bocaina,1391.9,6
sudeste,MG,bonfinopolis de minas,1387.2,2
norte,PA,sao felix do xingu,1382.7,8
nordeste,BA,mata de sao joao,1382.55,12
sudeste,SP,biritiba-mirim,1381.72,10
nordeste,PE,barreiros,1381.16,6
nordeste,RN,joao camara,1379.8,2
sul,RS,bom retiro do sul,1379.0,2
sul,SC,guaramirim,1377.08,13
nordeste,CE,santana do acarau,1376.89,4
centro_oeste,GO,senador canedo,1375.57,16
sudeste,MG,jequitinhonha,1372.37,11
sudeste,SP,divinolandia,1370.68,7
sudeste,ES,vila valerio,1369.4,8
centro_oeste,GO,alto paraiso de goias,1367.34,9
sudeste,MG,ibia,1367.29,8
sudeste,SP,itabera,1366.14,7
nordeste,CE,acarau,1364.96,8
sudeste,MG,itapecerica,1363.28,13
sudeste,MG,aracuai,1362.98,9
sudeste,MG,corinto,1362.86,11
sudeste,SP,pitangueiras,1362.62,16
sudeste,SP,iguape,1359.57,14
sul,PR,jacarezinho,1356.86,17
sudeste,MG,malacacheta,1355.65,7
sul,RS,campestre da serra,1348.99,2
nordeste,PE,afogados da ingazeira,1345.98,8
nordeste,PI,altos,1345.39,5
nordeste,RN,upanema,1343.6,3
sudeste,MG,aguas formosas,1341.7,5
nordeste,CE,itapipoca,1341.08,11
nordeste,PB,pirpirituba,1340.0,1
sudeste,MG,divino,1338.49,14
sudeste,SP,cordeiropolis,1338.05,16
nordeste,PE,bezerros,1337.29,11
sul,RS,girua,1335.28,10
nordeste,MA,sao joao dos patos,1333.08,7
sudeste,MG,tupaciguara,1331.21,13
nordeste,PE,sao bento do una,1328.39,4
sul,RS,casca,1326.27,7
sudeste,MG,ipaba,1324.5,7
sudeste,SP,tabapua,1322.96,12
centro_oeste,GO,sao miguel do araguaia,1321.15,5
sul,SC,apiuna,1320.6,7
sudeste,SP,pirapozinho,1319.37,14
sudeste,MG,conceicao do mato dentro,1317.91,12
nordeste,PI,guadalupe,1313.7,4
sul,SC,itaiopolis,1313.59,8
sudeste,SP,sao miguel arcanjo,1311.09,13
centro_oeste,MS,caarapo,1310.49,4
sul,SC,pomerode,1310.36,8
nordeste,PI,fronteiras,1308.8,3
sudeste,MG,dores de campos,1308.14,8
sudeste,SP,itapui,1307.09,7
sul,PR,ibipora,1303.38,12
nordeste,CE,barbalha,1302.98,6
sudeste,SP,pinhalzinho,1300.42,12
sudeste,MG,barra longa,1300.0,1
sudeste,SP,barao ataliba nogueira,1300.0,1
nordeste,BA,tapiramuta,1298.99,2
sudeste,SP,sao simao,1297.89,10
centro_oeste,GO,neropolis,1297.22,7
sudeste,MG,simonesia,1295.88,8
nordeste,CE,morada nova,1295.28,9
sudeste,MG,astolfo dutra,1294.52,11
sudeste,MG,barroso,1289.96,11
nordeste,BA,alcobaca,1289.78,4
sul,PR,sao miguel do iguacu,1288.2,10
sudeste,RJ,italva,1285.99,14
centro_oeste,GO,sao luis de montes belos,1284.37,8
sudeste,ES,jaguare,1283.85,14
norte,PA,xinguara,1282.22,9
sudeste,SP,mirandopolis,1274.99,13
sul,RS,tres passos,1270.21,11
sudeste,SP,agudos,1265.3,16
sul,PR,realeza,1264.26,6
nordeste,CE,pacajus,1262.59,6
sudeste,SP,casa branca,1261.58,13
sul,SC,gravatal,1260.27,6
sudeste,SP,teodoro sampaio,1259.77,12
sudeste,SP,itariri,1259.32,6
sudeste,SP,balsamo,1257.23,6
sudeste,SP,duartina,1252.67,10
sudeste,MG,sao goncalo do sapucai,1252.4,9
sudeste,SP,aluminio,1252.15,13
sudeste,SP,iracemapolis,1251.88,18
sudeste,MG,areado,1246.69,6
centro_oeste,GO,campinorte,1244.69,7
norte,RO,pimenta bueno,1243.79,7
nordeste,BA,vera cruz,1243.52,7
norte,PA,sao miguel do guama,1240.79,5
sudeste,RJ,mendes,1240.75,12
sudeste,MG,botelhos,1240.01,8
nordeste,AL,penedo,1239.87,8
nordeste,PE,sao lourenco da mata,1239.86,12
nordeste,PB,guarabira,1239.68,10
nordeste,PE,bonito,1235.79,5
sudeste,SP,ouroeste,1235.19,11
sul,RS,ivoti,1235.11,13
norte,PA,marituba,1235.09,15
nordeste,RN,parelhas,1233.89,4
sudeste,SP,dois corregos,1233.69,11
sudeste,SP,descalvado,1231.74,13
nordeste,PE,saloa,1231.0,3
sul,RS,nova prata,1230.94,16
sudeste,MG,turmalina,1229.69,9
nordeste,PE,venturosa,1228.9,2
sudeste,SP,ipaussu,1228.72,7
sudeste,MG,sao joao evangelista,1227.66,7
nordeste,MA,santa ines,1226.88,12
sul,SC,sombrio,1225.82,11
centro_oeste,MT,canarana,1223.73,11
nordeste,AL,coruripe,1222.3,3
sul,SC,capinzal,1220.55,10
sul,PR,primeiro de maio,1216.67,7
nordeste,BA,candeias,1214.17,13
nordeste,PB,cabedelo,1213.95,7
sudeste,SP,conchas,1213.02,10
centro_oeste,GO,silvania,1208.79,7
nordeste,PE,palmares,1206.82,8
norte,AP,santana,1202.64,9
nordeste,BA,coaraci,1201.88,4
sul,PR,assis chateaubriand,1200.31,12
norte,RO,alto paraiso,1200.0,1
sudeste,SP,pirangi,1199.99,8
centro_oeste,MT,bom jesus do araguaia,1199.9,1
nordeste,PB,passagem,1199.0,1
nordeste,BA,riacho de santana,1194.7,4
sudeste,SP,santa gertrudes,1194.21,11
sudeste,MG,sao francisco,1193.62,12
sudeste,MG,rio pomba,1192.86,6
sudeste,RJ,sao jose do vale do rio preto,1192.21,12
norte,PA,santana do araguaia,1190.8,3
norte,AM,coari,1190.65,1
sudeste,SP,guararema,1189.56,11
sudeste,ES,domingos martins,1188.3,9
nordeste,CE,ubajara,1178.9,3
sudeste,SP,parapua,1178.4,8
sul,RS,igrejinha,1173.03,17
sul,SC,schroeder,1168.69,9
sul,RS,tapejara,1165.13,9
sul,RS,santo augusto,1165.08,9
nordeste,MA,cedral,1164.9,3
sudeste,SP,saltinho,1164.79,5
sudeste,MG,perdizes,1163.31,8
nordeste,PB,brejo do cruz,1160.0,1
norte,TO,guarai,1156.6,4
nordeste,CE,jaguaruana,1155.15,4
sul,RS,itaqui,1154.38,9
sul,PR,campina grande do sul,1152.47,10
sudeste,RJ,areal,1152.18,7
sudeste,SP,sao lourenco da serra,1151.95,12
sul,RS,espumoso,1151.71,6
norte,PA,tucuma,1150.25,4
sudeste,SP,urupes,1150.14,10
sudeste,SP,salesopolis,1146.52,10
sudeste,MG,arapora,1144.38,5
norte,PA,conceicao do araguaia,1143.89,7
sul,SC,forquilhinha,1143.85,13
sudeste,MG,carandai,1143.5,11
nordeste,CE,quixere,1143.3,3
centro_oeste,GO,uruana,1142.29,3
sul,PR,santo antonio da platina,1140.61,12
sul,RS,terra de areia,1137.29,5
sul,SC,celso ramos,1136.79,2
nordeste,BA,catu de abrantes,1135.99,2
nordeste,BA,camacan,1134.67,6
nordeste,PE,tabira,1131.87,6
nordeste,CE,jijoca de jericoacoara,1130.9,4
sudeste,SP,salto de pirapora,1130.59,13
sudeste,SP,santo antonio do pinhal,1128.9,2
nordeste,MA,colinas,1128.87,3
sudeste,RJ,papucaia,1126.77,10
nordeste,BA,casa nova,1126.19,6
nordeste,AL,delmiro gouveia,1125.8,4
centro_oeste,MT,aripuana,1124.78,8
sudeste,SP,charqueada,1122.67,10
sul,SC,rio negrinho,1121.19,13
sul,SC,sao joaquim,1118.98,9
nordeste,BA,inhambupe,1117.78,7
sudeste,ES,santa teresa,1117.36,10
sudeste,RJ,goitacazes,1116.34,11
sudeste,MG,raul soares,1115.51,12
sudeste,SP,maracai,1114.58,8
sul,RS,butia,1112.69,6
sudeste,MG,monte belo,1109.78,5
centro_oeste,GO,chapadao do ceu,1108.57,8
sul,RS,nova roma do sul,1106.99,1
nordeste,PI,cocal,1106.77,8
sul,SC,herval d'oeste,1106.74,9
nordeste,CE,redencao,1104.68,4
nordeste,BA,entre rios,1103.4,6
nordeste,RN,caicara do norte,1099.0,1
sudeste,SP,santo antonio do aracangua,1099.0,1
sudeste,SP,guarei,1098.29,5
sudeste,ES,boa esperanca,1097.58,7
sudeste,SP,pontal,1097.38,12
sudeste,SP,guara,1093.7,8
nordeste,CE,reriutaba,1093.32,3
nordeste,BA,prado,1090.79,5
sudeste,SP,engenheiro coelho,1089.47,13
nordeste,BA,itaberaba,1089.16,10
centro_oeste,GO,goianapolis,1086.98,4
sudeste,MG,sao jose da lapa,1086.58,8
centro_oeste,MT,alto araguaia,1085.73,5
sul,PR,pontal do parana,1084.26,8
centro_oeste,GO,goias,1084.21,8
norte,PA,barcarena,1084.17,6
norte,PA,braganca,1083.96,9
sudeste,MG,cristina,1079.32,8
sudeste,MG,ervalia,1076.83,7
sudeste,SP,brotas,1073.08,12
nordeste,PE,toritama,1072.79,5
sudeste,ES,fundao,1072.68,5
sul,RS,capao do leao,1072.25,4
centro_oeste,GO,acreuna,1070.43,7
sudeste,SP,pauliceia,1070.27,3
centro_oeste,MT,confresa,1065.65,7
sudeste,RJ,sumidouro,1060.68,10
nordeste,RN,caraubas,1059.29,3
sudeste,SP,patrocinio paulista,1059.2,2
sul,PR,ibaiti,1057.36,11
sudeste,MG,pompeu,1055.18,11
sul,RS,frederico westphalen,1053.45,14
sudeste,MG,catas altas,1052.85,5
nordeste,AL,santana do mundau,1052.8,3
sudeste,SP,vera cruz,1052.17,10
sul,PR,itapejara d'oeste,1049.9,6
sul,PR,nova prata do iguacu,1049.78,6
sul,PR,godoy moreira,1049.0,1
sudeste,RJ,santa maria madalena,1046.09,7
sudeste,MG,prata,1044.58,10
sul,RS,rolante,1044.15,10
centro_oeste,MS,costa rica,1043.66,12
nordeste,PI,valenca do piaui,1043.0,4
sudeste,SP,rio das pedras,1042.64,11
nordeste,PB,sousa,1042.59,7
sudeste,MG,capinopolis,1042.18,11
nordeste,PB,alhandra,1037.0,2
nordeste,CE,cascavel,1035.66,5
sul,RS,arroio dos ratos,1034.18,9
centro_oeste,GO,rubiataba,1034.09,7
sudeste,SP,aguas da prata,1028.28,10
sul,SC,ibirama,1026.5,13
sul,RS,jaguarao,1025.29,8
sudeste,SP,sao sebastiao da grama,1024.79,4
sudeste,ES,pinheiros,1024.32,8
sudeste,SP,buritama,1024.24,9
sul,PR,colorado,1022.78,6
sudeste,SP,brodowski,1020.54,10
sudeste,SP,cajobi,1018.43,8
nordeste,PE,lagoa grande,1018.36,4
sudeste,RJ,japuiba,1017.58,5
sudeste,SP,oriente,1017.27,3
sul,RS,garibaldi,1014.8,9
sudeste,MG,mar de espanha,1014.72,9
norte,PA,picarra,1014.6,1
sul,RS,xangri-la,1013.58,8
centro_oeste,GO,itaberai,1012.08,6
sudeste,MG,raposos,1009.52,11
sul,RS,bom principio,1003.11,6
centro_oeste,GO,serranopolis,1002.88,3
nordeste,MA,pedreiras,1002.69,3
sudeste,SP,pilar do sul,1002.36,12
nordeste,RN,macau,998.88,5
nordeste,BA,conceicao do coite,997.89,9
sudeste,SP,taruma,997.72,9
sudeste,SP,primavera,996.78,9
nordeste,PI,campo maior,993.66,7
sul,PR,ortigueira,993.29,8
sul,SC,araquari,993.25,11
centro_oeste,MS,bonito,991.47,8
nordeste,PE,lajedo,988.09,7
sudeste,MG,sarzedo,987.93,18
sudeste,MG,sao jose da barra,987.14,6
norte,RO,extrema,985.8,4
centro_oeste,GO,cacu,982.68,8
nordeste,BA,seabra,982.5,6
sudeste,SP,tarabai,982.35,5
sudeste,SP,luis antonio,980.08,7
nordeste,AL,inhapi,979.9,2
nordeste,BA,santo estevao,979.81,5
sudeste,RJ,mangaratiba,974.84,12
sudeste,SP,cosmorama,973.98,6
sudeste,MG,eugenopolis,973.87,5
centro_oeste,MS,rio brilhante,972.28,11
sudeste,ES,sao jose do calcado,970.18,6
nordeste,PE,lagoa dos gatos,969.99,3
nordeste,PB,mamanguape,969.75,6
sul,PR,arapoti,966.97,9
sudeste,MG,fervedouro,965.76,8
centro_oeste,MT,sapezal,964.82,8
sudeste,SP,estiva gerbi,964.26,7
norte,PA,uruara,962.4,6
sudeste,SP,lucelia,961.35,12
sul,SC,piratuba,958.98,6
norte,AC,cruzeiro do sul,957.79,3
sul,RS,nova santa rita,954.78,5
sul,PR,munhoz de melo,953.89,4
nordeste,CE,hidrolandia,953.77,7
sudeste,MG,aimores,951.37,10
centro_oeste,GO,abadiania,949.99,1
sudeste,MG,fronteira,949.66,6
norte,TO,cristalandia,948.69,3
sudeste,SP,monte aprazivel,948.11,10
nordeste,PE,dormentes,946.8,2
sul,SC,benedito novo,945.74,6
sudeste,SP,cardoso,944.81,6
nordeste,PE,condado,944.8,4
sul,PR,paicandu,943.16,10
sul,SC,palma sola,938.8,4
sudeste,SP,buri,938.32,10
nordeste,MA,acailandia,937.79,7
sudeste,MG,gouveia,936.96,4
sudeste,RJ,porciuncula,936.88,8
nordeste,SE,sao francisco,934.9,3
centro_oeste,MT,campos de julio,934.8,6
sudeste,MG,poco fundo,933.99,8
sul,SC,canelinha,933.94,4
sul,RS,rosario do sul,933.25,14
nordeste,CE,taua,933.13,10
norte,PA,concordia do para,929.78,3
sul,PR,figueira,928.78,4
centro_oeste,GO,bom jesus,928.27,8
sudeste,SP,itaju,927.8,3
sudeste,SP,chavantes,926.52,12
nordeste,PI,bom jesus,925.1,4
sudeste,MG,arceburgo,924.14,7
nordeste,BA,jeremoabo,922.08,6
nordeste,PE,cabrobo,921.79,6
sudeste,SP,dourado,920.43,8
sul,PR,pinhao,920.28,8
sudeste,SP,holambra ii,919.68,5
nordeste,AL,campo alegre,919.1,2
sul,RS,arroio do sal,918.97,7
sudeste,RJ,varre-sai,918.9,4
sul,PR,sertanopolis,918.8,4
sudeste,SP,serrana,917.9,13
nordeste,CE,morrinhos,917.8,4
sul,SC,otacilio costa,913.29,5
nordeste,BA,mairi,913.0,2
nordeste,BA,jacaraci,911.79,4
sul,SC,sao lourenco do oeste,911.37,10
sudeste,SP,julio mesquita,909.99,2
sudeste,SP,guapiacu,906.98,6
sul,RS,encruzilhada do sul,903.99,8
sudeste,ES,alfredo chaves,902.71,7
centro_oeste,GO,itaja,902.0,3
sudeste,SP,pradopolis,901.0,10
sul,RS,candido godoi,900.0,1
nordeste,CE,bela cruz,899.9,4
sudeste,MG,grao mogol,899.8,3
sul,RS,balneario pinhal,898.57,7
sudeste,MG,borda da mata,897.53,6
sudeste,SP,regente feijo,897.01,10
sudeste,SP,areiopolis,896.49,3
centro_oeste,GO,crixas,893.68,8
sul,SC,urussanga,893.68,10
nordeste,PB,juru,890.0,1
nordeste,MA,barra do corda,889.89,7
sudeste,SP,irapuru,889.48,6
sudeste,MG,candeias,888.29,10
sudeste,SP,lutecia,887.0,1
centro_oeste,GO,itaguari,887.0,1
sudeste,MG,jordania,886.25,5
sudeste,SP,icem,885.97,9
sudeste,SP,urania,885.72,4
sul,SC,treze tilias,885.66,11
sudeste,MG,itamonte,883.15,10
sudeste,MG,pecanha,882.7,5
sudeste,SP,sao luis do paraitinga,882.49,3
sudeste,ES,ecoporanga,881.92,8
sudeste,MG,virginopolis,881.64,8
sudeste,SP,taiuva,881.54,5
sudeste,MG,mirai,880.81,9
sudeste,MG,paraopeba,880.67,9
nordeste,PE,paudalho,878.9,2
sul,PR,santa fe,877.8,5
sul,SC,capivari de baixo,876.89,5
nordeste,MA,lago da pedra,875.27,6
sudeste,ES,sao domingos do norte,874.4,7
nordeste,MA,coroata,873.48,9
nordeste,BA,macaubas,873.37,9
sul,PR,palotina,872.76,10
sul,PR,sao joao,872.09,11
sudeste,RJ,california da barra,871.97,6
centro_oeste,MT,matupa,871.17,7
sul,SC,nova trento,870.6,6
sudeste,MG,monte santo de minas,869.28,9
sudeste,MG,itaobim,866.91,6
sudeste,MG,bom jardim de minas,866.87,8
centro_oeste,GO,santo antonio do descoberto,866.26,5
sudeste,MG,conceicao da aparecida,866.08,5
sudeste,SP,vargem grande do sul,864.6,13
sudeste,RJ,conservatoria,864.09,4
sudeste,SP,miracatu,863.99,5
sul,PR,cambara,863.17,10
nordeste,PI,paulistana,862.67,3
norte,PA,goianesia do para,861.99,3
sul,PR,assai,861.57,5
sul,SC,sao joao do sul,861.0,2
nordeste,BA,barra da estiva,860.57,7
sul,RS,cacapava do sul,859.99,5
nordeste,CE,quixeramobim,859.79,6
nordeste,RN,sao goncalo do amarante,859.78,7
sul,RS,nao-me-toque,859.68,7
sul,PR,coronel vivida,856.87,11
sudeste,MG,bom sucesso,856.69,4
sul,SC,porto belo,856.32,9
sul,SC,santa cecilia,856.22,6
sudeste,MG,brazopolis,856.13,6
centro_oeste,GO,goianira,853.81,8
centro_oeste,GO,planaltina,849.84,12
nordeste,CE,santa quiteria,849.67,5
sul,SC,itapoa,849.67,9
sul,SC,rodeio,849.66,7
sul,PR,faxinal,848.05,9
centro_oeste,GO,iaciara,846.99,4
nordeste,RN,sao miguel,846.86,4
sul,PR,colonia jordaozinho,843.4,2
centro_oeste,GO,inaciolandia,842.99,3
sudeste,SP,borborema,842.95,9
sul,PR,quedas do iguacu,842.25,8
nordeste,BA,itacare,841.39,8
sudeste,MG,tres marias,840.44,13
centro_oeste,MT,barra do bugres,840.25,4
nordeste,CE,santana do cariri,839.8,3
sul,PR,prudentopolis,839.09,7
sudeste,MG,serro,837.89,2
sudeste,SP,boa esperanca do sul,836.9,11
sudeste,MG,alpinopolis,836.68,7
nordeste,BA,queimadas,834.45,4
sudeste,SP,capela do alto,833.99,3
sudeste,RJ,arrozal,833.89,3
sudeste,SP,pedro de toledo,833.11,9
sudeste,MG,formoso,828.99,2
sudeste,MG,cachoeira do campo,828.99,2
centro_oeste,GO,itapuranga,828.78,7
nordeste,SE,simao dias,828.48,7
nordeste,CE,lavras da mangabeira,827.88,2
centro_oeste,MS,dois irmaos do buriti,826.9,3
sudeste,MG,conceicao do rio verde,825.89,5
sul,RS,campos borges,825.89,3
sul,PR,cruzeiro do oeste,825.39,7
sudeste,SP,joanopolis,824.6,6
sul,PR,colonia castrolanda,824.03,3
sudeste,SP,potirendaba,823.32,9
norte,TO,dianopolis,822.95,7
sudeste,SP,nuporanga,821.8,3
nordeste,RN,sao jose de mipibu,821.69,3
sul,PR,guaira,820.48,7
sul,SC,bom jesus,819.89,2
nordeste,BA,conde,819.0,2
sudeste,SP,angatuba,818.75,8
sul,RS,chui,818.7,5
centro_oeste,GO,mambai,816.99,2
sul,SC,pinhalzinho,816.86,9
sul,RS,sao marcos,816.42,9
sudeste,SP,nazare paulista,815.64,7
sudeste,MG,rio manso,815.56,5
sul,RS,serafina correa,813.66,9
nordeste,AL,sao miguel dos campos,813.36,2
sudeste,SP,jacare,810.04,8
sudeste,SP,murutinga do sul,809.0,2
sudeste,SP,ibira,808.73,7
nordeste,PB,bayeux,808.05,7
sudeste,MG,alvinopolis,807.06,11
centro_oeste,GO,mozarlandia,806.4,7
sudeste,MG,novo cruzeiro,805.78,9
sudeste,MG,guaranesia,805.58,9
sul,RS,candiota,802.7,4
sudeste,MG,sao goncalo do rio abaixo,802.2,6
centro_oeste,GO,santa rita do araguaia,800.25,7
nordeste,BA,canavieiras,799.8,6
norte,TO,sandolandia,799.0,1
nordeste,BA,barra do choca,799.0,3
sul,PR,cidade gaucha,798.39,5
sul,RS,tapes,797.35,6
nordeste,BA,arataca,795.0,1
sul,SC,alfredo wagner,794.8,2
sudeste,SP,igarapava,791.09,7
nordeste,PI,regeneracao,790.97,6
sudeste,ES,itarana,789.37,3
nordeste,CE,sao benedito,789.19,4
centro_oeste,GO,campos belos,788.07,7
sul,RS,julio de castilhos,787.54,10
sudeste,SP,echapora,787.47,2
nordeste,BA,ipiau,787.21,8
sul,PR,mallet,786.65,6
sudeste,SP,jacupiranga,785.8,5
sul,SC,laurentino,782.41,5
centro_oeste,MT,campo verde,781.38,10
sul,PR,mambore,780.24,8
sudeste,MG,datas,780.0,1
nordeste,RN,santana do serido,779.7,2
nordeste,BA,arraial d'ajuda,779.42,8
nordeste,MA,icatu,778.0,1
nordeste,MA,alto parnaiba,777.79,5
sudeste,MG,tarumirim,775.49,4
sudeste,RJ,trajano de moraes,775.18,8
sul,RS,tres coroas,774.37,6
sul,RS,portao,772.15,10
sudeste,SP,piquete,771.09,9
sudeste,SP,paraiso,770.78,5
nordeste,PE,aguas belas,769.87,6
sudeste,MG,jaboticatubas,767.3,1
sudeste,SP,guaicara,767.23,8
nordeste,BA,cansancao,766.96,7
sul,PR,salto do lontra,766.49,4
nordeste,MA,paco do lumiar,766.38,7
sudeste,MG,lima duarte,764.88,6
nordeste,AL,palmeira dos indios,764.51,7
sudeste,SP,igarata,764.09,5
sudeste,MG,sao pedro dos ferros,763.79,4
sudeste,SP,santa branca,763.76,9
nordeste,PE,moreno,763.5,5
sul,PR,morretes,762.98,4
nordeste,PI,amarante,760.0,1
sudeste,SP,aracariguama,759.75,10
sul,PR,jaguapita,759.05,1
centro_oeste,GO,guapo,757.89,6
sudeste,SP,avanhandava,757.68,7
sul,SC,sao joao do itaperiu,755.99,1
sudeste,MG,carbonita,755.87,4
sul,PR,carlopolis,755.4,6
centro_oeste,MT,chapada dos guimaraes,754.8,4
nordeste,BA,trancoso,754.2,6
sudeste,MG,arinos,752.07,8
centro_oeste,MT,alto taquari,750.88,3
sudeste,MG,matozinhos,750.65,12
sul,SC,ilhota,749.14,4
nordeste,CE,varjota,748.97,4
nordeste,BA,tucano,748.69,8
nordeste,BA,sao felipe,747.9,2
nordeste,PE,lagoa do carro,746.77,2
sul,RS,getulio vargas,746.61,8
sudeste,MG,santa rita de caldas,746.28,6
nordeste,SE,sao cristovao,745.69,8
sudeste,ES,mimoso do sul,745.37,10
sudeste,MG,dores do indaia,744.57,7
sudeste,MG,pedralva,743.97,3
centro_oeste,GO,sao joao d'alianca,743.53,3
sul,PR,nova londrina,743.53,9
norte,PA,santa isabel do para,741.77,6
sul,PR,imbituva,740.67,8
sudeste,ES,barra de sao francisco,740.66,10
sudeste,RJ,santa isabel do rio preto,739.9,1
sudeste,MG,resplendor,739.06,10
sudeste,MG,virgem da lapa,737.9,3
sul,PR,porecatu,735.42,9
sudeste,MG,sao goncalo do para,734.9,3
nordeste,BA,itajuipe,734.49,3
sul,PR,corbelia,733.8,3
sudeste,RJ,vila muriqui,731.76,7
norte,TO,tocantinopolis,731.65,7
sul,SC,seara,730.85,6
nordeste,CE,solonopole,729.89,2
sul,PR,floresta,729.79,5
sudeste,SP,cafelandia,729.2,8
sul,RS,barros cassal,729.0,3
sudeste,SP,cananeia,727.66,8
sudeste,MG,bicas,727.65,7
sudeste,SP,ribeirao bonito,727.29,7
sudeste,ES,joao neiva,724.93,8
sudeste,SP,sabino,723.0,3
centro_oeste,MT,colniza,718.97,3
centro_oeste,GO,piranhas,718.79,4
nordeste,BA,boninal,717.7,2
sudeste,SP,bananal,716.65,6
sudeste,SP,dumont,714.7,4
sul,RS,cerro largo,712.87,7
sudeste,MG,piedade de caratinga,712.07,8
centro_oeste,MS,alcinopolis,711.16,6
sul,SC,vargem bonita,710.59,5
sudeste,SP,bilac,710.52,8
nordeste,MA,sao mateus do maranhao,710.2,3
sudeste,SP,juquia,710.08,9
centro_oeste,GO,santa cruz de goias,709.0,2
nordeste,MA,arari,708.8,2
nordeste,MA,maioba,708.79,3
nordeste,BA,urandi,707.94,2
sudeste,SP,taguai,707.34,10
nordeste,MA,sao bernardo,706.79,3
norte,RO,espigao do oeste,706.68,6
sul,PR,santa cruz de monte castelo,706.22,4
centro_oeste,GO,cidade ocidental,705.38,8
nordeste,BA,ubaira,704.79,6
sul,PR,peabiru,704.74,5
sul,RS,estacao,704.1,5
nordeste,BA,maracas,703.64,5
norte,TO,lagoa da confusao,699.99,5
sudeste,ES,bom jesus do norte,699.89,4
sul,RS,pejucara,699.65,4
nordeste,MA,matoes do norte,698.9,2
nordeste,AL,paulo jacinto,698.79,3
sul,PR,marmeleiro,698.44,7
sudeste,RJ,carapebus,696.97,5
nordeste,CE,guaiuba,695.0,2
sudeste,MG,conceicao do para,694.99,3
sul,RS,pedro osorio,692.45,3
nordeste,BA,morro de sao paulo,691.96,1
nordeste,BA,andorinha,691.1,5
sul,SC,catanduvas,690.79,6
sudeste,MG,divisa nova,689.9,1
nordeste,MA,cantanhede,689.0,1
sul,SC,guabiruba,688.78,5
nordeste,MA,ze doca,688.6,5
sul,RS,rio pardo,687.88,5
sudeste,SP,santa albertina,686.39,7
sul,PR,terra boa,683.79,4
sudeste,MG,jaiba,683.49,6
norte,TO,araguatins,681.98,5
sudeste,MG,tocantins,681.38,6
sudeste,MG,rio paranaiba,680.27,9
nordeste,PB,cuite,678.89,3
nordeste,BA,abrantes,678.0,2
nordeste,PE,tracunhaem,677.99,2
sul,RS,cacequi,676.99,4
sul,SC,rio do campo,674.95,4
sudeste,SP,taquarivai,674.89,3
sul,SC,sao ludgero,673.32,3
sudeste,MG,brasilia de minas,671.74,9
norte,RO,alta floresta d'oeste,669.89,3
sul,SC,papanduva,669.41,8
sudeste,SP,catigua,668.57,6
centro_oeste,MS,mundo novo,667.99,3
sul,SC,palmitos,667.9,5
nordeste,PE,pesqueira,667.79,9
nordeste,RN,itau,666.8,2
sudeste,MG,muzambinho,665.8,9
sudeste,MG,caetanopolis,664.57,8
nordeste,CE,jaguaribe,663.98,5
nordeste,BA,ruy barbosa,662.96,7
norte,PA,garrafao do norte,662.89,3
centro_oeste,GO,anicuns,661.93,8
norte,RO,jaru,660.59,6
nordeste,BA,medeiros neto,660.24,7
sudeste,MG,campina verde,659.48,10
sudeste,MG,morada nova de minas,658.89,3
sudeste,MG,marilac,657.8,1
sul,RS,cidreira,656.12,5
sudeste,SP,cabreuva,655.7,5
nordeste,BA,livramento de nossa senhora,655.54,5
sudeste,MG,jequeri,655.0,1
nordeste,BA,coribe,654.97,8
nordeste,PE,belem do sao francisco,654.5,2
sul,SC,presidente getulio,654.18,6
nordeste,BA,itirucu,653.28,3
nordeste,MA,grajau,652.79,5
sul,PR,guaraci,651.9,2
sudeste,MG,baldim,650.99,2
sul,SC,abelardo luz,649.8,5
nordeste,MA,santa helena,649.7,3
sudeste,RJ,sapucaia,648.74,5
nordeste,CE,acopiara,647.67,7
sudeste,MG,lagoa formosa,647.57,7
sul,RS,tres cachoeiras,646.27,7
sul,SC,cunha pora,645.42,5
nordeste,CE,caninde,645.38,6
sul,PR,terra rica,644.67,7
sudeste,MG,frei inocencio,644.29,5
sudeste,MG,carmo de minas,643.96,3
sudeste,SP,cajuru,643.76,9
nordeste,MA,buriticupu,640.77,5
nordeste,MA,esperantinopolis,640.61,3
sudeste,SP,salto grande,640.0,1
sudeste,SP,maristela,639.32,4
nordeste,PI,urucui,638.97,4
sudeste,MG,jequitiba,636.9,2
norte,TO,miranorte,635.9,2
sul,PR,itaperucu,635.84,4
sudeste,SP,nova europa,634.44,8
nordeste,BA,madre de deus,633.32,7
nordeste,RN,jucurutu,632.98,4
sudeste,MG,conceicao dos ouros,632.78,4
centro_oeste,MS,juti,631.79,4
sul,PR,manoel ribas,631.65,4
sudeste,SP,sao bento do sapucai,630.54,7
sudeste,SP,nhandeara,630.26,8
nordeste,MA,cururupu,629.26,3
nordeste,PE,iati,628.99,3
sul,PR,santa helena,628.15,9
sul,RS,morro reuter,627.34,3
sul,SC,palmeira,626.9,3
nordeste,MA,viana,622.97,5
nordeste,CE,alto santo,622.89,3
nordeste,CE,barro,621.89,4
centro_oeste,MS,camapua,621.29,6
sudeste,MG,belo oriente,620.39,5
sul,PR,perola d'oeste,619.9,2
sudeste,MG,monte azul,619.9,5
nordeste,BA,itororo,619.2,2
sul,RS,nova hartz,618.88,3
sudeste,MG,mario campos,618.64,3
nordeste,BA,ribeira do pombal,618.19,8
nordeste,MA,maracacume,617.18,4
nordeste,BA,miguel calmon,616.64,5
centro_oeste,MT,jauru,613.79,5
centro_oeste,GO,firminopolis,613.49,7
nordeste,RN,acu,613.08,3
centro_oeste,MS,bataguassu,613.0,5
nordeste,MA,joao lisboa,612.89,5
sudeste,MG,nepomuceno,610.94,9
sul,PR,ivai,610.77,2
centro_oeste,GO,jaragua,610.67,7
nordeste,SE,graccho cardoso,610.0,1
sul,RS,santo cristo,609.45,7
norte,PA,breves,609.0,1
centro_oeste,MT,porto dos gauchos,609.0,1
sul,SC,anitapolis,608.99,2
sudeste,SP,colina,608.68,9
centro_oeste,GO,bela vista de goias,608.66,7
sudeste,MG,juatuba,607.9,4
nordeste,PE,goiana,606.93,9
nordeste,CE,itaitinga,606.89,4
sudeste,SP,lindoia,606.03,9
sudeste,RJ,avelar,606.0,4
sudeste,SP,lagoinha,605.98,3
nordeste,CE,guaraciaba do norte,605.15,4
nordeste,PE,jupi,604.9,2
nordeste,BA,conceicao da feira,603.99,2
sudeste,MG,perdoes,603.88,9
sudeste,RJ,comendador levy gasparian,603.69,7
sul,PR,capanema,602.59,9
sul,PR,pirai do sul,601.29,6
nordeste,PI,matias olimpio,600.0,1
sudeste,SP,lavrinhas,599.9,1
nordeste,PI,canto do buriti,599.5,1
sudeste,MG,campanha,598.79,7
sul,PR,vere,598.39,3
sudeste,MG,rio pardo de minas,597.69,5
sul,SC,pouso redondo,597.29,3
norte,RO,nova mamore,594.9,2
sudeste,SP,bady bassitt,594.7,7
sul,RS,lavras do sul,593.8,3
nordeste,BA,sobradinho,592.69,5
sudeste,SP,fernando prestes,591.48,6
sul,SC,petrolandia,589.85,5
sudeste,SP,paulo de faria,588.58,5
nordeste,BA,coronel joao sa,587.99,3
sul,SC,passo de torres,587.99,7
sudeste,MG,lagoa dourada,586.78,5
nordeste,CE,senador pompeu,585.94,4
nordeste,PE,custodia,584.88,5
sudeste,RJ,raposo,584.7,3
sudeste,SP,morungaba,582.69,7
sudeste,SP,uchoa,582.64,3
nordeste,CE,marco,582.6,3
sul,PR,ubirata,582.18,7
centro_oeste,MS,amambai,582.08,5
nordeste,SE,capela,580.94,3
sudeste,SP,santa cruz das palmeiras,580.59,9
sul,RS,vera cruz,579.98,4
nordeste,PB,sao bento,579.89,3
sudeste,MG,medina,579.19,6
nordeste,PI,sao jose do divino,579.0,1
nordeste,PE,jaqueira,578.99,3
sudeste,MG,santa cruz de minas,578.89,5
nordeste,AL,tanque d'arca,578.0,2
sul,RS,anta gorda,577.7,4
sul,RS,horizontina,576.54,7
sul,PR,nova aurora,575.89,3
sudeste,MG,aguas vermelhas,574.58,3
nordeste,RN,macaiba,574.44,5
sudeste,MG,mateus leme,574.27,9
sul,RS,candelaria,573.39,4
nordeste,PE,sirinhaem,571.88,5
centro_oeste,MT,nova mutum,571.38,5
sudeste,MG,sapucai-mirim,569.79,4
sul,RS,sao jeronimo,569.75,7
sudeste,SP,guaranta,569.29,5
nordeste,MA,sao bento,569.0,2
nordeste,AL,belem,568.99,3
sudeste,RJ,ipiabas,568.87,4
sul,RS,soledade,568.79,5
sudeste,MG,alfredo vasconcelos,567.99,3
nordeste,PE,timbauba,567.67,7
sudeste,RJ,silva jardim,567.59,4
nordeste,AL,barra de santo antonio,567.0,2
norte,PA,hidreletrica tucurui,564.78,3
sul,RS,porto xavier,564.46,5
sudeste,MG,padre carvalho,563.0,1
sudeste,MG,itambacuri,562.87,5
nordeste,AL,rio largo,562.71,6
sul,PR,terra roxa,561.07,3
sul,PR,paulo frontin,560.9,5
sul,SC,campo ere,560.6,7
sudeste,SP,paranapanema,560.45,11
nordeste,MA,paulino neves,559.99,1
sudeste,ES,marechal floriano,559.64,5
nordeste,PB,desterro,559.0,1
nordeste,SE,nossa senhora das dores,559.0,1
nordeste,CE,paraipaba,558.97,5
sudeste,RJ,rio das flores,558.68,6
sul,RS,irai,557.89,2
sul,RS,sao valentim,557.89,3
nordeste,BA,morro do chapeu,557.57,7
sudeste,MG,ibiai,556.89,3
centro_oeste,GO,parauna,556.88,4
sul,PR,jesuitas,556.55,4
sudeste,SP,rafard,556.4,5
centro_oeste,GO,castelandia,554.98,5
sul,RS,antonio prado,554.2,5
sul,RS,barra do ribeiro,553.78,5
nordeste,PI,oeiras,553.44,6
nordeste,MA,itapecuru mirim,552.97,4
sudeste,SP,rifaina,552.8,2
nordeste,BA,rio do pires,552.8,4
nordeste,CE,paracuru,550.89,4
nordeste,BA,uibai,549.98,4
centro_oeste,MT,nova bandeirantes,548.51,4
sul,RS,sao jose do norte,548.5,7
nordeste,BA,capim grosso,547.89,5
sudeste,SP,apiai,547.57,6
nordeste,PE,surubim,546.87,5
centro_oeste,GO,orizona,546.81,6
sul,PR,teixeira soares,545.69,1
sul,RS,sao sepe,544.35,6
sudeste,MG,jeceaba,544.23,6
sudeste,MG,campos gerais,544.06,5
sudeste,SP,cristais paulista,543.78,4
sul,RS,pinheiro machado,542.89,5
sul,RS,roque gonzales,542.88,5
sudeste,SP,orindiuva,541.78,5
sudeste,SP,guaracai,541.49,5
sudeste,RJ,sao sebastiao do paraiba,540.0,1
centro_oeste,MT,pedra preta,539.89,4
sul,RS,catuipe,539.8,4
sul,RS,campo novo,539.79,2
sudeste,SP,sales oliveira,538.15,6
nordeste,PI,piripiri,537.28,7
sudeste,MG,rio novo,536.79,4
nordeste,BA,iguai,535.99,2
nordeste,PI,sao miguel do tapuio,534.0,3
sul,RS,cristal,533.0,3
sudeste,MG,francisco sa,532.8,3
sul,PR,pitanga,532.7,3
sudeste,ES,rio novo do sul,531.68,6
sudeste,SP,ariranha,531.49,5
nordeste,BA,posto da mata,530.98,4
nordeste,BA,cacule,529.78,3
centro_oeste,GO,vianopolis,529.67,3
nordeste,BA,tanhacu,528.78,4
centro_oeste,MS,sao gabriel do oeste,526.72,7
sudeste,MG,canapolis,525.8,5
sul,PR,iguaracu,525.7,2
sudeste,SP,eldorado,524.76,6
norte,PA,curuca,524.7,3
nordeste,PE,ilha de itamaraca,524.44,4
nordeste,BA,euclides da cunha,524.18,5
sudeste,MG,guimarania,523.9,4
nordeste,MA,fortuna,523.89,3
nordeste,RN,santa cruz,522.74,4
sudeste,SP,guaraci,521.7,3
sul,RS,sao francisco de paula,520.79,5
nordeste,CE,horizonte,519.99,5
nordeste,AL,mar vermelho,519.98,2
sul,PR,campina da lagoa,519.7,2
nordeste,BA,uaua,519.0,4
centro_oeste,MT,araputanga,517.45,4
nordeste,BA,ubaitaba,517.23,4
nordeste,PE,gloria do goita,516.99,2
sul,PR,ivaipora,516.75,7
nordeste,BA,santa cruz cabralia,515.88,5
nordeste,PE,arcoverde,515.8,5
sul,PR,bela vista do paraiso,515.49,3
sudeste,MG,lajinha,515.07,3
sudeste,MG,rio acima,513.66,8
sudeste,MG,rio piracicaba,512.75,4
nordeste,PE,limoeiro,511.59,7
sudeste,SP,analandia,511.03,4
sul,PR,xambre,511.0,2
sudeste,MG,tiradentes,510.86,4
norte,TO,colinas do tocantins,510.5,3
sul,SC,ipora do oeste,509.85,6
sudeste,ES,conceicao do castelo,507.83,5
sudeste,MG,ibiraci,507.8,4
centro_oeste,MT,denise,507.0,2
sudeste,SP,valparaiso,506.92,8
sudeste,MG,pote,506.9,3
sudeste,MG,santo antonio do jacinto,505.49,8
sudeste,RJ,tangua,504.88,6
nordeste,BA,milagres,502.54,2
sudeste,MG,guarara,501.99,2
nordeste,MA,urbano santos,501.79,5
sul,SC,sao carlos,500.38,5
sudeste,RJ,cardoso moreira,500.02,6
nordeste,BA,jiquirica,499.99,1
sul,SC,vargeao,499.9,1
sudeste,SP,palestina,499.55,10
sudeste,MG,sao tiago,499.27,5
sul,RS,jaquirana,499.0,1
sul,PR,lobato,498.54,3
nordeste,PE,jatoba,498.25,4
sul,PR,barbosa ferraz,497.9,3
norte,PA,capanema,497.88,4
nordeste,CE,aracoiaba,497.8,3
sudeste,MG,cachoeira de minas,497.4,7
sul,SC,maravilha,497.17,9
sudeste,SP,presidente bernardes,496.85,6
nordeste,BA,potiragua,495.97,7
nordeste,BA,ipupiara,495.0,1
sul,PR,altonia,494.9,3
sudeste,SP,general salgado,493.59,6
sul,PR,florestopolis,492.7,3
sul,PR,ribeirao claro,492.69,5
sudeste,MG,matipo,491.19,4
nordeste,BA,paramirim,491.09,6
centro_oeste,GO,nova aurora,490.0,1
sudeste,MG,caldas,489.7,5
sudeste,RJ,sao sebastiao do alto,488.98,4
nordeste,BA,una,488.78,5
sul,PR,senges,487.39,5
sul,SC,sao jose do cedro,486.59,5
nordeste,PE,barra de guabiraba,486.4,2
sudeste,MG,pirapetinga,486.39,7
sudeste,ES,muqui,485.48,4
nordeste,SE,barra dos coqueiros,484.82,3
nordeste,BA,piritiba,484.69,6
nordeste,SE,propria,483.89,4
sudeste,RJ,quatis,483.69,5
sudeste,MG,teixeiras,483.58,6
norte,PA,carajas,483.22,4
sul,RS,tenente portela,482.79,3
nordeste,MA,pindare mirim,481.9,3
sudeste,MG,carai,481.87,6
norte,PA,breu branco,481.74,3
sudeste,MG,pedrinopolis,481.01,3
nordeste,PE,feira nova,480.78,5
nordeste,MA,pio xii,479.99,1
nordeste,CE,penaforte,479.89,2
sudeste,SP,itapirapua paulista,479.8,2
nordeste,BA,cachoeira,479.79,4
nordeste,BA,itarantim,478.97,3
sudeste,MG,alto caparao,478.9,2
sudeste,RJ,sao jose de uba,478.89,3
nordeste,AL,colonia leopoldina,477.98,2
nordeste,CE,carius,477.88,3
nordeste,PE,bom jardim,477.7,2
nordeste,PE,amaraji,476.89,2
nordeste,PB,paulista,475.6,1
sul,PR,paula freitas,474.9,1
sudeste,MG,sao joao do manteninha,474.89,3
centro_oeste,GO,edeia,472.9,4
sudeste,SP,itobi,472.68,7
nordeste,RN,santo antonio,471.8,1
sul,SC,rio fortuna,469.39,3
centro_oeste,GO,alexania,466.67,5
centro_oeste,MS,bela vista,466.38,3
sudeste,SP,severinia,466.13,5
sudeste,SP,terra roxa,465.88,3
norte,RO,rolim de moura,465.05,7
nordeste,BA,utinga,463.78,5
nordeste,RN,nova cruz,462.88,3
sul,PR,rio bonito do iguacu,462.8,4
sul,PR,areia branca dos assis,462.54,3
sudeste,MG,santa maria de itabira,462.3,4
sudeste,MG,sao joao da ponte,461.84,1
sudeste,SP,pedra bela,460.9,3
nordeste,CE,granja,460.68,5
sul,RS,nova petropolis,459.89,8
centro_oeste,GO,itapirapua,459.8,2
sudeste,MG,carmo da mata,459.7,6
sudeste,SP,tupi paulista,459.41,6
sudeste,MG,tumiritinga,459.0,1
sudeste,SP,magda,458.99,2
sudeste,MG,cabo verde,458.79,3
sudeste,SP,cedral,458.34,6
nordeste,CE,trairi,457.0,2
sudeste,MG,congonhal,455.84,4
sudeste,MG,santa maria do suacui,454.9,2
nordeste,PE,floresta,454.58,6
sul,RS,entre-ijuis,454.5,3
sudeste,MG,caputira,454.28,2
nordeste,CE,icapui,454.25,5
nordeste,CE,caririacu,454.0,2
sudeste,MG,conquista,453.88,6
sul,RS,sananduva,453.77,6
sudeste,SP,ribeirao branco,452.99,2
sul,SC,praia grande,452.74,4
sul,RS,dom feliciano,452.05,5
nordeste,BA,fatima,451.9,2
centro_oeste,GO,cachoeira alta,451.76,6
centro_oeste,GO,rianapolis,451.68,4
norte,PA,vila dos cabanos,451.23,4
sul,SC,sao martinho,451.0,2
nordeste,CE,boa viagem,450.99,3
nordeste,MA,tutoia,449.89,2
nordeste,BA,pintadas,449.8,2
centro_oeste,MT,dom aquino,449.8,3
sudeste,RJ,engenheiro paulo de frontin,449.12,6
sudeste,MG,itueta,448.89,2
nordeste,BA,mutuipe,448.79,4
nordeste,CE,baturite,447.97,3
nordeste,SE,poco verde,447.8,4
nordeste,RN,jardim do serido,445.9,3
nordeste,PE,sao jose do egito,444.7,4
sudeste,SP,quadra,443.9,3
centro_oeste,GO,bonfinopolis,441.87,2
sudeste,SP,areias,441.86,3
sul,PR,cruz machado,441.77,3
sudeste,MG,limeira do oeste,441.7,2
nordeste,PB,solanea,440.0,1
nordeste,PB,rio tinto,439.9,2
sudeste,SP,dobrada,437.5,2
norte,RO,ouro preto do oeste,437.49,4
sudeste,MG,inhapim,436.35,7
sul,RS,palmares do sul,435.77,5
sul,SC,corupa,434.65,4
sudeste,ES,apiaca,434.28,6
sudeste,MG,minas novas,433.77,4
sul,PR,bituruna,433.38,5
sul,PR,cambira,432.0,2
nordeste,AL,pindoba,432.0,2
sul,PR,vera cruz do oeste,431.56,3
sul,PR,kalore,429.99,2
sul,RS,boa vista do cadeado,429.98,1
sul,PR,araruna,429.97,4
sul,RS,montauri,429.89,2
sudeste,MG,ipiacu,429.88,3
nordeste,MA,carolina,429.8,2
nordeste,BA,arembepe,429.7,2
centro_oeste,DF,taguatinga,429.1,4
nordeste,CE,aquiraz,428.99,2
nordeste,PE,serrita,428.9,2
sul,RS,nova palma,428.9,2
sudeste,MG,cachoeira de pajeu,428.8,3
sul,SC,dionisio cerqueira,428.0,3
centro_oeste,MS,bodoquena,428.0,2
nordeste,PE,sao joao,427.0,1
sudeste,SP,ibirarema,426.88,5
nordeste,MA,pinheiro,426.8,4
sul,PR,santa isabel do ivai,425.9,3
nordeste,BA,ibicarai,424.88,5
nordeste,MA,alcantara,424.8,1
sul,PR,sao pedro do ivai,424.74,3
sul,SC,ponte serrada,423.9,3
sudeste,MG,gameleiras,423.89,3
sudeste,MG,luminarias,423.8,3
sudeste,ES,mantenopolis,423.79,4
sudeste,MG,sao geraldo,423.78,4
sudeste,SP,roseira,423.68,5
sul,SC,nova veneza,422.89,3
sudeste,SP,torrinha,422.67,6
nordeste,PI,castelo do piaui,422.6,2
sudeste,SP,pedrinhas paulista,420.87,4
sudeste,MG,maravilhas,420.81,4
nordeste,CE,sao goncalo do amarante,420.77,5
sudeste,MG,mato verde,420.43,3
nordeste,SE,pinhao,420.0,1
nordeste,BA,nazare,419.84,3
nordeste,SE,poco redondo,419.8,1
centro_oeste,GO,sanclerlandia,419.79,4
centro_oeste,MT,cocalinho,418.87,4
sul,SC,salto veloso,418.8,4
sudeste,MG,cristalia,418.7,3
sul,PR,rio branco do sul,418.57,6
centro_oeste,MT,alto boa vista,418.0,5
nordeste,BA,gandu,417.7,4
nordeste,PE,caraiba,416.89,2
nordeste,BA,baianopolis,416.3,2
sudeste,MG,pedra azul,416.12,5
sudeste,MG,palma,415.89,4
sudeste,MG,martinho campos,415.2,2
sudeste,MG,bandeira do sul,414.9,2
sudeste,MG,irai de minas,414.89,2
nordeste,PI,esperantina,414.66,4
sudeste,RJ,travessao,414.09,4
sudeste,ES,arace,413.4,4
sudeste,MG,presidente olegario,412.91,6
nordeste,PE,santa maria da boa vista,412.08,2
sul,PR,alto piquiri,412.0,1
sul,PR,astorga,411.77,7
sudeste,ES,dores do rio preto,411.76,4
sul,RS,sao jose do ouro,411.38,5
nordeste,PI,bertolinia,411.0,1
nordeste,PE,brejo da madre de deus,410.8,4
centro_oeste,MT,porto alegre do norte,410.0,1
nordeste,BA,lagoa real,410.0,1
nordeste,BA,jucurucu,409.98,2
norte,AC,senador guiomard,409.98,2
sul,RS,aurea,409.5,2
sudeste,MG,rodeiro,409.4,3
sul,SC,mondai,409.0,2
sudeste,SP,narandiba,408.98,2
nordeste,PI,eliseu martins,408.98,4
sudeste,SP,santa cruz da conceicao,408.9,4
centro_oeste,MT,terra nova do norte,408.8,3
nordeste,RN,portalegre,408.8,2
sudeste,MG,martins soares,408.79,6
sul,PR,japura,408.5,5
norte,PA,bom jesus do tocantins,407.9,3
sudeste,SP,joao ramalho,407.89,3
sul,PR,capitao leonidas marques,407.78,5
sudeste,ES,itaipava,406.84,4
sudeste,SP,silveiras,406.5,3
sudeste,RJ,glicerio,405.99,2
norte,PA,capitao poco,405.38,3
centro_oeste,GO,pontalina,405.0,2
sudeste,ES,itaoca,404.9,2
nordeste,BA,rodelas,404.9,3
sul,RS,sao paulo das missoes,404.87,2
sudeste,SP,panorama,404.39,5
sudeste,RJ,werneck,403.89,2
sudeste,MG,jacui,403.74,4
norte,RO,nova brasilandia d'oeste,402.8,2
sul,SC,lontras,402.5,3
sudeste,MG,bom repouso,402.29,4
sul,PR,general carneiro,401.48,5
nordeste,PE,nossa senhora do o,401.0,2
sudeste,SP,brauna,400.79,5
nordeste,PE,ipubi,400.47,3
nordeste,PB,barra de santa rosa,400.4,2
nordeste,BA,sao sebastiao do passe,399.89,5
sul,RS,mata,399.85,1
norte,RO,sao miguel do guapore,399.44,4
norte,PA,itupiranga,399.0,1
nordeste,BA,ibitira,399.0,1
sudeste,SP,embauba,399.0,1
nordeste,RN,sao miguel do gostoso,398.9,2
sul,PR,nova santa rosa,398.88,4
sudeste,SP,riolandia,398.8,3
nordeste,BA,ituacu,398.5,3
sudeste,SP,clementina,397.54,4
norte,RO,machadinho d'oeste,396.98,3
nordeste,BA,candido sales,396.79,3
sudeste,SP,elias fausto,396.4,5
norte,RO,seringueiras,395.99,2
sul,RS,erval grande,395.9,2
nordeste,MA,capinzal do norte,395.0,2
nordeste,PE,itambe,394.78,4
sul,RS,santo antonio das missoes,393.89,4
centro_oeste,MT,guaranta do norte,393.87,5
sudeste,MG,perdigao,393.49,7
sul,SC,balneario barra do sul,393.3,4
sul,SC,balneario rincao,393.0,3
sudeste,MG,piedade dos gerais,392.88,3
norte,PA,cameta,392.8,4
nordeste,CE,jardim,392.65,2
sudeste,MG,dom silverio,392.24,4
sudeste,MG,chapada gaucha,391.69,4
sul,PR,diamante do norte,391.25,5
nordeste,BA,iraquara,390.8,5
sul,PR,carambei,390.8,3
nordeste,CE,amanari,390.0,1
sul,SC,governador celso ramos,389.97,3
sul,PR,alto parana,389.9,2
sudeste,SP,tabatinga,389.69,5
sudeste,MG,confins,389.0,1
nordeste,PB,pitimbu,388.9,1
nordeste,CE,ipaporanga,388.9,2
sudeste,MG,sao felix de minas,388.9,1
sudeste,SP,santa lucia,388.89,3
sudeste,MG,sao romao,388.49,5
centro_oeste,GO,agua limpa,388.0,1
sudeste,MG,tombos,387.69,5
sul,PR,florai,387.39,2
sul,RS,nova bassano,387.24,4
sudeste,MG,capitolio,386.89,5
centro_oeste,MT,diamantino,386.49,7
nordeste,BA,rio real,386.0,3
sul,PR,guaraniacu,385.97,5
centro_oeste,GO,campos verdes,385.6,1
norte,AP,oiapoque,385.0,1
centro_oeste,GO,vicentinopolis,384.8,2
sudeste,MG,munhoz,384.67,4
centro_oeste,MT,reserva do cabacal,383.9,2
sul,PR,rio azul,383.7,5
sudeste,MG,iapu,383.15,4
sul,SC,ibiam,382.99,4
sul,PR,ceu azul,382.56,7
sudeste,RJ,rio claro,380.98,3
centro_oeste,MS,nova alvorada do sul,380.85,3
sudeste,MG,juruaia,380.78,6
sudeste,MG,virgolandia,380.0,2
sudeste,SP,irape,379.98,2
nordeste,AL,anadia,379.89,2
sul,SC,balneario arroio do silva,379.88,4
nordeste,CE,ipu,379.88,4
nordeste,BA,bonito,378.8,2
sudeste,MG,manga,378.8,3
sul,RS,tupancireta,378.77,4
nordeste,AL,mata grande,378.65,2
centro_oeste,MT,juara,378.49,5
sudeste,MG,cruzilia,377.9,4
nordeste,RN,apodi,377.89,3
sudeste,SP,sud mennucci,377.87,5
sudeste,SP,colombia,377.72,5
centro_oeste,GO,joviania,376.97,5
sudeste,MG,santo antonio do amparo,376.72,4
nordeste,MA,cidelandia,375.96,1
sul,RS,tucunduva,374.99,3
nordeste,PE,passira,374.98,1
sudeste,MG,chapada do norte,373.9,2
sudeste,SP,adolfo,373.8,5
sudeste,MG,campos altos,373.68,5
sudeste,ES,itapemirim,372.7,4
sudeste,MG,mendes pimentel,372.69,5
centro_oeste,MS,ladario,372.59,5
nordeste,BA,amelia rodrigues,372.39,3
sudeste,SP,valentim gentil,372.03,3
sul,RS,cambara do sul,372.0,1
sul,SC,aurora,371.9,2
nordeste,BA,serrolandia,371.9,3
nordeste,BA,caldas do jorro,370.0,1
norte,TO,bandeirantes do tocantins,369.98,2
centro_oeste,GO,indiara,369.91,4
nordeste,BA,antonio cardoso,369.89,2
nordeste,BA,remanso,369.69,5
nordeste,CE,altaneira,369.6,2
sudeste,MG,pingo-d'agua,369.48,1
nordeste,PE,inaja,369.4,2
sul,PR,centenario do sul,369.13,4
sudeste,SP,pindorama,368.9,2
sul,PR,quitandinha,368.9,2
centro_oeste,GO,sao simao,368.6,4
nordeste,BA,itambe,368.6,3
norte,TO,conceicao do tocantins,367.97,3
nordeste,CE,aurora,367.69,3
sudeste,MG,santa rita de minas,367.67,3
sudeste,MG,francisco badaro,367.46,3
nordeste,PE,canhotinho,367.0,2
sudeste,ES,agua doce do norte,365.48,4
sul,PR,santa tereza do oeste,364.9,3
sudeste,MG,guidoval,364.9,2
sul,SC,rio do oeste,364.89,3
nordeste,PI,pedro ii,364.8,2
sudeste,RJ,santanesia,364.5,4
sudeste,MG,itau de minas,364.45,5
nordeste,RN,acari,364.0,1
nordeste,PE,altinho,363.8,2
sul,PR,japira,363.79,3
sudeste,ES,pedro canario,363.79,5
sudeste,MG,itinga,363.5,3
sul,RS,maximiliano de almeida,363.49,3
sudeste,MG,madre de deus de minas,362.96,3
sudeste,MG,santa margarida,362.9,2
nordeste,PE,camocim de sao felix,362.9,2
sudeste,MG,piedade do rio grande,362.78,3
sul,PR,maripa,361.97,3
nordeste,MA,barreirinhas,361.42,4
sul,PR,reboucas,361.27,6
nordeste,AL,junqueiro,360.89,2
sul,PR,candido de abreu,360.8,4
nordeste,BA,ponto novo,360.0,1
norte,RO,alvorada d'oeste,359.98,1
sudeste,MG,sao joao batista do gloria,359.6,3
nordeste,CE,chorozinho,359.0,1
sudeste,MG,iguatama,358.9,4
sudeste,MG,abadia dos dourados,358.9,3
sudeste,MG,taquaracu de minas,358.0,2
sudeste,SP,alvaro de carvalho,358.0,2
nordeste,PE,afranio,357.9,2
sudeste,SP,ribeirao do sul,357.9,3
sul,RS,caibate,357.88,2
nordeste,BA,morpara,357.12,2
sudeste,MG,goncalves,356.9,3
sudeste,SP,indiapora,356.67,3
sudeste,SP,sales,356.52,5
nordeste,BA,caravelas,356.4,3
sul,PR,tapejara,355.9,2
norte,TO,taguatinga,355.79,3
sul,SC,tangara,354.9,1
sul,RS,jari,354.8,4
nordeste,BA,caldeirao grande,354.8,3
sul,RS,redentora,354.59,3
sudeste,SP,florida paulista,353.79,4
sul,PR,planalto,353.7,4
sudeste,SP,quintana,353.0,4
nordeste,CE,sucesso,352.9,3
norte,PA,rio maria,352.88,3
centro_oeste,GO,caiaponia,352.78,4
sul,PR,sao jorge do ivai,352.52,1
sudeste,MG,montalvania,352.2,3
sul,RS,capela de santana,352.0,2
sudeste,SP,itapura,351.87,6
sudeste,MG,serra dos aimores,351.82,5
sudeste,SP,tres fronteiras,350.39,5
nordeste,BA,ibipitanga,349.98,2
nordeste,AL,paripueira,349.9,1
norte,TO,natividade,349.9,1
sul,RS,boa vista das missoes,349.9,1
nordeste,AL,marechal deodoro,349.9,1
nordeste,MA,bequimao,349.9,1
sudeste,RJ,governador portela,349.8,4
nordeste,CE,arneiroz,349.6,2
sudeste,MG,sao joao do paraiso,349.5,4
sudeste,SP,taciba,348.98,2
nordeste,BA,carinhanha,348.9,2
sul,PR,tomazina,348.8,3
nordeste,CE,forquilha,348.47,4
sudeste,ES,sao roque do canaa,348.0,5
norte,PA,augusto correa,347.99,3
sul,SC,massaranduba,347.86,3
sudeste,MG,bandeira,347.71,3
sudeste,SP,moncoes,346.98,2
nordeste,MA,governador eugenio barros,346.32,1
sudeste,MG,serrania,345.89,2
sul,PR,moreira sales,345.67,3
sudeste,SP,arandu,345.5,4
centro_oeste,GO,ouvidor,345.0,1
sudeste,MG,serra azul de minas,344.99,2
nordeste,CE,aratuba,343.9,2
sudeste,SP,indiana,343.89,3
norte,PA,dom eliseu,343.87,5
sudeste,SP,pongai,343.8,4
sudeste,SP,timburi,343.3,3
nordeste,PE,sertania,343.29,4
sudeste,MG,monte verde,343.1,3
sul,SC,ascurra,342.6,4
nordeste,PB,imaculada,340.89,3
sudeste,MG,cambuquira,340.76,5
nordeste,BA,iacu,340.7,4
sul,RS,santa clara do sul,339.99,2
nordeste,CE,pacuja,339.95,1
centro_oeste,GO,nova veneza,339.95,4
nordeste,CE,apuiares,339.89,2
sudeste,MG,itacarambi,339.79,3
centro_oeste,MT,nova lacerda,339.74,1
nordeste,RN,carnaubais,339.0,2
sudeste,MG,prudente de morais,338.99,3
sudeste,RJ,tocos,338.9,2
sudeste,MG,coroaci,338.9,2
sul,PR,mariluz,338.89,3
sul,PR,jundiai do sul,337.97,3
sudeste,MG,sao domingos do prata,337.89,4
sudeste,SP,nipoa,337.8,2
sudeste,SP,jumirim,337.6,3
sul,RS,arroio grande,336.77,3
sudeste,SP,tejupa,335.18,3
centro_oeste,GO,palmeiras de goias,334.8,3
sudeste,SP,macedonia,334.21,4
nordeste,CE,milagres,334.0,2
nordeste,BA,itabela,333.99,3
sudeste,SP,glicerio,333.99,2
nordeste,MA,dom pedro,333.77,3
nordeste,AL,satuba,333.73,2
norte,TO,xambioa,333.68,3
sul,PR,santa monica,332.88,2
sul,SC,guaruja do sul,331.44,4
nordeste,PE,cumaru,330.99,2
sul,PR,pien,330.4,4
sul,RS,constantina,330.0,1
nordeste,PB,belem,330.0,1
nordeste,CE,monsenhor tabosa,329.8,3
nordeste,BA,tanque novo,329.59,3
sudeste,SP,iacanga,329.39,6
sudeste,SP,jambeiro,329.26,4
nordeste,PI,uniao,329.0,1
sul,RS,hulha negra,329.0,1
sul,PR,santa terezinha de itaipu,328.94,3
centro_oeste,MT,arenapolis,328.85,2
sudeste,MG,sao goncalo do rio preto,328.19,3
norte,PA,nova ipixuna,328.0,1
sul,PR,ribeirao do pinhal,328.0,5
sudeste,MG,jesuania,327.98,5
sudeste,SP,bento de abreu,327.98,2
sudeste,SP,lavinia,326.8,4
nordeste,RN,pendencias,326.5,2
nordeste,RN,goianinha,325.3,3
sudeste,MG,vieiras,325.0,1
nordeste,BA,botupora,325.0,1
nordeste,BA,pedrao,325.0,1
nordeste,RN,montanhas,325.0,1
nordeste,CE,jucas,325.0,1
sudeste,MG,tabuleiro,324.89,2
sudeste,SP,arapei,324.89,2
centro_oeste,MT,campinapolis,324.86,3
nordeste,BA,barra do mendes,323.99,3
sul,RS,sobradinho,323.9,3
nordeste,AL,porto calvo,323.39,2
sudeste,SP,ipigua,323.14,3
sul,RS,sao jose do hortencio,322.89,2
centro_oeste,MT,peixoto de azevedo,322.8,3
nordeste,BA,cordeiros,322.75,1
sudeste,MG,campestre,321.7,3
centro_oeste,MS,rio negro,319.9,1
centro_oeste,MT,juruena,319.9,3
nordeste,MA,sucupira do norte,319.9,2
sul,PR,santa izabel do oeste,319.89,2
nordeste,AL,igaci,319.89,2
centro_oeste,GO,fazenda nova,319.79,4
sudeste,MG,carmo da cachoeira,319.44,4
sudeste,SP,palmeira d'oeste,319.18,5
norte,AP,laranjal do jari,318.8,2
sul,PR,joaquim tavora,317.98,3
sul,SC,ita,317.89,3
sudeste,MG,rio casca,317.43,5
sudeste,ES,sooretama,317.36,5
nordeste,BA,serra do ramalho,317.09,4
sudeste,MG,sabinopolis,317.08,5
sudeste,MG,dona euzebia,316.89,2
nordeste,PE,ribeirao,316.4,4
sudeste,MG,piranga,316.19,4
centro_oeste,GO,itapaci,315.8,4
sudeste,ES,iconha,315.74,5
nordeste,MA,bacuri,315.42,3
sul,SC,tunapolis,315.39,1
norte,TO,sitio novo do tocantins,314.9,2
nordeste,BA,monte gordo,314.9,2
nordeste,MA,coelho neto,314.9,3
sudeste,MG,belo vale,313.8,3
sudeste,MG,conceicao das pedras,313.59,4
nordeste,MA,olho d'agua das cunhas,312.99,2
sul,SC,rancho queimado,312.89,2
nordeste,BA,itatim,312.69,3
sul,PR,santa mariana,311.25,4
sudeste,SP,sao jose da bela vista,310.84,3
sudeste,MG,soledade de minas,309.94,5
nordeste,MA,sao pedro da agua branca,309.9,1
nordeste,AL,feliz deserto,309.89,2
sudeste,MG,sao tomas de aquino,309.8,3
nordeste,PE,tuparetama,309.8,3
sul,SC,monte carlo,309.5,3
sul,RS,sertao,309.49,3
nordeste,BA,vereda,309.4,2
nordeste,BA,pocoes,308.99,2
nordeste,BA,curaca,308.9,3
sul,SC,nova itaberaba,308.89,2
sul,PR,reserva,308.6,3
sudeste,MG,itanhomi,308.55,4
sudeste,MG,volta grande,308.38,4
sudeste,SP,ouro verde,307.97,3
sudeste,ES,conceicao da barra,306.87,3
centro_oeste,GO,mundo novo,306.0,2
sul,RS,sao martinho,305.99,1
sul,RS,imigrante,305.9,3
nordeste,PE,lagoa do ouro,305.9,2
nordeste,MA,estreito,305.89,3
sul,SC,saudades,305.84,4
sul,SC,urubici,305.69,3
sudeste,MG,maria da fe,305.55,3
nordeste,RN,ceara-mirim,305.46,2
sudeste,SP,inubia paulista,304.98,3
norte,PA,brasil novo,304.9,3
norte,PA,bonito,304.9,2
sul,SC,anchieta,302.7,3
centro_oeste,MT,claudia,302.68,4
sudeste,SP,oscar bressane,301.8,3
norte,PA,viseu,301.0,1
nordeste,MA,centro novo do maranhao,299.99,1
nordeste,PE,pocao,299.99,1
centro_oeste,MT,ribeiraozinho,299.98,2
nordeste,RN,almino afonso,299.9,1
sul,SC,sideropolis,299.7,4
sudeste,MG,florestal,299.5,3
nordeste,BA,ibicoara,299.2,3
sul,PR,porto rico,299.0,1
sudeste,MG,pains,298.33,3
sudeste,MG,senador cortes,298.0,1
centro_oeste,MT,sao jose do rio claro,298.0,2
sudeste,MG,coluna,297.88,3
sul,RS,pantano grande,297.79,3
sul,SC,tres barras,297.34,5
nordeste,PI,gilbues,296.0,1
nordeste,PE,camutanga,295.8,3
sul,PR,curiuva,295.7,4
nordeste,PB,bananeiras,295.24,5
sul,PR,colonia vitoria,294.91,5
nordeste,PE,oroco,294.9,3
nordeste,PE,ibimirim,294.79,3
sul,PR,angulo,294.7,3
sudeste,MG,carneirinho,294.5,3
sul,SC,irani,294.39,4
sudeste,MG,verissimo,294.12,3
sudeste,SP,barra do turvo,293.9,3
nordeste,BA,santa ines,293.9,3
sul,PR,tibagi,293.77,4
sul,RS,planalto,292.99,3
centro_oeste,MT,novo sao joaquim,292.6,3
sudeste,SP,cruzalia,292.4,3
centro_oeste,GO,americano do brasil,291.49,3
nordeste,PE,itapissuma,290.8,3
sul,SC,aguas frias,290.0,1
sudeste,SP,guariroba,289.99,2
sul,SC,agua doce,289.98,1
sul,PR,diamante d'oeste,289.9,1
sul,RS,vila flores,289.89,3
nordeste,CE,maranguape,289.87,3
sudeste,SP,iepe,289.58,5
nordeste,RN,sao jose do campestre,289.0,1
nordeste,MA,cajari,289.0,1
nordeste,SE,pirambu,289.0,1
sudeste,MG,laranjal,289.0,1
nordeste,BA,taboquinhas,289.0,1
nordeste,BA,wanderley,288.98,2
norte,AC,xapuri,288.93,2
sudeste,SP,rechan,288.8,2
sudeste,MG,ubaporanga,288.78,3
sudeste,SP,canitar,287.25,2
nordeste,BA,santa teresinha,287.0,2
sudeste,MG,sao pedro da uniao,286.89,3
sul,RS,tupandi,285.99,3
nordeste,CE,pereiro,285.89,3
norte,AM,humaita,285.85,4
sul,PR,congonhinhas,285.7,2
nordeste,PB,santa luzia,285.3,5
sul,RS,arroio do tigre,285.0,2
norte,RO,sao francisco do guapore,284.9,2
sudeste,RJ,monnerat,284.84,2
nordeste,PB,coremas,284.69,3
sudeste,ES,jeronimo monteiro,284.0,2
sudeste,MG,riacho dos machados,284.0,3
sul,PR,urai,283.9,3
sudeste,SP,motuca,283.9,3
centro_oeste,GO,leopoldo de bulhoes,283.02,1
sudeste,MG,porteirinha,282.69,5
sul,SC,balneario gaivota,282.3,3
sudeste,MG,antonio prado de minas,282.0,3
sudeste,MG,abre campo,281.68,5
sul,SC,ipumirim,281.41,5
sudeste,MG,aiuruoca,281.09,4
nordeste,PE,itapetim,280.8,2
sul,SC,nossa senhora de caravaggio,280.0,2
sudeste,SP,santo expedito,280.0,1
nordeste,MA,porto franco,279.99,2
norte,TO,novo alegre,279.99,1
sudeste,SP,americo de campos,279.9,1
sudeste,MG,sao joao do oriente,279.9,2
nordeste,BA,coracao de maria,279.9,1
nordeste,BA,bom jesus da serra,279.89,2
nordeste,BA,pilao arcado,279.87,4
sul,RS,formigueiro,279.8,2
sul,PR,renascenca,279.6,4
sudeste,MG,medeiros,279.49,2
norte,RO,candeias do jamari,279.0,1
centro_oeste,MS,paranhos,279.0,1
sudeste,ES,vargem alta,278.89,5
sul,SC,sao jose do cerrito,278.89,3
sul,RS,ibiaca,278.89,2
sul,SC,ouro,278.79,1
sudeste,MG,campanario,278.7,2
sudeste,MG,cassia,278.29,6
nordeste,PB,ibiara,278.0,1
sudeste,MG,sao sebastiao do rio verde,278.0,1
nordeste,BA,ibiraja,277.95,2
centro_oeste,GO,doverlandia,277.92,2
sul,RS,gaurama,277.88,3
nordeste,BA,araci,277.87,3
nordeste,BA,sao francisco do conde,276.8,3
sudeste,MG,ribeirao vermelho,275.7,2
sudeste,MG,itapeva,275.7,5
sudeste,SP,aguas de sao pedro,274.99,2
nordeste,BA,santaluz,274.89,3
sul,PR,serranopolis do iguacu,274.89,2
sul,PR,ivate,273.98,3
centro_oeste,GO,pirenopolis,273.87,4
centro_oeste,MS,miranda,273.8,4
nordeste,CE,sao luis do curu,273.8,3
sudeste,SP,vista alegre do alto,272.99,3
nordeste,BA,barra do tarrachil,272.9,3
centro_oeste,MS,itaquirai,272.9,2
nordeste,BA,itiuba,272.89,4
sudeste,SP,pardinho,272.8,1
sul,PR,perola,272.74,2
sul,SC,chapadao do lageado,272.7,1
sudeste,MG,dom vicoso,272.3,2
sul,RS,palmitinho,271.69,5
sudeste,SP,santo antonio do jardim,271.02,5
nordeste,MA,magalhaes de almeida,270.9,1
norte,TO,cariri do tocantins,270.89,2
sudeste,MG,vargem grande do rio pardo,270.0,1
sudeste,MG,santana da vargem,269.95,4
nordeste,PB,alagoinha,269.9,2
nordeste,CE,ipaumirim,269.9,1
sul,PR,itambe,269.9,1
nordeste,BA,angical,269.9,1
nordeste,PB,livramento,269.9,1
sul,PR,itambaraca,269.8,2
sudeste,MG,papagaios,269.67,4
nordeste,BA,itamari,268.98,3
nordeste,PI,buriti dos lopes,268.9,2
nordeste,PB,frei martinho,268.9,2
nordeste,CE,araripe,268.6,2
sul,RS,monte alverne,268.0,1
nordeste,PE,vicencia,268.0,2
sul,SC,jabora,267.9,2
nordeste,PE,pedra,267.68,3
sudeste,MG,inimutaba,266.7,2
sudeste,SP,arealva,266.68,4
sudeste,ES,alto rio novo,266.5,2
sul,PR,janiopolis,265.97,3
sudeste,MG,setubinha,265.89,3
sudeste,MG,cabeceira grande,265.89,3
centro_oeste,GO,maurilandia,265.63,4
sudeste,MG,itapagipe,265.49,5
sudeste,MG,recreio,264.98,3
sudeste,MG,romaria,264.9,2
nordeste,RN,sao vicente,264.89,2
sul,SC,sangao,264.79,3
nordeste,PB,mari,264.55,3
sul,SC,atalanta,263.99,1
nordeste,PE,santa cruz,263.9,2
nordeste,PB,itaporanga,263.8,2
sul,PR,saudade do iguacu,263.79,4
sul,PR,sao joao do triunfo,263.72,3
sul,SC,sao pedro de alcantara,263.0,2
sul,PR,rondon,262.98,2
nordeste,CE,abaiara,262.9,2
centro_oeste,MT,vera,262.79,3
sul,PR,indianopolis,262.79,4
sul,RS,arvorezinha,262.5,4
sul,RS,nova alvorada,261.8,3
sul,SC,jacinto machado,260.49,4
sul,RS,capao do cipo,260.0,3
nordeste,AL,uniao dos palmares,259.99,1
sudeste,MG,novo oriente de minas,259.99,1
centro_oeste,MT,feliz natal,259.99,1
sudeste,SP,trabiju,259.99,1
sudeste,MG,goiabeira,259.98,2
nordeste,MA,paraibano,259.91,3
nordeste,PE,santa terezinha,259.9,1
sul,PR,salto do itarare,259.9,1
sudeste,ES,mucurici,259.8,1
sul,PR,borrazopolis,259.59,2
sul,RS,nova esperanca do sul,259.4,2
sul,PR,altamira do parana,259.1,2
nordeste,BA,rio do antonio,259.0,2
sudeste,MG,cocais,259.0,1
nordeste,PB,soledade,258.9,3
centro_oeste,MT,alto garcas,258.8,2
sul,RS,dona francisca,258.7,2
nordeste,PB,princesa isabel,258.0,1
nordeste,PI,jose de freitas,257.9,3
nordeste,BA,mucuge,256.99,1
sul,SC,major vieira,256.89,3
centro_oeste,MS,bataypora,256.89,2
sul,SC,anita garibaldi,256.78,5
sul,PR,santo antonio do caiua,256.3,1
sudeste,SP,bernardino de campos,256.09,4
sul,RS,minas do leao,256.0,1
centro_oeste,MS,jardim,256.0,3
nordeste,BA,nova soure,255.52,3
sudeste,MG,icarai de minas,254.9,2
sul,PR,nova fatima,254.89,4
sul,SC,nova erechim,254.79,3
sul,RS,restinga seca,254.69,3
nordeste,AL,olho d'agua das flores,254.48,3
nordeste,CE,miraima,254.0,2
norte,RO,urupa,253.57,3
sudeste,MG,igaratinga,253.52,1
sudeste,MG,alterosa,252.3,3
nordeste,AL,jequia da praia,251.91,2
nordeste,BA,buritirama,251.9,2
sul,PR,quatigua,251.7,5
sudeste,MG,campo do meio,251.69,4
norte,TO,formoso do araguaia,251.28,4
sudeste,MG,pouso alto,251.0,3
sudeste,RJ,engenheiro passos,250.89,2
nordeste,SE,caninde de sao francisco,250.8,2
nordeste,MA,presidente juscelino,249.99,1
nordeste,BA,humildes,249.99,1
sul,SC,armazem,249.9,2
nordeste,CE,cedro,249.9,1
nordeste,AL,santana do ipanema,249.9,1
sudeste,MG,divinesia,249.9,1
nordeste,PE,cortes,249.89,2
nordeste,MA,campestre do maranhao,249.89,2
sul,RS,glorinha,249.8,2
sudeste,SP,potim,249.8,2
nordeste,BA,itaguacu da bahia,249.7,1
nordeste,SE,brejo grande,249.0,1
sul,SC,riqueza,248.9,3
nordeste,PB,sume,248.89,3
sudeste,SP,sarapui,248.88,2
norte,PA,vigia,248.79,3
sudeste,MG,santa helena de minas,248.34,2
nordeste,PE,buenos aires,247.9,2
sudeste,MG,pirauba,247.77,3
sudeste,MG,luisburgo,246.98,2
nordeste,BA,sapeacu,246.79,2
nordeste,CE,potengi,245.89,2
centro_oeste,MT,nova monte verde,245.79,3
sudeste,MG,vargem alegre,244.99,2
norte,PA,itaituba,243.88,3
centro_oeste,MS,ivinhema,243.69,3
sudeste,ES,irupi,242.99,2
sul,PR,inacio martins,242.99,5
norte,PA,moju,242.88,4
sul,RS,ametista do sul,242.8,2
nordeste,MA,santa luzia,242.7,2
sudeste,RJ,anta,241.88,3
norte,PA,porto trombetas,241.8,2
sudeste,SP,ocaucu,241.6,5
sudeste,MG,carmesia,241.1,1
sudeste,MG,santana dos montes,241.0,2
norte,RO,buritis,240.98,2
sudeste,RJ,sao jose do turvo,240.7,3
sudeste,MG,carvalhopolis,240.33,3
nordeste,RN,galinhos,240.0,1
sul,RS,osvaldo kroeff,239.99,1
sudeste,MG,santo antonio do grama,239.9,2
sudeste,MG,araponga,239.9,2
nordeste,PB,junco do serido,239.89,2
nordeste,MA,candido mendes,239.8,1
nordeste,CE,pentecoste,239.8,2
sudeste,SP,manduri,239.62,3
nordeste,AL,sao luis do quitunde,239.3,2
nordeste,BA,pau brasil,239.2,1
sul,SC,paulo lopes,238.99,2
sudeste,ES,muniz freire,238.9,2
sudeste,ES,presidente kennedy,238.65,2
sul,SC,maracana,238.0,2
sudeste,SP,campina do monte alegre,237.9,2
centro_oeste,GO,nazario,237.89,2
nordeste,RN,serra de sao bento,236.9,2
centro_oeste,GO,paranaiguara,236.89,3
sudeste,SP,rosana,236.6,4
sudeste,MG,jampruca,235.9,1
sudeste,MG,caiana,235.9,3
nordeste,PI,piracuruca,235.9,2
nordeste,BA,caraibas,235.9,1
norte,TO,pedro afonso,235.89,3
nordeste,SE,neopolis,235.0,1
nordeste,PE,buique,235.0,1
sul,RS,muliterno,235.0,1
nordeste,PE,joaquim nabuco,234.87,4
centro_oeste,MT,porto esperidiao,234.8,2
nordeste,BA,presidente tancredo neves,234.68,4
sul,PR,sao tome,234.07,2
sudeste,MG,pimenta,233.99,2
centro_oeste,GO,alto horizonte,233.91,2
sudeste,MG,chaveslandia,233.79,2
sudeste,MG,delfinopolis,233.59,3
sul,RS,parai,233.4,3
sul,PR,cafeara,233.0,2
sudeste,MG,luizlandia do oeste,232.99,2
sul,RS,ibiraiaras,232.98,2
sudeste,MG,cantagalo,232.95,2
nordeste,CE,novo oriente,231.98,3
nordeste,PE,moreilandia,230.9,2
nordeste,PE,flores,230.7,1
sudeste,SP,mendonca,230.37,4
nordeste,BA,itanhem,230.0,1
sudeste,MG,mamonas,230.0,1
nordeste,PE,quipapa,230.0,1
nordeste,BA,itape,230.0,1
nordeste,AL,canapi,230.0,1
sul,RS,boa vista do burica,229.99,1
norte,TO,silvanopolis,229.99,1
nordeste,RN,barauna,229.99,1
nordeste,CE,iracema,229.9,2
sudeste,MG,itamogi,229.9,2
nordeste,RN,sao paulo do potengi,229.9,2
nordeste,RN,japi,229.9,1
nordeste,RN,tenente ananias,229.9,1
sudeste,RJ,portela,229.9,1
sudeste,MG,bonfim,229.84,4
sudeste,SP,espirito santo do turvo,229.7,2
sudeste,SP,sete barras,229.69,4
sul,RS,ciriaco,229.0,1
nordeste,PE,sao jose do belmonte,228.9,2
nordeste,AL,piacabucu,228.9,2
norte,PA,benevides,228.89,2
sudeste,MG,santana do manhuacu,228.89,3
norte,PA,sao joao de pirabas,228.89,2
sudeste,MG,alpercata,228.8,2
nordeste,SE,tomar do geru,228.79,2
nordeste,BA,quijingue,228.09,2
sul,RS,boqueirao do leao,227.9,2
sul,SC,ibicare,227.4,2
sudeste,SP,estrela d'oeste,227.07,1
norte,PA,sao domingos do araguaia,227.0,1
centro_oeste,MT,sao jose dos quatro marcos,226.99,2
sudeste,SP,santa mercedes,226.99,2
nordeste,BA,olindina,226.79,3
nordeste,BA,rio de contas,226.7,3
sudeste,SP,aparecida de sao manuel,226.3,2
nordeste,BA,sao felix do coribe,226.0,1
sudeste,SP,luiziania,225.49,3
centro_oeste,MS,corguinho,225.41,2
sudeste,ES,rio bananal,225.26,4
sudeste,MG,santo antonio do itambe,225.06,3
sudeste,MG,resende costa,224.79,3
nordeste,PB,pocinhos,223.8,3
nordeste,PE,mirandiba,221.89,3
centro_oeste,MT,vila rica,221.82,3
nordeste,SE,nossa senhora da gloria,221.45,2
sudeste,MG,santa cruz de salinas,220.9,2
sul,SC,grao para,220.8,3
centro_oeste,MT,uniao do sul,220.7,1
norte,PA,placas,220.29,2
norte,TO,pequizeiro,219.99,1
nordeste,CE,mombaca,219.9,1
nordeste,AL,sao jose da laje,219.9,2
centro_oeste,MS,agua clara,219.89,2
sudeste,MG,coronel murta,219.8,1
sudeste,MG,merces,219.76,4
nordeste,AL,boca da mata,219.73,2
nordeste,CE,uruoca,219.7,2
sudeste,MG,divinolandia de minas,219.59,5
nordeste,PE,triunfo,219.0,2
sudeste,RJ,laje do muriae,219.0,1
nordeste,PB,puxinana,219.0,1
nordeste,PE,sao jose da coroa grande,218.9,2
sudeste,MG,varzelandia,218.89,3
sudeste,SP,rubiacea,218.8,2
nordeste,BA,lencois,218.0,1
nordeste,BA,quixabeira,216.94,3
sudeste,SP,gastao vidigal,216.88,3
sul,RS,condor,216.8,4
sudeste,MG,sericita,216.32,2
sudeste,SP,mineiros do tiete,216.15,3
sul,SC,antonio carlos,215.8,2
nordeste,PE,rio formoso,215.6,2
nordeste,PE,joao alfredo,215.49,3
sul,RS,progresso,215.0,1
sudeste,RJ,santo eduardo,215.0,2
centro_oeste,MT,tabapora,214.9,2
sul,PR,lunardelli,214.89,2
nordeste,CE,carnaubal,214.89,2
nordeste,AL,maravilha,214.8,2
nordeste,AL,batalha,214.79,3
nordeste,BA,crisopolis,214.6,4
sul,PR,guamiranga,214.0,1
sul,PR,mercedes,213.9,2
sudeste,MG,rubim,213.89,3
sudeste,SP,queluz,213.74,2
sudeste,MG,monte alegre de minas,213.68,4
sudeste,MG,alto rio doce,213.42,4
sudeste,SP,ilha comprida,212.98,3
sul,SC,irineopolis,212.82,4
sul,RS,rodeio bonito,212.8,2
sul,SC,timbe do sul,212.79,3
nordeste,SE,telha,212.4,1
sudeste,MG,alto jequitiba,211.89,3
sul,PR,doutor camargo,211.05,1
sudeste,MG,alvarenga,211.0,2
nordeste,PI,barras,210.88,3
sul,SC,meleiro,210.8,3
sul,RS,vale real,210.53,3
sudeste,SP,guapiara,210.29,3
sudeste,MG,cristiano otoni,210.2,2
sul,RS,santo expedito do sul,209.99,1
sul,RS,gramado dos loureiros,209.99,1
nordeste,PE,terra nova,209.99,1
nordeste,SE,tobias barreto,209.99,2
sudeste,SP,coroados,209.9,2
sul,RS,acegua,209.9,2
sul,RS,morro redondo,209.9,1
sul,PR,lupionopolis,209.75,2
sudeste,SP,ribeira,209.28,3
sudeste,MG,imbe de minas,209.0,2
sul,PR,santo antonio do sudoeste,208.95,3
sul,SC,passos maia,208.9,2
sudeste,MG,leandro ferreira,208.9,2
sul,RS,manoel viana,208.79,3
sudeste,MG,cristais,208.7,3
sudeste,SP,santa ernestina,208.16,2
sul,PR,nova laranjeiras,208.1,1
nordeste,AL,igreja nova,208.0,2
nordeste,CE,milha,207.9,2
sudeste,SP,sao jose do barreiro,207.59,3
sudeste,SP,cabralia paulista,207.29,4
sudeste,MG,descoberto,206.98,3
nordeste,BA,riachao das neves,206.89,2
sudeste,SP,santo antonio da alegria,206.79,3
sudeste,MG,sao sebastiao do maranhao,206.79,3
sudeste,MG,frei lagonegro,206.74,1
nordeste,BA,nova vicosa,205.99,1
nordeste,MA,sao vicente ferrer,205.9,1
nordeste,BA,itapitanga,205.7,3
nordeste,PB,agua branca,204.99,2
nordeste,CE,catarina,204.98,3
centro_oeste,MT,carlinda,204.9,2
nordeste,PE,tacaratu,204.89,2
sul,SC,agronomica,204.87,2
sudeste,MG,prados,204.79,3
sudeste,MG,jequitai,204.18,2
nordeste,PE,riacho das almas,203.9,2
sudeste,MG,sao jose do goiabal,202.9,2
nordeste,PE,bodoco,202.8,2
sul,RS,colorado,202.7,3
sul,PR,boa vista da aparecida,202.47,4
sudeste,SP,flora rica,200.0,1
sudeste,SP,pinheiros,199.99,1
nordeste,MA,guimaraes,199.99,1
nordeste,PE,sao vicente ferrer,199.98,2
sul,PR,bom jesus do sul,199.9,1
nordeste,PB,uirauna,199.9,1
sul,PR,nova cantu,199.9,2
centro_oeste,GO,cumari,199.9,2
nordeste,CE,dourado,199.9,1
sul,RS,herval,199.89,2
sudeste,MG,bom jesus do amparo,199.89,1
norte,RO,colorado do oeste,199.88,3
sudeste,MG,guaraciaba,199.8,2
sudeste,SP,mirante do paranapanema,199.7,3
nordeste,PE,calcado,199.0,1
sul,RS,fontoura xavier,199.0,1
nordeste,MA,alto alegre do pindare,199.0,1
sudeste,MG,macuco de minas,199.0,1
sudeste,MG,morro da garca,199.0,1
nordeste,RN,lagoa de velhos,199.0,1
sudeste,MG,capitao andrade,199.0,1
sudeste,MG,andrequice,199.0,1
sudeste,SP,galia,199.0,1
centro_oeste,GO,palminopolis,199.0,1
nordeste,PB,curral de cima,199.0,1
sul,SC,santa rosa do sul,199.0,1
nordeste,PB,fagundes,198.9,1
nordeste,RN,francisco dantas,198.9,1
sudeste,MG,capetinga,198.9,2
norte,PA,sao sebastiao da boa vista,198.9,2
sul,PR,tunas do parana,198.9,2
sudeste,SP,irapua,198.8,4
sudeste,SP,zacarias,198.8,2
sudeste,SP,mira estrela,198.0,1
norte,TO,arraias,197.9,2
nordeste,CE,ibiapina,197.89,3
centro_oeste,MS,itapora,197.88,3
centro_oeste,MS,aquidauana,197.7,4
sul,RS,novo barreiro,197.59,2
nordeste,SE,general maynard,197.5,1
nordeste,BA,santana,197.3,3
nordeste,BA,serra dourada,197.14,2
sul,PR,flor da serra do sul,197.1,2
centro_oeste,GO,diorama,196.87,2
sul,RS,salto do jacui,196.36,4
sudeste,MG,conceicao do formoso,195.99,1
sudeste,MG,cachoeira do brumado,195.9,1
nordeste,BA,urucuca,195.9,2
sudeste,MG,piumhi,195.73,3
centro_oeste,GO,padre bernardo,195.7,4
sul,PR,itaipulandia,195.17,6
norte,AC,manoel urbano,194.99,1
nordeste,PI,campo alegre do fidalgo,194.98,1
sul,SC,turvo,194.89,4
sul,PR,ipora,194.89,2
norte,TO,couto de magalhaes,194.89,2
nordeste,BA,presidente dutra,194.8,3
sul,PR,sao joao do ivai,193.9,2
sudeste,SP,lourdes,193.7,2
nordeste,MA,mata roma,193.0,2
sudeste,SP,floreal,192.89,2
nordeste,BA,jaguaquara,192.4,2
sul,RS,ajuricaba,191.9,2
nordeste,BA,planaltino,191.8,1
sudeste,MG,diogo de vasconcelos,191.62,2
sudeste,MG,divisa alegre,190.99,2
sudeste,MG,santana do deserto,190.9,1
sudeste,MG,moema,189.99,1
sudeste,SP,botelho,189.98,1
sudeste,MG,berizal,189.9,1
sul,SC,sao bernardino,189.9,1
sudeste,MG,ressaquinha,189.9,1
centro_oeste,MS,vicentina,189.9,1
nordeste,CE,iraucuba,189.89,2
sul,RS,santo antonio do planalto,189.0,1
centro_oeste,MT,curvelandia,189.0,1
nordeste,CE,tururu,189.0,1
norte,PA,curralinho,188.76,1
norte,PA,ipixuna do para,188.0,2
nordeste,CE,erere,188.0,1
sul,PR,wenceslau braz,188.0,2
sudeste,MG,bugre,187.9,1
sul,PR,paraiso do norte,187.82,3
sul,RS,ararica,187.0,2
sudeste,MG,montezuma,186.89,2
sudeste,SP,alvares florence,185.76,2
centro_oeste,MT,jaciara,185.7,3
nordeste,BA,abare,185.19,2
norte,TO,goianorte,184.99,2
sudeste,SP,herculandia,184.89,3
sudeste,MG,santa rita do ibitipoca,184.7,2
sul,RS,cerro grande do sul,184.0,2
nordeste,BA,teofilandia,183.88,3
nordeste,RN,areia branca,183.6,3
sul,RS,tuparendi,183.49,2
sul,SC,trombudo central,182.89,4
sul,PR,cerro azul,182.18,4
sul,SC,botuvera,181.9,2
sul,RS,ilopolis,181.8,3
centro_oeste,GO,hidrolina,181.47,2
sul,SC,santa rosa de lima,180.15,3
sudeste,MG,arantina,180.0,1
nordeste,PB,sao jose dos cordeiros,180.0,1
sudeste,SP,avai,179.99,1
norte,PA,santa barbara do para,179.96,1
centro_oeste,GO,campinacu,179.9,1
nordeste,AL,porto de pedras,179.9,1
sudeste,SP,aparecida de monte alto,179.9,1
nordeste,BA,saubara,179.9,1
nordeste,SE,japoata,179.9,1
sudeste,SP,alambari,179.88,3
nordeste,PI,redencao do gurgueia,179.8,1
nordeste,BA,xique-xique,179.79,3
sudeste,SP,engenheiro balduino,179.6,1
sudeste,MG,senador amaral,179.46,2
sul,PR,palmital,179.0,1
nordeste,MA,pocao de pedras,179.0,1
nordeste,CE,fortim,179.0,1
sul,RS,mato leitao,179.0,2
nordeste,BA,cipo,179.0,1
sul,RS,salvador do sul,179.0,1
sudeste,MG,fruta de leite,178.9,2
sul,SC,campo alegre,178.9,2
nordeste,SE,umbauba,178.9,3
nordeste,MA,sambaiba,178.9,1
norte,PA,oeiras do para,178.65,2
sudeste,SP,santa rita d'oeste,178.57,3
sul,PR,paranacity,178.15,3
sudeste,MG,sao goncalo do abaete,177.99,2
sul,RS,roca sales,177.9,2
nordeste,RN,martins,177.89,2
nordeste,BA,conceicao do jacuipe,177.89,3
sul,RS,sarandi,177.39,5
sul,RS,tavares,176.99,1
sudeste,MG,guape,176.96,1
centro_oeste,GO,corumbaiba,176.8,4
sul,SC,rio das antas,176.8,2
sul,SC,xavantina,176.02,2
nordeste,MA,bom jesus das selvas,175.9,2
sul,RS,nonoai,175.9,2
centro_oeste,GO,campo alegre de goias,175.89,2
sudeste,MG,tiros,175.89,3
sudeste,MG,chacara,175.7,2
nordeste,BA,sao jose da vitoria,175.65,2
nordeste,CE,frecheirinha,175.09,2
nordeste,BA,palmeiras,174.95,2
nordeste,BA,canudos,174.9,1
centro_oeste,MT,nortelandia,174.9,1
nordeste,MA,carutapera,174.9,2
sudeste,ES,celina,174.9,2
sul,SC,quilombo,174.78,4
sudeste,MG,sao joao da mata,174.78,2
nordeste,BA,belo campo,174.47,3
nordeste,RN,poco de pedra,174.0,1
sul,RS,ipe,173.9,2
nordeste,SE,macambira,173.9,1
sudeste,SP,estrela do norte,173.79,3
sudeste,MG,sao miguel do anta,173.59,1
sudeste,MG,pocrane,172.99,3
sudeste,MG,bueno brandao,172.02,4
nordeste,BA,irara,171.89,2
sudeste,MG,ladainha,171.14,2
sudeste,MG,claraval,171.0,1
sudeste,SP,santa barbara d oeste,170.92,4
sudeste,MG,sao francisco do humaita,170.8,1
sul,RS,tres arroios,170.27,3
nordeste,PI,isaias coelho,170.0,1
nordeste,RN,lagoa d'anta,170.0,1
sudeste,MG,serra bonita,169.99,1
sudeste,MG,pequi,169.99,1
nordeste,BA,apuarema,169.99,1
sudeste,MG,desembargador otoni,169.99,1
nordeste,RN,ipueira,169.99,1
sudeste,RJ,ibitioca,169.99,1
nordeste,CE,deputado irapuan pinheiro,169.98,2
sul,RS,miraguai,169.97,1
nordeste,BA,sao miguel das matas,169.94,1
nordeste,BA,america dourada,169.9,1
sudeste,MG,felicio dos santos,169.9,1
nordeste,PE,correntes,169.9,1
nordeste,BA,pindobacu,169.9,3
sul,SC,arroio trinta,169.9,1
sudeste,MG,ipuiuna,169.9,1
centro_oeste,GO,carmo do rio verde,169.89,2
sudeste,MG,sao roque de minas,169.89,2
sudeste,SP,emilianopolis,169.85,2
norte,AM,urucurituba,169.8,2
sudeste,MG,cachoeira da prata,169.8,2
sudeste,MG,azurita,169.7,3
sudeste,SP,rinopolis,169.69,3
sudeste,MG,sao goncalo do rio das pedras,169.0,1
nordeste,BA,itaparica,168.49,1
sudeste,SP,sao joao de iracema,168.38,3
nordeste,BA,brotas de macaubas,168.0,1
centro_oeste,MT,nova olimpia,168.0,2
sul,PR,alto alegre,167.99,2
sul,PR,abatia,167.89,3
sul,RS,david canabarro,167.88,2
nordeste,BA,teolandia,167.8,4
centro_oeste,MT,cotriguacu,167.66,2
nordeste,BA,aramari,167.4,2
sudeste,ES,piacu,166.99,1
sudeste,RJ,sao joao do paraiso,166.99,1
sudeste,RJ,purilandia,166.99,1
nordeste,MA,parnarama,166.99,1
sudeste,MG,luz,166.9,2
sul,PR,ventania,166.77,3
sudeste,SP,porangaba,166.39,2
nordeste,BA,sao domingos,165.31,3
sudeste,MG,acaiaca,164.9,2
nordeste,PE,cha grande,164.89,1
centro_oeste,GO,alvorada do norte,164.88,3
sudeste,MG,ataleia,164.8,2
nordeste,BA,ibiassuce,164.5,2
sul,PR,lindoeste,164.3,2
nordeste,CE,saboeiro,163.99,1
sul,RS,agua santa,163.9,2
nordeste,SE,boquim,163.9,1
centro_oeste,GO,matrincha,163.29,2
sudeste,SP,euclides da cunha paulista,163.25,2
sudeste,SP,poloni,163.12,3
sul,SC,jaguaruna,162.9,2
norte,TO,alianca do tocantins,162.79,2
sul,RS,macambara,162.74,2
sudeste,MG,ibertioga,162.5,1
nordeste,PI,luzilandia,161.8,3
sudeste,MG,nazareno,161.8,2
nordeste,PE,panelas,161.79,2
sudeste,MG,rio preto,161.68,4
nordeste,AL,lagoa da canoa,160.99,1
nordeste,BA,ichu,160.98,2
sul,PR,jaboti,160.7,2
nordeste,PE,santa filomena,160.0,1
sul,PR,santa amelia,160.0,1
sudeste,ES,santo antonio do canaa,160.0,1
nordeste,SE,itaporanga d'ajuda,159.99,1
nordeste,CE,itapage,159.99,1
nordeste,PB,pedras de fogo,159.99,2
nordeste,PI,baixa grande do ribeiro,159.99,1
centro_oeste,GO,sao joao da parauna,159.99,1
nordeste,RN,jose da penha,159.99,1
sul,SC,romelandia,159.99,1
sudeste,ES,pancas,159.94,1
sul,PR,rio verde,159.9,1
nordeste,AL,monteiropolis,159.9,1
centro_oeste,GO,mimoso de goias,159.9,1
nordeste,PB,areial,159.9,1
nordeste,RN,governador dix-sept rosado,159.9,1
nordeste,PB,triunfo,159.9,1
sul,PR,marilandia do sul,159.9,1
sudeste,MG,santa fe de minas,159.9,1
nordeste,RN,alexandria,159.8,2
nordeste,BA,muritiba,159.49,1
centro_oeste,GO,jesupolis,159.33,2
sudeste,MG,santo antonio dos campos,159.0,1
sul,RS,capivari do sul,159.0,1
centro_oeste,GO,cavalcante,158.99,2
sul,PR,roncador,158.98,2
sul,PR,espigao alto do iguacu,158.9,2
sudeste,SP,marinopolis,158.88,2
centro_oeste,GO,sao patricio,158.7,1
sul,PR,pranchita,158.67,1
nordeste,BA,abaira,157.99,2
sudeste,SP,sao sebastiao da serra,157.9,1
sudeste,ES,aguia branca,157.89,2
sul,RS,jaguari,157.89,3
sul,RS,fazenda vilanova,157.8,2
nordeste,SE,itabaianinha,157.8,2
sul,RS,capao da porteira,157.0,2
nordeste,BA,nova canaa,156.9,2
centro_oeste,GO,aragarcas,156.88,3
nordeste,RN,guamare,156.8,2
sudeste,SP,nova campina,156.5,2
sul,RS,lagoao,156.45,1
sul,RS,bossoroca,155.99,1
nordeste,PI,campo grande do piaui,155.99,1
nordeste,AL,barra de sao miguel,155.98,2
sul,RS,sao vendelino,155.98,2
nordeste,CE,massape,155.9,2
sul,RS,campina das missoes,155.8,2
sul,PR,salgado filho,155.7,3
nordeste,PI,conceicao do caninde,155.44,1
norte,PA,novo repartimento,155.0,2
sul,SC,picarras,155.0,1
sul,PR,mariopolis,154.99,1
nordeste,BA,itabatan,154.98,2
sul,PR,sapopema,154.98,2
nordeste,BA,iramaia,154.9,2
sudeste,SP,aguas de santa barbara,154.9,3
nordeste,MA,mirinzal,154.87,3
sudeste,MG,sao joao do manhuacu,154.8,2
sudeste,MG,porto firme,153.61,2
centro_oeste,GO,nova crixas,153.4,1
nordeste,BA,maragogipe,152.8,2
sudeste,MG,capim branco,152.78,2
nordeste,PI,sao lourenco do piaui,152.49,1
nordeste,CE,groairas,152.15,1
nordeste,PI,novo oriente do piaui,152.01,2
centro_oeste,GO,agua fria de goias,152.0,1
nordeste,MA,buriti,151.79,1
sul,PR,eneas marques,151.68,4
sudeste,MG,carlos chagas,150.79,3
nordeste,CE,chaval,150.0,1
nordeste,PI,pio ix,149.99,1
nordeste,PB,aroeiras,149.99,1
sudeste,SP,tecainda,149.99,1
nordeste,MA,jatoba,149.99,1
sudeste,MG,urucuia,149.99,1
nordeste,PB,santa cecilia,149.9,1
nordeste,BA,presidente janio quadros,149.9,1
sudeste,MG,mendonca,149.9,1
nordeste,PI,alegrete do piaui,149.9,1
sudeste,MG,rio espera,149.9,1
norte,RO,cabixi,149.9,1
sudeste,MG,guiricema,149.9,1
nordeste,CE,guassusse,149.9,1
nordeste,PI,sao jose do piaui,149.9,1
nordeste,BA,jaua,149.9,1
sul,RS,ivora,149.9,1
nordeste,PB,remigio,149.9,1
centro_oeste,GO,cocalzinho de goias,149.9,1
nordeste,RN,sitio novo,149.9,1
nordeste,RN,sao jose do serido,149.9,1
sudeste,MG,perpetuo socorro,149.89,2
sul,PR,luiziana,149.85,2
nordeste,CE,pacoti,149.8,2
centro_oeste,MT,nova canaa do norte,149.78,3
sul,SC,belmonte,149.7,1
sudeste,MG,dom joaquim,149.0,1
centro_oeste,MT,santo antonio do leste,149.0,1
nordeste,BA,heliopolis,149.0,1
sudeste,MG,piracema,149.0,1
sudeste,MG,simao pereira,149.0,1
sudeste,RJ,bom jesus do querendo,149.0,1
sul,PR,quatro pontes,149.0,1
sul,RS,ibarama,149.0,1
sudeste,MG,urucania,149.0,1
sudeste,MG,ribeiro junqueira,149.0,1
sul,SC,sao domingos,148.99,2
centro_oeste,GO,cachoeira dourada,148.9,2
norte,PA,mae do rio,148.89,2
nordeste,RN,ielmo marinho,148.7,2
sudeste,MG,sao jose do divino,148.0,1
sul,SC,witmarsum,147.79,3
nordeste,AL,taquarana,146.99,1
sudeste,MG,paiva,146.2,2
sudeste,SP,caiua,146.0,2
sudeste,MG,ritapolis,145.69,3
sul,RS,esmeralda,145.0,1
sul,RS,vespasiano correa,144.99,1
nordeste,BA,candeal,144.99,1
nordeste,PE,macaparana,144.88,2
sul,RS,putinga,144.8,2
centro_oeste,GO,aruana,144.8,2
nordeste,CE,carire,144.79,3
nordeste,RN,patu,144.49,3
nordeste,BA,ubata,144.0,1
centro_oeste,GO,mara rosa,143.9,2
sudeste,MG,turvolandia,143.9,2
nordeste,BA,barra,143.9,2
sul,RS,santa barbara do sul,143.8,2
nordeste,BA,nova fatima,143.8,1
sul,PR,ourizona,143.8,1
sudeste,SP,santa maria da serra,143.64,2
nordeste,PE,capoeiras,143.0,1
sudeste,SP,lucianopolis,142.9,2
sudeste,SP,itirapina,142.9,2
sul,RS,victor graeff,142.8,2
sul,PR,chopinzinho,142.38,4
nordeste,CE,parambu,141.86,4
sul,RS,vila langaro,140.64,3
sudeste,RJ,visconde de maua,140.59,3
centro_oeste,MT,salto do ceu,140.39,2
nordeste,CE,varzea alegre,140.29,2
nordeste,PB,alagoa grande,139.99,1
nordeste,BA,jussari,139.99,2
sul,SC,paial,139.99,1
sul,RS,sao joao da urtiga,139.9,1
sul,RS,alto alegre,139.9,1
nordeste,BA,cravolandia,139.9,1
sudeste,MG,central de santa helena,139.9,1
nordeste,PI,ilha grande,139.9,1
sudeste,MG,brejo bonito,139.9,1
nordeste,BA,tabocas do brejo velho,139.88,3
sudeste,MG,sao geraldo da piedade,139.8,1
sul,PR,sao clemente,139.8,1
sudeste,RJ,tres irmaos,139.8,1
sudeste,MG,angustura,139.0,1
nordeste,PB,caldas brandao,139.0,1
sul,PR,adhemar de barros,139.0,1
sul,PR,jardim olinda,139.0,1
nordeste,BA,dario meira,138.99,2
centro_oeste,GO,simolandia,138.99,2
nordeste,BA,oliveira dos brejinhos,138.9,2
sudeste,MG,machacalis,138.89,2
sul,PR,itaguaje,138.8,2
nordeste,MA,satubinha,138.79,2
sudeste,MG,senador firmino,138.57,2
sul,PR,clevelandia,138.5,3
sul,PR,iguatu,137.9,1
nordeste,MA,pastos bons,137.9,2
nordeste,BA,itapicuru,137.33,2
centro_oeste,MT,gaucha do norte,136.48,2
sudeste,MG,pirajuba,135.9,1
nordeste,PB,cubati,135.89,2
centro_oeste,MS,bataipora,135.3,1
norte,TO,centenario,134.99,1
sudeste,SP,estrela d oeste,134.9,1
sul,PR,ibema,134.9,1
nordeste,PE,quixada,134.9,1
sudeste,MG,matutina,134.89,2
nordeste,BA,pindai,134.8,2
sudeste,MG,carrancas,134.79,3
centro_oeste,GO,apore,134.64,1
sudeste,ES,jacigua,134.49,2
centro_oeste,MT,rio branco,133.88,4
sudeste,SP,lupercio,133.79,3
centro_oeste,GO,urutai,133.48,3
centro_oeste,MT,itiquira,133.0,1
nordeste,PI,agua branca,132.9,2
nordeste,CE,madalena,132.9,1
sudeste,MG,silvianopolis,132.5,3
sul,SC,caibi,132.05,3
sudeste,SP,nossa senhora do remedio,131.9,2
sudeste,ES,iuna,131.0,2
nordeste,BA,correntina,130.99,2
sul,RS,seberi,130.39,2
sul,SC,ipira,130.2,2
nordeste,PB,inga,130.0,1
sul,SC,lajeado grande,130.0,1
norte,PA,floresta do araguaia,129.99,1
nordeste,RN,carnauba dos dantas,129.99,1
centro_oeste,GO,sao luiz do norte,129.99,1
sul,PR,maua da serra,129.99,2
nordeste,PE,agua preta,129.99,1
sudeste,MG,ibiracatu,129.99,1
nordeste,AL,luziapolis,129.99,1
sul,RS,chiapetta,129.99,1
sul,PR,cruzeiro do iguacu,129.99,1
sudeste,MG,orizania,129.95,1
sudeste,MG,grupiara,129.94,1
nordeste,CE,flores,129.9,1
sudeste,MG,itatiaiucu,129.9,2
nordeste,PB,araruna,129.9,1
nordeste,PB,riacho de santo antonio,129.9,1
nordeste,RN,riacho da cruz,129.9,1
sul,PR,amapora,129.9,2
norte,PA,murucupi,129.9,1
nordeste,BA,itagimirim,129.9,1
centro_oeste,MT,porto estrela,129.9,1
centro_oeste,GO,mairipotaba,129.77,1
nordeste,PB,nova floresta,129.6,1
norte,TO,araguacu,129.5,1
sudeste,MG,comercinho,129.0,1
sudeste,MG,paula candido,129.0,1
norte,TO,carmolandia,129.0,1
sudeste,MG,corrego fundo,129.0,1
sudeste,SP,alfredo marcondes,129.0,1
nordeste,BA,mundo novo,129.0,1
sul,PR,boa esperanca,129.0,1
sudeste,SP,jeriquara,129.0,1
sul,PR,grandes rios,128.99,2
centro_oeste,MT,castanheira,128.98,3
sudeste,MG,santa cruz do prata,128.9,2
sudeste,ES,brejetuba,128.89,1
centro_oeste,MT,poxoreu,128.57,2
nordeste,MA,sao domingos do maranhao,127.89,2
centro_oeste,DF,guara,127.78,3
sul,SC,angelina,126.99,1
sul,PR,farol,126.99,1
centro_oeste,GO,corumba de goias,126.99,2
nordeste,PE,jatauba,126.89,2
sul,RS,barao de cotegipe,126.89,2
nordeste,BA,itagiba,126.89,2
sudeste,SP,jaborandi,126.29,3
nordeste,RN,sao fernando,125.9,1
sudeste,MG,piau,125.89,2
sul,SC,abdon batista,125.4,1
nordeste,BA,sao desiderio,125.0,1
centro_oeste,MT,tapurah,125.0,1
sul,RS,mariano moro,125.0,1
sul,RS,charrua,125.0,1
sudeste,SP,natividade da serra,125.0,1
sudeste,MG,inhauma,124.98,2
nordeste,BA,brejoes,124.9,1
sul,PR,imbau,124.2,2
sudeste,MG,coracao de jesus,123.9,3
nordeste,CE,barreira,123.89,1
centro_oeste,MT,juscimeira,123.8,2
sul,PR,santana,122.99,1
centro_oeste,GO,aurilandia,122.99,1
sul,RS,sao nicolau,122.99,1
nordeste,RN,felipe guerra,122.99,1
nordeste,BA,ibirapua,122.99,1
sul,RS,maquine,122.99,1
sul,RS,protasio alves,122.9,2
nordeste,PE,caetes,122.9,1
nordeste,BA,mascote,122.4,2
sul,PR,doutor ulysses,122.0,1
sul,SC,coronel martins,121.3,2
norte,TO,divinopolis do tocantins,120.99,1
centro_oeste,GO,araguapaz,120.9,2
norte,RO,mirante da serra,120.9,1
sudeste,SP,sao francisco,120.87,2
sudeste,MG,morro do ferro,120.0,1
centro_oeste,MS,tacuru,120.0,1
nordeste,PB,pitanga de estrada,120.0,1
norte,TO,lajeado,120.0,1
nordeste,RN,severiano melo,120.0,1
nordeste,BA,biritinga,120.0,1
nordeste,MA,miranda do norte,120.0,1
sudeste,MG,passa tempo,120.0,1
sul,RS,nova araca,119.99,1
nordeste,PI,santa cruz do piaui,119.99,1
sudeste,MG,sao joao das missoes,119.99,2
sul,RS,erebango,119.99,1
sudeste,SP,bora,119.9,1
sudeste,MG,cachoeira dourada,119.9,1
nordeste,BA,wagner,119.9,1
sudeste,MG,bela vista de minas,119.9,1
centro_oeste,GO,ipiranga de goias,119.9,1
nordeste,CE,mucambo,119.9,1
centro_oeste,GO,santo antonio de goias,119.9,1
sudeste,ES,vila nelita,119.9,2
sudeste,MG,serranopolis de minas,119.9,1
sudeste,MG,sardoa,119.9,1
norte,RO,presidente medici,119.89,2
sul,SC,morro grande,119.8,1
sul,RS,silveira martins,119.8,1
sudeste,MG,aracitaba,119.8,2
sudeste,MG,antunes,119.8,1
sudeste,RJ,sacra familia do tingua,119.8,1
nordeste,PB,areia,119.8,2
sul,SC,jose boiteux,119.7,1
sudeste,MG,ferros,119.6,2
nordeste,PB,bonito de santa fe,119.6,1
norte,PA,mojui dos campos,119.59,2
nordeste,BA,central,119.5,1
nordeste,BA,maiquinique,119.4,1
nordeste,BA,saude,119.4,2
sudeste,MG,andrelandia,119.36,3
sudeste,MG,senador modestino goncalves,119.32,2
nordeste,MA,araguana,119.0,1
sul,PR,sede alvorada,119.0,1
sul,RS,andre da rocha,119.0,1
sudeste,MG,campo alegre de minas,119.0,1
sudeste,SP,meridiano,119.0,1
sul,SC,sao cristovao do sul,118.99,1
sul,PR,quinta do sol,118.99,3
sul,PR,sao jose da boa vista,118.99,1
sul,RS,alpestre,118.9,1
sul,SC,treviso,118.9,1
nordeste,BA,ibitiara,118.9,1
norte,RO,guajara-mirim,118.89,3
nordeste,BA,barro preto,118.8,1
sudeste,MG,dionisio,118.8,2
sul,PR,jardim alegre,118.38,2
sul,SC,cerro negro,118.0,1
norte,RO,cerejeiras,117.99,1
nordeste,RN,marcelino vieira,117.7,1
sudeste,MG,durande,117.49,2
sul,PR,iretama,117.3,1
sudeste,MG,sao geraldo do baguari,117.3,1
sul,PR,sao pedro do iguacu,117.3,1
sul,PR,rancho alegre d'oeste,117.3,1
sudeste,SP,venda branca,117.3,1
sudeste,MG,salto da divisa,116.98,2
centro_oeste,MS,anastacio,116.9,2
sudeste,MG,senhora de oliveira,116.9,2
sudeste,MG,chale,116.4,2
sudeste,MG,careacu,116.13,2
nordeste,CE,quixelo,115.99,2
norte,TO,duere,115.9,1
sul,RS,coxilha,115.9,2
sudeste,SP,jaci,115.89,2
sudeste,MG,presidente kubitschek,115.43,2
nordeste,PI,lagoinha do piaui,115.0,1
nordeste,PI,luis correia,115.0,1
norte,TO,aparecida do rio negro,115.0,1
sul,PR,cantagalo,114.99,2
nordeste,PE,sao domingos,114.94,1
nordeste,PI,bocaina,114.9,1
sudeste,MG,cruzeiro da fortaleza,114.9,2
norte,TO,pugmil,114.9,1
centro_oeste,GO,domiciano ribeiro,114.89,2
nordeste,PB,conceicao,114.49,2
sul,SC,luiz alves,114.0,2
sudeste,MG,jacinto,113.99,2
nordeste,MA,chapadinha,113.88,3
nordeste,RN,lagoa nova,113.8,2
centro_oeste,MS,pedro gomes,113.0,1
nordeste,MA,sao joao batista,113.0,1
sul,PR,nova santa barbara,113.0,1
nordeste,PB,alagoa nova,113.0,1
centro_oeste,GO,aragoiania,112.9,1
sudeste,MG,estrela do indaia,112.8,2
sudeste,SP,presidente alves,112.61,2
sudeste,SP,neves paulista,112.58,3
sul,PR,turvo,112.1,2
sul,RS,cotipora,112.0,1
sudeste,SP,mariapolis,111.9,2
nordeste,BA,itagi,111.89,2
nordeste,RN,extremoz,111.79,2
sul,PR,manfrinopolis,111.0,1
sul,RS,lindolfo collor,110.9,1
sul,PR,ipiranga,110.89,3
nordeste,BA,wenceslau guimaraes,110.0,1
nordeste,PB,lagoa,110.0,1
nordeste,CE,independencia,110.0,1
nordeste,PI,caldeirao grande do piaui,110.0,1
sudeste,MG,umburatiba,109.99,1
sul,RS,caseiros,109.9,1
nordeste,RN,jandaira,109.9,1
sul,RS,ipiranga do sul,109.9,1
nordeste,PB,arara,109.9,1
nordeste,CE,missi,109.9,1
nordeste,AL,sao jose da tapera,109.9,1
sudeste,SP,nova canaa paulista,109.89,2
sul,RS,sao francisco de assis,109.89,2
nordeste,CE,ocara,109.89,2
nordeste,CE,aiuaba,109.7,1
sul,RS,herveiras,109.0,1
sudeste,MG,japaraiba,108.9,1
centro_oeste,GO,arenopolis,108.9,1
sudeste,MG,francisco dumont,108.89,2
norte,TO,parana,108.88,2
sudeste,SP,tapirai,108.65,2
sudeste,MG,itabirinha,108.0,1
sudeste,SP,ajapi,108.0,1
nordeste,PB,picui,107.99,2
nordeste,BA,canarana,107.9,1
sul,RS,capitao,107.8,1
sudeste,SP,igaracu do tiete,107.69,4
sudeste,MG,liberdade,107.23,3
sudeste,SP,mombuca,107.14,3
norte,TO,augustinopolis,107.0,1
norte,PA,santa maria do para,106.99,2
sudeste,SP,anhembi,106.9,1
sudeste,MG,agua comprida,106.9,2
sul,SC,peritiba,106.9,2
sudeste,MG,varjao de minas,105.8,2
nordeste,PI,itaueira,105.28,2
nordeste,MA,presidente medici,105.0,1
norte,TO,colmeia,105.0,2
sudeste,MG,quatituba,105.0,1
nordeste,PE,pombos,105.0,1
nordeste,AL,dois riachos,104.99,1
sudeste,RJ,conrado,104.9,1
sudeste,MG,sao domingos das dores,104.9,2
sudeste,MG,santo hipolito,104.4,1
sudeste,ES,divino de sao lourenco,103.97,1
sul,SC,lindoia do sul,103.9,1
sul,PR,tamarana,103.9,2
sudeste,MG,crisolita,103.9,2
sul,PR,california,103.8,2
sudeste,MG,pocoes de paineiras,102.89,1
nordeste,PI,pimenteiras,102.5,2
sudeste,MG,planura,102.16,2
sudeste,ES,governador lindenberg,101.97,2
sudeste,SP,guzolandia,101.62,1
sudeste,ES,braco do rio,101.49,2
sul,SC,sao bonifacio,101.0,1
nordeste,BA,itubera,100.73,3
nordeste,CE,oros,100.65,2
nordeste,BA,dom basilio,100.28,3
sudeste,SP,rubineia,100.0,1
sul,RS,fortaleza dos valos,100.0,1
nordeste,SE,japaratuba,99.99,1
sudeste,MG,inconfidentes,99.99,2
nordeste,BA,barrocas,99.99,1
sudeste,MG,silvano,99.99,1
nordeste,BA,campo alegre de lourdes,99.99,1
nordeste,BA,banzae,99.99,1
sudeste,SP,santa clara d'oeste,99.99,1
sul,SC,fragosos,99.99,1
nordeste,MA,brejo,99.99,1
sudeste,MG,claro dos pocoes,99.99,1
nordeste,RN,tibau do sul,99.99,1
nordeste,PE,nazare da mata,99.99,1
sul,RS,santa maria do herval,99.99,1
sudeste,MG,brasopolis,99.99,1
sudeste,RJ,mussurepe,99.99,1
sudeste,MG,bonito de minas,99.99,1
nordeste,CE,caridade,99.9,1
centro_oeste,MT,nova ubirata,99.9,1
nordeste,PE,orobo,99.9,1
nordeste,AL,cajueiro,99.9,1
sudeste,MG,sao vitor,99.9,1
nordeste,BA,umburanas,99.9,1
sul,SC,frei rogerio,99.9,1
sul,PR,douradina,99.9,1
sul,RS,sao pedro do butia,99.9,1
norte,PA,nova timboteua,99.9,1
sudeste,MG,coronel pacheco,99.9,1
sudeste,MG,olhos d'agua,99.9,1
sudeste,SP,novais,99.9,1
sudeste,MG,felisburgo,99.9,1
nordeste,RN,rodolfo fernandes,99.89,2
sudeste,SP,getulina,99.8,2
sul,SC,zortea,99.8,2
sudeste,MG,alexandrita,99.8,1
nordeste,RN,vila flor,99.73,1
nordeste,AL,pilar,99.7,3
norte,TO,pindorama do tocantins,99.66,2
nordeste,CE,palhano,99.0,1
nordeste,BA,conceicao do almeida,99.0,1
nordeste,BA,anguera,99.0,1
nordeste,MA,formosa da serra negra,99.0,1
centro_oeste,DF,sobradinho,99.0,1
sudeste,SP,paulistania,99.0,1
sul,RS,barra do rio azul,99.0,1
nordeste,PB,varzea,98.99,1
centro_oeste,MT,sao felix do araguaia,98.8,1
sul,RS,sao pedro do sul,98.7,1
nordeste,BA,gentio do ouro,98.7,1
sul,RS,barracao,98.49,2
nordeste,CE,jaguaribara,98.0,1
sudeste,MG,vermelho,98.0,1
nordeste,BA,governador mangabeira,98.0,1
nordeste,MA,lago verde,98.0,1
norte,PA,monte alegre,98.0,1
sudeste,SP,aramina,97.9,1
centro_oeste,GO,barro alto,97.9,1
sudeste,RJ,sao jose do ribeirao,97.9,1
nordeste,BA,sitio do quinto,97.89,2
sul,RS,eugenio de castro,97.0,1
centro_oeste,MT,santo antonio do leverger,97.0,1
norte,TO,ananas,96.8,1
sudeste,MG,ingai,96.0,1
sudeste,MG,sao bras do suacui,95.99,2
nordeste,MA,benedito leite,95.9,1
sul,RS,aguas claras,95.8,1
nordeste,CE,meruoca,95.0,2
nordeste,PE,ferreiros,95.0,1
nordeste,MA,sao benedito do rio preto,95.0,1
centro_oeste,MT,ipiranga do norte,95.0,1
centro_oeste,GO,goiandira,94.9,1
sudeste,SP,gaviao peixoto,94.89,2
sudeste,MG,patrocinio do muriae,94.8,2
centro_oeste,MS,caracol,94.0,1
centro_oeste,GO,portelandia,93.99,2
nordeste,MA,boa vista do gurupi,93.89,2
sul,PR,entre rios do oeste,93.89,3
sul,PR,sao carlos do ivai,93.0,1
nordeste,AL,pau d'arco,92.9,1
sudeste,SP,coronel macedo,92.9,2
sudeste,MG,vila pereira,92.8,1
sul,PR,mandirituba,92.65,2
sul,RS,aratiba,92.5,1
norte,AC,epitaciolandia,92.34,1
nordeste,BA,barro alto,91.99,2
sudeste,SP,monte castelo,91.5,1
nordeste,BA,planalto,91.0,1
sul,RS,quevedos,90.9,2
nordeste,PB,manaira,90.0,1
sul,PR,novo itacolomi,90.0,1
nordeste,MA,senador la rocque,90.0,1
sudeste,SP,pontes gestal,89.99,1
nordeste,MA,cajapio,89.99,1
nordeste,PB,brejo dos santos,89.99,1
sudeste,SP,tapinas,89.99,1
sudeste,MG,vitorinos,89.99,1
sul,PR,marilena,89.99,1
sul,PR,paranapoema,89.99,1
sudeste,MG,palmopolis,89.99,1
centro_oeste,MT,conquista d'oeste,89.99,1
norte,TO,peixe,89.99,1
centro_oeste,GO,britania,89.99,1
nordeste,BA,retirolandia,89.9,1
sudeste,ES,vargem grande do soturno,89.9,1
sul,PR,bom sucesso,89.9,1
nordeste,RN,coronel joao pessoa,89.9,1
sudeste,SP,redencao da serra,89.9,1
sudeste,ES,santa leopoldina,89.9,1
nordeste,SE,itabi,89.9,1
sudeste,SP,riversul,89.9,1
sudeste,MG,estrela do sul,89.9,1
nordeste,MA,santa rita,89.9,1
sul,PR,rancho alegre,89.9,1
sul,PR,sao jorge d'oeste,89.9,1
sul,PR,sao jorge do patrocinio,89.9,2
sul,PR,contenda,89.9,1
sul,RS,pedras altas,89.9,1
centro_oeste,GO,jaupaci,89.9,1
sul,PR,guapirama,89.9,1
centro_oeste,MS,coronel sapucaia,89.9,1
sudeste,MG,ilicinea,89.9,1
norte,RO,cujubim,89.9,1
sudeste,MG,braunas,89.9,1
sudeste,ES,atilio vivacqua,89.9,1
sudeste,RJ,penedo,89.9,1
sudeste,MG,lamim,89.9,1
nordeste,AL,coite do noia,89.9,1
centro_oeste,MS,bandeirantes,89.9,1
norte,RR,bonfim,89.9,1
nordeste,PE,machados,89.9,1
sudeste,SP,mogi-mirim,89.8,2
sudeste,SP,macaubal,89.8,1
sudeste,MG,capela nova,89.77,1
sudeste,MG,fonseca,89.65,1
nordeste,AL,atalaia,89.58,1
sul,SC,aguas mornas,89.15,1
sul,RS,vanini,89.0,1
sul,RS,general camara,89.0,1
sudeste,MG,arapua,89.0,1
nordeste,SE,aquidaba,89.0,1
sul,PR,coronel domingos soares,89.0,1
nordeste,PB,lucena,89.0,1
sudeste,MG,taparuba,89.0,1
nordeste,PB,sao francisco,89.0,1
sudeste,MG,antonio pereira,88.99,2
sudeste,SP,sao pedro do turvo,88.9,2
nordeste,MA,alto alegre do maranhao,88.9,1
sudeste,MG,goiana,88.7,3
nordeste,PE,xexeu,87.5,1
nordeste,SE,carmopolis,87.31,2
sudeste,MG,uniao de minas,87.09,3
sul,RS,coqueiro baixo,86.99,2
sul,PR,pato bragado,86.7,2
nordeste,PB,sao mamede,86.0,1
nordeste,BA,varzea nova,86.0,1
nordeste,MA,moncao,85.99,1
norte,AP,vitoria do jari,85.95,1
sudeste,ES,novo brasil,85.9,1
sudeste,MG,bom jesus da penha,85.89,2
sul,PR,vila nova,85.47,2
sudeste,SP,piquerobi,85.0,1
sul,RS,vila nova do sul,84.99,1
nordeste,BA,cotegipe,84.99,1
nordeste,PE,santo antonio das queimadas,84.99,1
nordeste,RN,janduis,84.99,1
nordeste,PB,montadas,84.99,1
nordeste,BA,caturama,84.99,2
sudeste,MG,major porto,84.99,1
nordeste,PI,lagoa do piaui,84.99,1
sudeste,MG,entre folhas,84.99,1
sul,PR,nova esperanca do sudoeste,84.99,1
nordeste,PB,serra branca,84.9,1
sul,PR,perola independente,84.9,1
nordeste,BA,santa brigida,84.9,1
centro_oeste,GO,itaguaru,84.89,2
norte,TO,esperantina,84.44,1
sudeste,MG,guarda-mor,83.9,2
sul,RS,senador salgado filho,83.8,1
centro_oeste,GO,turvania,83.7,2
centro_oeste,GO,ouro verde de goias,82.9,1
centro_oeste,GO,itaguacu,82.89,2
sul,RS,tres forquilhas,82.8,1
centro_oeste,GO,jussara,82.79,3
sudeste,MG,riachinho,82.34,2
sudeste,SP,santa salete,81.99,1
sudeste,SP,candido rodrigues,81.79,4
sul,RS,sinimbu,81.78,2
nordeste,CE,assare,81.0,1
norte,TO,barrolandia,80.99,2
nordeste,BA,piata,80.98,2
sudeste,MG,bias fortes,80.9,2
sudeste,MG,ouro verde de minas,80.79,2
nordeste,MA,sao joao do paraiso,80.04,1
nordeste,PB,assuncao,80.0,1
sul,PR,perobal,80.0,1
nordeste,SE,monte alegre de sergipe,80.0,1
nordeste,RN,frutuoso gomes,79.99,1
sudeste,SP,iaras,79.99,1
sudeste,MG,ewbank da camara,79.99,1
sul,SC,coronel freitas,79.99,1
sul,RS,barao do triunfo,79.99,1
nordeste,PE,cha de alegria,79.99,1
nordeste,SE,nossa senhora de lourdes,79.99,1
sul,RS,monte belo do sul,79.98,1
sudeste,MG,materlandia,79.98,2
sul,PR,campo bonito,79.9,1
nordeste,MA,vargem grande,79.9,1
sul,RS,dezesseis de novembro,79.9,1
nordeste,BA,filadelfia,79.9,1
nordeste,MA,santa luzia do parua,79.9,1
sudeste,MG,campo azul,79.9,1
sudeste,ES,ponto belo,79.9,1
sudeste,SP,ubirajara,79.9,1
nordeste,AL,novo lino,79.9,1
sul,RS,rio dos indios,79.9,1
sudeste,MG,olaria,79.9,1
sul,SC,paraiso,79.9,1
sudeste,ES,paraju,79.9,1
nordeste,BA,andarai,79.9,1
sul,PR,querencia do norte,79.9,1
sul,RS,santana da boa vista,79.89,2
nordeste,BA,elisio medrado,79.82,2
centro_oeste,GO,teresina de goias,79.0,1
centro_oeste,GO,divinopolis de goias,79.0,1
sudeste,RJ,santa rita da floresta,79.0,1
sudeste,SP,rincao,79.0,1
norte,TO,praia norte,79.0,1
nordeste,CE,banabuiu,79.0,1
nordeste,PE,sao joaquim do monte,79.0,1
sul,RS,ipiranga,79.0,1
sudeste,SP,nantes,79.0,1
nordeste,MA,vitoria do mearim,78.9,2
sudeste,MG,sao francisco de paula,78.89,2
sudeste,SP,vargem,78.8,2
nordeste,PE,aracoiaba,78.67,2
norte,PA,aurora do para,78.0,1
sul,SC,monte castelo,78.0,1
nordeste,PI,inhuma,78.0,1
norte,TO,almas,78.0,1
sudeste,MG,santo antonio do aventureiro,77.99,1
sul,RS,sao jose do inhacora,77.99,1
centro_oeste,MT,figueiropolis d'oeste,77.98,2
nordeste,SE,cristinapolis,77.9,1
sudeste,MG,sapucaia,77.9,1
nordeste,BA,paripiranga,77.71,2
sudeste,MG,alagoa,77.68,1
sudeste,MG,juvenilia,77.48,2
sudeste,SP,suzanapolis,76.9,1
sul,RS,augusto pestana,76.88,2
centro_oeste,MS,deodapolis,76.8,2
sudeste,MG,bras pires,76.8,2
nordeste,CE,antonina do norte,76.8,1
sul,PR,engenheiro beltrao,76.8,2
nordeste,SE,campo do brito,76.8,1
sudeste,MG,brasilandia de minas,76.25,1
nordeste,BA,aracatu,75.99,1
nordeste,AL,ibateguara,75.9,2
sul,PR,pirapo,75.27,1
nordeste,PB,jerico,75.0,1
sudeste,SP,nova guataporanga,75.0,1
centro_oeste,MS,jaraguari,75.0,2
sudeste,MG,felixlandia,75.0,1
sudeste,SP,guatapara,75.0,1
sudeste,MG,dom cavati,74.99,1
norte,AC,porto acre,74.9,1
sul,SC,novo horizonte,74.9,1
sudeste,SP,cassia dos coqueiros,74.9,1
sudeste,MG,nacip raydan,74.9,1
sudeste,MG,frei gaspar,74.9,1
sul,RS,lagoa dos tres cantos,74.9,1
sudeste,SP,espigao,74.89,2
nordeste,BA,adustina,74.8,1
sul,PR,alto alegre do iguacu,74.7,2
sul,PR,adrianopolis,73.9,1
sul,RS,santo antonio do palma,73.89,2
nordeste,MA,joselandia,73.35,1
sudeste,MG,monte formoso,72.99,2
sudeste,MG,pedra do indaia,72.99,1
norte,RO,cacaulandia,72.9,1
sul,PR,mato rico,72.9,1
nordeste,CE,itarema,72.9,1
nordeste,PI,avelino lopes,72.89,2
nordeste,BA,arraial d ajuda,72.62,1
sudeste,SP,serra azul,72.5,1
nordeste,BA,salobro,72.2,1
nordeste,MA,matoes,72.0,1
nordeste,BA,piripa,71.99,2
sudeste,SP,termas de ibira,71.9,1
sul,RS,taquarucu do sul,70.0,1
sul,SC,bom retiro,70.0,1
sudeste,SP,cipo-guacu,69.99,1
centro_oeste,MT,itanhanga,69.99,1
nordeste,PB,juripiranga,69.99,1
sudeste,SP,planalto,69.99,1
centro_oeste,MS,anaurilandia,69.99,1
sudeste,MG,ravena,69.99,1
sul,RS,nova padua,69.9,1
sul,RS,piratini,69.9,1
nordeste,BA,boquira,69.9,1
sul,PR,formosa do oeste,69.9,1
sudeste,MG,morro do pilar,69.9,1
sul,PR,florida,69.9,1
sudeste,MG,sao francisco do gloria,69.9,1
sudeste,MG,glaura,69.9,1
sudeste,ES,laranja da terra,69.9,1
sudeste,RJ,macuco,69.9,1
sudeste,MG,itutinga,69.9,1
sudeste,MG,moeda,69.9,1
sul,PR,vila reis,69.9,1
norte,RO,ministro andreazza,69.9,1
sudeste,SP,onda verde,69.81,1
norte,PA,igarape-acu,69.0,1
centro_oeste,MS,anhandui,69.0,1
sudeste,MG,cascalho rico,69.0,1
nordeste,PI,lagoa de sao francisco,68.99,1
sul,RS,guarani das missoes,68.66,2
sul,PR,ilha dos valadares,67.99,1
sudeste,RJ,valao do barro,67.1,1
sul,PR,conselheiro mairinck,67.0,1
sudeste,SP,buritizal,66.99,2
sudeste,MG,rio doce,66.0,1
nordeste,RN,angicos,65.99,1
sudeste,MG,bertopolis,65.9,1
sul,PR,santo inacio,65.9,1
sudeste,MG,capitao eneas,65.6,1
sul,PR,serra dos dourados,65.0,1
nordeste,MA,goncalves dias,65.0,1
nordeste,SE,ribeiropolis,65.0,1
sudeste,SP,paranapua,64.99,2
nordeste,PE,alianca,64.99,1
nordeste,BA,teodoro sampaio,64.9,1
nordeste,PE,itaquitinga,64.89,2
nordeste,AL,matriz de camaragibe,64.0,1
sul,RS,sao jorge,63.99,1
sudeste,RJ,passa tres,63.85,2
sul,PR,guairaca,63.8,1
nordeste,BA,anage,63.8,1
nordeste,AL,agua branca,63.8,1
nordeste,BA,cristopolis,63.41,2
sul,RS,garruchos,62.9,1
centro_oeste,MS,terenos,62.89,1
nordeste,RN,pedro velho,61.99,1
sul,RS,tapera,61.8,1
nordeste,BA,ibipeba,61.7,1
nordeste,BA,muquem do sao francisco,61.32,2
sudeste,SP,pontalinda,60.8,2
sudeste,SP,taiacu,60.5,1
sudeste,SP,guarapua,60.0,1
sudeste,MG,pavao,60.0,1
norte,PA,morada nova,59.99,1
sul,RS,novo machado,59.99,1
nordeste,BA,jandaira,59.99,1
sudeste,MG,camacho,59.99,1
sudeste,SP,sarutaia,59.9,1
sudeste,MG,padre paraiso,59.9,1
sul,PR,sao miguel do cambui,59.9,1
sudeste,MG,pinhotiba,59.9,1
norte,PA,mocajuba,59.9,1
sudeste,MG,mesquita,59.9,1
sudeste,MG,lagoa dos patos,59.9,1
norte,TO,buriti do tocantins,59.9,1
sudeste,SP,oleo,59.9,1
norte,TO,fatima,59.9,1
sudeste,MG,santa rita do itueto,59.9,1
sudeste,SP,palmares paulista,59.9,1
sudeste,MG,sao domingos,59.9,1
sul,RS,cerrito,59.9,1
sudeste,SP,pedranopolis,59.9,1
sudeste,ES,praia grande,59.9,1
sul,RS,rainha do mar,59.9,1
nordeste,RN,messias targino,59.9,1
sudeste,RJ,itacurussa,59.9,1
centro_oeste,MS,brasilandia,59.9,1
sul,RS,porto lucena,59.89,1
sudeste,SP,salmourao,59.88,2
sudeste,MG,sao mateus de minas,59.88,1
sudeste,MG,campo florido,59.8,1
norte,AC,brasileia,59.7,1
sul,RS,jacuizinho,59.54,1
sul,SC,galvao,59.5,1
centro_oeste,MT,novo mundo,59.15,1
nordeste,BA,lamarao,59.0,1
sudeste,MG,queixada,59.0,1
sul,SC,rio rufino,59.0,1
nordeste,CE,lages,59.0,1
sudeste,SP,jamaica,59.0,1
centro_oeste,GO,hidrolandia,58.99,1
nordeste,PB,pilar,58.99,1
sudeste,SP,anhumas,58.99,1
nordeste,CE,croata,58.99,1
sul,PR,nova america da colina,58.99,1
sudeste,MG,paineiras,58.99,1
nordeste,CE,uruburetama,58.99,1
nordeste,BA,cairu,58.99,1
sul,PR,palmeirinha,58.92,2
nordeste,BA,castro alves,58.9,2
sul,PR,porto amazonas,58.79,2
sul,PR,matelandia,57.98,2
norte,AM,itacoatiara,57.98,1
centro_oeste,MS,sonora,57.98,2
sul,PR,barra do jacare,57.9,1
sudeste,MG,dores de guanhaes,57.9,1
sudeste,RJ,bacaxa,57.9,1
nordeste,BA,caem,57.9,1
sudeste,MG,rubelita,57.89,1
sul,PR,alto paraiso,56.99,1
nordeste,BA,condeuba,56.99,1
sul,RS,itaara,56.99,1
sudeste,RJ,piao,56.99,1
nordeste,BA,varzea do poco,56.99,1
sul,PR,santa cecilia do pavao,56.99,1
sudeste,SP,iacri,56.98,2
sul,PR,inaja,56.9,2
sudeste,ES,sao joao do sobrado,55.92,1
nordeste,BA,dom macedo costa,55.9,1
sudeste,MG,berilo,55.9,1
sudeste,MG,jaguaracu,55.9,1
norte,TO,arapoema,55.9,1
nordeste,BA,itamira,55.9,2
sul,PR,campo do tenente,55.9,1
sudeste,SP,itaoca,55.8,1
nordeste,CE,taperuaba,55.49,1
sudeste,SP,balbinos,55.32,1
sul,RS,novo cabrais,55.0,1
sudeste,MG,tocos do moji,55.0,1
centro_oeste,MS,porto murtinho,55.0,1
nordeste,BA,salinas da margarida,55.0,1
sudeste,MG,canaa,54.99,1
nordeste,BA,amargosa,54.99,1
sudeste,SP,pereiras,54.99,1
sul,PR,alto sao joao,54.99,1
nordeste,CE,itapiuna,54.98,2
nordeste,BA,carnaiba do sertao,54.98,1
sul,RS,pouso novo,54.9,1
sul,RS,sete de setembro,54.9,1
nordeste,PB,prata,54.9,1
nordeste,PB,santo andre,54.9,1
sul,SC,guaraciaba,54.9,1
sul,PR,nossa senhora das gracas,54.8,2
sudeste,MG,monsenhor paulo,53.99,1
nordeste,BA,sento se,53.99,1
sudeste,MG,cajuri,53.9,1
centro_oeste,MS,angelica,53.9,1
sul,SC,lebon regis,53.9,1
sul,PR,santana do itarare,53.9,1
centro_oeste,GO,brazabrantes,53.5,2
sul,SC,presidente nereu,52.99,1
sul,RS,cerro grande,52.9,1
sul,RS,gramado xavier,52.9,1
sul,RS,nova boa vista,52.9,1
nordeste,BA,ibirataia,52.8,2
sudeste,MG,sao thome das letras,52.8,2
sudeste,MG,sao benedito,52.64,1
sudeste,SP,piacatu,51.19,1
centro_oeste,GO,nova america,51.0,1
sudeste,ES,pacotuba,50.9,1
nordeste,RN,vicosa,50.9,1
nordeste,PB,pedra lavrada,50.0,1
sul,RS,padre gonzales,50.0,1
nordeste,BA,cocos,49.99,1
centro_oeste,GO,mossamedes,49.99,1
centro_oeste,GO,nova roma,49.99,1
sudeste,MG,pratapolis,49.99,1
sudeste,SP,bandeirantes d'oeste,49.99,1
sudeste,MG,serra do salitre,49.99,1
sudeste,MG,amparo da serra,49.95,1
sul,RS,almirante tamandare do sul,49.9,1
sul,SC,santa terezinha,49.9,1
nordeste,RN,pedra preta,49.9,1
sul,SC,calmon,49.9,1
sul,PR,guaraquecaba,49.9,1
sudeste,MG,miradouro,49.9,1
sudeste,RJ,pureza,49.9,1
sudeste,ES,quilometro 14 do mutum,49.9,1
sudeste,MG,santana de pirapama,49.9,1
sul,RS,pinto bandeira,49.9,1
sul,SC,agrolandia,49.9,1
centro_oeste,DF,ceilandia,49.9,1
sudeste,SP,palmeira d oeste,49.9,1
sul,RS,selbach,49.9,1
nordeste,AL,maribondo,49.9,1
nordeste,MA,santa quiteria do maranhao,49.9,1
sudeste,MG,patis,49.9,1
nordeste,BA,chorrocho,49.9,1
sul,PR,santa margarida,49.9,1
norte,PA,juruti,49.9,1
sul,SC,rio dos cedros,49.9,1
sudeste,MG,caparao,49.9,1
nordeste,AL,murici,49.9,1
sul,PR,bocaiuva do sul,49.89,2
sudeste,SP,corumbatai,49.59,2
sul,PR,doce grande,49.49,1
sul,RS,jacutinga,49.39,1
centro_oeste,MT,sao jose do xingu,49.3,1
sudeste,MG,baguari,49.0,1
nordeste,PE,tamandare,49.0,1
sul,PR,foz do jordao,49.0,1
sul,SC,iomere,49.0,1
nordeste,BA,mansidao,49.0,1
nordeste,MA,bela vista do maranhao,49.0,1
sudeste,SP,elisiario,49.0,1
sul,PR,vitorino,49.0,1
norte,PA,jacareacanga,49.0,1
sudeste,ES,araguaia,49.0,1
sudeste,SP,tuiuti,49.0,1
sul,PR,santa lucia,48.9,1
nordeste,RN,bodo,48.9,1
norte,PA,pau d'arco,48.9,1
sul,RS,nova brescia,48.9,1
sudeste,MG,itaguara,48.89,2
sul,RS,machadinho,48.0,1
nordeste,SE,indiaroba,48.0,1
centro_oeste,MS,ribas do rio pardo,47.9,1
nordeste,PB,jacarau,47.81,1
sudeste,SP,populina,47.6,1
sul,RS,tiradentes do sul,46.86,1
nordeste,MA,humberto de campos,45.9,1
nordeste,CE,amontada,45.9,1
centro_oeste,GO,crominia,45.9,1
centro_oeste,MS,gloria de dourados,45.8,1
sudeste,SP,queiroz,45.0,1
nordeste,BA,ibiajara,45.0,1
nordeste,BA,dias d avila,45.0,1
sul,PR,sao sebastiao da amoreira,45.0,1
nordeste,BA,ribeira do amparo,45.0,1
nordeste,RN,antonio martins,45.0,1
nordeste,PB,pedra branca,44.99,1
nordeste,CE,tabuleiro do norte,44.99,1
sul,PR,fenix,44.99,1
sul,RS,pontao,44.9,1
nordeste,BA,apora,44.9,1
nordeste,BA,baixa grande,44.0,1
sudeste,MG,ubai,43.5,1
sul,PR,candoi,43.0,1
sudeste,SP,agisse,43.0,1
nordeste,AL,traipu,42.99,1
nordeste,BA,guaratinga,42.99,2
sudeste,MG,cedro do abaete,42.99,1
norte,RO,castanheiras,42.9,1
nordeste,RN,agua nova,42.0,1
nordeste,BA,aribice,42.0,1
centro_oeste,MT,nobres,41.99,1
nordeste,AL,passo de camaragibe,41.98,1
sudeste,SP,florinia,41.5,1
sudeste,MG,ponto dos volantes,41.4,2
sul,RS,mampituba,40.95,1
sul,PR,juranda,40.9,2
nordeste,MA,maranhaozinho,40.9,1
nordeste,PE,siriji,39.99,1
sudeste,MG,conceicao da ibitipoca,39.99,1
nordeste,RN,vera cruz,39.99,1
nordeste,PE,terezinha,39.99,1
nordeste,PE,sao benedito do sul,39.99,1
nordeste,BA,igapora,39.99,1
sul,SC,ponte alta do norte,39.99,1
nordeste,BA,capela do alto alegre,39.99,1
nordeste,SE,riachuelo,39.97,1
nordeste,PE,cupira,39.9,1
sul,RS,itatiba do sul,39.9,1
nordeste,AL,girau do ponciano,39.9,1
nordeste,BA,itaju do colonia,39.9,1
sudeste,MG,natercia,39.9,1
sul,RS,alegria,39.9,1
norte,RO,mutum parana,39.9,1
nordeste,BA,varzedo,39.9,1
sudeste,MG,desterro de entre rios,39.9,1
nordeste,PB,mae d'agua,39.89,1
sul,PR,campo magro,39.8,1
centro_oeste,GO,formoso,39.0,1
sudeste,MG,coimbra,38.9,1
sudeste,MG,santa maria do salto,38.0,1
sudeste,MG,acucena,38.0,1
nordeste,BA,belmonte,37.99,1
nordeste,MA,passagem franca,37.98,1
sudeste,MG,joaima,37.9,1
sul,RS,unistalda,37.9,1
nordeste,CE,pindoretama,37.55,1
nordeste,BA,jussiape,37.0,1
nordeste,PI,alvorada do gurgueia,37.0,1
centro_oeste,MS,inocencia,36.9,1
centro_oeste,MS,sanga puita,36.9,1
nordeste,BA,santana do sobrado,36.9,1
nordeste,CE,pedra branca,36.89,2
nordeste,CE,lagoa do mato,35.99,1
sudeste,MG,virginia,35.9,1
sul,PR,boa esperanca do iguacu,35.9,1
sudeste,MG,divino das laranjeiras,35.9,1
nordeste,RN,florania,35.5,1
sudeste,MG,miravania,35.0,1
nordeste,PB,sao bentinho,35.0,1
nordeste,CE,capistrano,35.0,1
nordeste,MA,peri mirim,34.99,1
centro_oeste,MS,paraiso das aguas,34.99,1
sul,PR,sao jorge do oeste,34.9,1
nordeste,PB,teixeira,34.9,1
nordeste,BA,antonio goncalves,34.9,1
sudeste,SP,gabriel monteiro,34.9,1
sudeste,MG,martinesia,34.89,1
sudeste,SP,parisi,34.49,1
sul,SC,arvoredo,34.3,1
sudeste,RJ,jaguarembe,33.99,1
sudeste,MG,vermelho novo,33.87,1
sul,RS,vitoria das missoes,33.8,1
centro_oeste,GO,damianopolis,33.64,2
sul,RS,guabiju,33.6,1
nordeste,CE,itaicaba,32.99,1
sul,RS,colinas,32.99,1
centro_oeste,MS,prudencio thomaz,32.99,1
centro_oeste,GO,morro agudo de goias,32.9,1
norte,PA,santo antonio do taua,32.9,1
nordeste,AL,cacimbinhas,32.5,1
sul,RS,picada cafe,32.0,1
sudeste,RJ,jamapara,32.0,1
sudeste,RJ,bemposta,32.0,1
sudeste,MG,morro vermelho,31.9,1
nordeste,MA,sao francisco do brejao,31.9,1
norte,PA,ourem,31.9,1
sul,PR,alexandra,31.9,1
sul,RS,barao,31.9,1
nordeste,BA,cabaceiras do paraguacu,31.9,1
sul,SC,santa cruz do timbo,30.99,1
nordeste,RN,lagoa salgada,30.24,1
sul,SC,dona emma,30.21,1
sudeste,MG,santa rita de jacutinga,29.99,1
centro_oeste,MT,vila bela da santissima trindade,29.99,1
nordeste,PI,angical do piaui,29.99,1
centro_oeste,GO,buriti alegre,29.99,1
sudeste,MG,centralina,29.99,1
nordeste,CE,coreau,29.99,1
norte,AP,porto grande,29.99,1
nordeste,MA,arame,29.99,1
centro_oeste,MS,guia lopes da laguna,29.99,1
nordeste,BA,gongogi,29.99,1
nordeste,BA,igrapiuna,29.99,1
sudeste,MG,senhora dos remedios,29.99,1
sul,RS,segredo,29.94,1
sudeste,MG,pescador,29.9,1
sudeste,MG,antonio carlos,29.9,1
sul,RS,marques de souza,29.9,1
sul,PR,sulina,29.9,1
norte,TO,nova olinda,29.9,1
centro_oeste,MT,ribeirao cascalheira,29.9,1
nordeste,AL,sao bras,29.9,1
nordeste,PE,jurema,29.5,1
sul,RS,monte bonito,29.5,1
sul,PR,jussara,29.49,1
nordeste,BA,pirai do norte,29.49,1
nordeste,PI,caxingo,29.0,1
sudeste,SP,boraceia,29.0,1
norte,TO,combinado,29.0,1
sudeste,SP,fernao,29.0,1
sul,PR,rosario do ivai,29.0,1
sul,RS,paraiso do sul,28.99,1
nordeste,CE,ibicuitinga,28.99,1
sul,PR,vitoria,28.99,1
sudeste,MG,indianopolis,28.99,1
centro_oeste,MT,apiacas,28.99,1
sudeste,RJ,corrego do ouro,28.9,1
sudeste,RJ,vargem alegre,28.9,1
sudeste,MG,silveira carvalho,28.9,1
nordeste,BA,acajutiba,28.89,1
sudeste,RJ,barao de juparana,28.49,1
nordeste,MA,rosario,28.12,1
sudeste,SP,turmalina,28.0,1
sul,PR,laranjal,27.99,1
norte,PA,igarape-miri,27.99,1
sul,RS,boa vista do sul,27.99,1
centro_oeste,GO,novo planalto,27.99,1
sudeste,ES,sao joao de petropolis,27.99,1
nordeste,RN,sao tome,27.99,1
nordeste,BA,sao felix,27.9,1
sul,PR,icaraima,27.9,1
sul,PR,corumbatai do sul,27.49,1
sudeste,ES,ibiracu,27.3,1
centro_oeste,GO,turvelandia,27.3,1
norte,PA,ulianopolis,27.3,1
nordeste,RN,sao joao do sabugi,26.9,1
nordeste,MA,bom jardim,25.9,1
centro_oeste,MS,eldorado,25.9,1
sul,RS,coqueiros do sul,25.73,1
sudeste,MG,corrego danta,25.4,1
sudeste,ES,angelo frechiani,25.32,1
centro_oeste,MT,nova guarita,25.0,1
sudeste,MG,guinda,25.0,1
sudeste,MG,santana do capivari,25.0,1
sul,SC,leoberto leal,24.99,1
sul,SC,uniao do oeste,24.99,1
norte,PA,tome-acu,24.99,1
nordeste,MA,sitio novo,24.99,1
centro_oeste,GO,flores de goias,24.99,1
nordeste,PI,sebastiao leal,24.99,1
sudeste,MG,desterro do melo,24.9,1
nordeste,PI,rio grande do piaui,24.9,1
sudeste,MG,sobralia,24.9,1
sudeste,MG,delfim moreira,24.9,1
nordeste,BA,satiro dias,24.5,1
centro_oeste,GO,mutunopolis,24.41,1
nordeste,PE,vertentes,23.99,1
nordeste,SE,malhador,23.99,1
sudeste,SP,nova independencia,23.9,1
norte,TO,novo jardim,23.9,1
nordeste,RN,jardim de piranhas,23.9,1
nordeste,AL,santa luzia do norte,23.8,1
sudeste,RJ,sao sebastiao de campos,23.8,1
nordeste,BA,ipecaeta,23.4,1
sudeste,MG,pedra menina,23.4,1
nordeste,BA,monte santo,23.21,1
centro_oeste,GO,jandaia,23.2,1
sudeste,RJ,cambiasca,22.99,1
sudeste,SP,nova luzitania,22.9,1
sul,RS,serio,22.9,1
sul,RS,pareci novo,22.0,1
sul,RS,vista alegre,22.0,1
sul,RS,vale do sol,21.99,1
nordeste,AL,vicosa,21.9,1
sul,RS,sertao santana,20.9,1
nordeste,PI,francisco santos,20.9,1
norte,TO,pium,20.0,1
nordeste,SE,sao miguel do aleixo,20.0,1
sul,PR,barracao,19.99,1
nordeste,RN,monte alegre,19.99,1
centro_oeste,GO,jardim abc de goias,19.99,1
sudeste,MG,cuite velho,19.99,1
sudeste,SP,aparecida d'oeste,19.9,1
nordeste,SE,santo amaro das brotas,19.9,1
sul,RS,faxinalzinho,19.9,1
nordeste,BA,nova redencao,19.9,1
sul,SC,presidente castello branco,19.9,1
nordeste,BA,joao dourado,19.9,1
sul,PR,tupassi,19.9,1
sul,RS,pinhal da serra,19.9,1
sudeste,MG,minduri,19.9,1
nordeste,RN,sao rafael,19.9,1
nordeste,RN,santa maria,19.83,1
sul,SC,caxambu do sul,19.5,1
sul,PR,balsa nova,19.45,1
nordeste,CE,pires ferreira,18.95,1
nordeste,CE,vicosa do ceara,18.95,1
sul,PR,leopolis,18.9,1
sul,RS,uniao da serra,18.5,1
centro_oeste,GO,montividiu do norte,17.99,1
sudeste,MG,uruana de minas,17.9,1
sul,SC,macieira,17.46,1
sul,RS,agudo,17.0,1
sudeste,MG,crucilandia,17.0,1
sul,RS,presidente lucena,16.99,1
centro_oeste,GO,trombas,16.97,1
centro_oeste,DF,santa maria,16.9,1
sul,RS,travesseiro,16.6,1
nordeste,PI,simplicio mendes,16.6,1
nordeste,CE,porteiras,16.55,1
sudeste,MG,sao bento abade,16.0,1
nordeste,MA,amapa do maranhao,15.9,1
nordeste,PI,demerval lobao,15.0,1
nordeste,CE,missao velha,14.99,1
sudeste,RJ,boa ventura,14.9,1
sul,PR,ouro verde do oeste,14.9,1
sudeste,SP,ibitiuva,14.9,1
sul,RS,estrela velha,14.9,1
nordeste,CE,mauriti,14.9,1
centro_oeste,GO,cabeceiras,14.9,1
sudeste,RJ,duas barras,14.89,1
sudeste,MG,estevao de araujo,14.2,1
sul,PR,reserva do iguacu,14.0,1
nordeste,BA,brejolandia,13.98,1
nordeste,BA,jacuipe,13.98,1
norte,PA,tracuateua,13.98,1
nordeste,PI,nova santa rita,13.98,1
sudeste,MG,ponto do marambaia,13.7,1
nordeste,BA,canapolis,13.65,1
nordeste,PI,marcos parente,13.65,1
sudeste,MG,tuparece,13.5,1
centro_oeste,GO,cezarina,13.49,1
sul,RS,vicente dutra,12.99,1
sul,RS,liberato salzano,12.99,1
nordeste,PI,joaquim pires,12.97,1
nordeste,PI,varzea grande,12.5,1
sudeste,MG,nova resende,10.99,1
sudeste,MG,estiva,10.9,1
sul,PR,planaltina do parana,10.75,1
centro_oeste,GO,bom jardim de goias,10.0,1
sul,PR,tamboara,8.99,1
norte,PA,medicilandia,8.99,1
nordeste,BA,erico cardoso,8.09,1
sudeste,RJ,santa maria,8.0,1
sudeste,MG,jenipapo de minas,7.48,1
norte,PA,senador jose porfirio,6.0,1
sudeste,MG,santo antonio do rio abaixo,6.0,1
sul,PR,sabaudia,5.9,1
sul,RS,polo petroquimico de triunfo,5.6,1
