category_name_en,seller_id,seller_state,revenue_items_only,sold_items
agro_industry_and_commerce,e59aa562b9f8076dd550fcddf0e73491,PR,31574.3,84
agro_industry_and_commerce,6bd69102ab48df500790a8cecfc285c2,SP,8070.0,5
agro_industry_and_commerce,f08a5b9dd6767129688d001acafc21e5,RS,7535.54,9
agro_industry_and_commerce,2528744c5ef5d955adc318720a94d2e7,SP,6245.0,5
agro_industry_and_commerce,31ae0774c17fabd06ff707cc5bde005f,SP,5169.89,7
agro_industry_and_commerce,6481e96574816ead57975da2c0f6d80d,SP,1992.6,15
agro_industry_and_commerce,d17f467e4bf608a510c20d82f4ba3b6b,RS,1948.04,7
agro_industry_and_commerce,397c4d0c005b6f41f90098ac724e28cb,SP,1899.0,1
agro_industry_and_commerce,a420f60ff1aa9acc80d0e42959f2b313,SP,1234.0,1
agro_industry_and_commerce,cfd7ddab722b902f7ac5b5f3ba6d723d,MG,996.0,2
agro_industry_and_commerce,269cff2d3c8d205c11f37a52402ea93b,SP,721.69,4
agro_industry_and_commerce,1996942dc085d7773ba77a529b163cd0,SP,559.99,1
agro_industry_and_commerce,0ed6ce5d87fd9c69eaacaeb778d67235,SP,544.6,4
agro_industry_and_commerce,299c89a525fee36c567f4fe72f038100,CE,469.0,1
agro_industry_and_commerce,634964b17796e64304cadf1ad3050fb7,RJ,420.0,1
agro_industry_and_commerce,ef506c96320abeedfb894c34db06f478,SP,407.87,13
agro_industry_and_commerce,b2ba3715d723d245138f291a6fe42594,SP,384.9,1
agro_industry_and_commerce,d9e8c084b68fe958861d8f2c21202e6b,SP,350.0,10
agro_industry_and_commerce,955fee9216a65b617aa5c0531780ce60,SP,285.5,14
agro_industry_and_commerce,88ef59b51bdaa941d10a853429f2b6ce,PR,252.9,2
agro_industry_and_commerce,7238a95bb63ef7e498389fb863b834a1,SP,228.0,3
agro_industry_and_commerce,55bb6fe5bebe5012e2d7d9928e1128ff,SP,197.0,2
agro_industry_and_commerce,06579cb253ecd5a3a12a9e6eb6bf8f47,SP,186.8,2
agro_industry_and_commerce,4e922959ae960d389249c378d1c939f5,SP,177.0,7
agro_industry_and_commerce,5194c22ed1f616ec0c0f33c571542879,MG,149.9,1
agro_industry_and_commerce,8a9260f2b0340411d6d2a56bcf4f7378,MG,120.0,1
agro_industry_and_commerce,c9e5ad1f6647f5dbd1172adf6ae3cada,RS,113.15,2
agro_industry_and_commerce,6b2612338467c08c9b25f0cc55b1578d,PR,92.9,1
agro_industry_and_commerce,edc518ba25576a0188a0e8f2c3af186f,SP,56.81,1
agro_industry_and_commerce,d297f1055de2956aedfd3b04113dce3e,SP,54.3,1
agro_industry_and_commerce,85cc55e048b6bcc90c75afe7f0e72f72,RJ,33.9,1
agro_industry_and_commerce,3d0cd21d41671c46f82cd11176bf7277,SC,33.9,1
agro_industry_and_commerce,f3c38ab652836d21de61fb8314b69182,SP,13.0,1
agro_industry_and_commerce,fd386aa7bed2af3c7035c65506c9b4a3,SP,12.99,1
air_conditioning,7901646fdd36a55f564ffaf2dbccaaf7,RJ,8900.08,13
air_conditioning,6a51fc556dab5f766ced6fbc860bc613,SP,6046.27,27
air_conditioning,fcdd820084f17e9982427971e4e9d47f,SP,4640.0,26
air_conditioning,7a241947449cc45dbfda4f9d0798d9d0,MG,4014.98,33
air_conditioning,f3b80352b986ab4d1057a4b724be19d0,DF,3320.0,5
air_conditioning,4391ea5c5990502176a1dcda44a2373d,RS,2254.0,4
air_conditioning,a420f60ff1aa9acc80d0e42959f2b313,SP,2193.0,11
air_conditioning,15aac934c58d886785ac1b17953ea898,ES,1742.0,4
air_conditioning,ed859002ad59dbf8cf3602696a6c3000,PR,1706.9,11
air_conditioning,850857dfac77488c307e2b1cbd84ab5a,PR,1599.0,1
air_conditioning,01cf7e3d21494c41fb86034f2e714fa1,PR,1441.1,20
air_conditioning,5151aea44289d6c6b090ee31c2132508,SP,1315.3,7
air_conditioning,2199e7fe213c16213bf5d6a7eadc9a5d,SP,1174.6,5
air_conditioning,10089e9f2fd0c668a8fd4e52e1698888,SP,1139.9,3
air_conditioning,abc015ebac1d283a323ca9db35ede4b9,SP,1052.8,12
air_conditioning,d91fb3b7d041e83b64a00a3edfb37e4f,SP,997.7,13
air_conditioning,d71d863e5ef30d94e440c11be17dcd8f,SP,947.9,9
air_conditioning,23d7c96d4a1160db1c726b248601b25a,SP,894.94,5
air_conditioning,1099a00e0ee3a50935e6c2447ca090c5,RJ,849.7,3
air_conditioning,11742f81550ac064cc9a40f67151d9ad,SP,781.9,2
air_conditioning,56db5c0782e8f7ddc9343f9576ff6d16,SC,734.8,2
air_conditioning,4736e9d642ef4257cd7622516931eb51,SP,636.97,6
air_conditioning,8ff1a9df749e454105c55cda13e79143,SP,479.7,3
air_conditioning,8b321bb669392f5163d04c59e235e066,SP,474.9,11
air_conditioning,6b333a05bf188ef3e1f1662a86bd9855,DF,458.0,2
air_conditioning,128639473a139ac0f3e5f5ade55873a5,PR,401.7,13
air_conditioning,9a1aea68d3efa00862ec88c0768037d0,SP,349.8,2
air_conditioning,ea4e9ce63a2134743b4a92777437fcdd,SC,316.6,4
air_conditioning,240b9776d844d37535668549a396af32,RJ,309.89,2
air_conditioning,5b664594895aefb418afaee6d40a9a23,RJ,305.6,4
air_conditioning,c7dcd301ecfe5ab7f778ac172cf74be7,MG,299.99,1
air_conditioning,45d33f715e24d15a6ccf5c17b3a23e3c,SP,299.87,1
air_conditioning,b2ba3715d723d245138f291a6fe42594,SP,269.9,1
air_conditioning,7b8e8ec35bad4b0ef7e3963650b0a87b,SC,264.88,2
air_conditioning,41ab63a91b8b264e8c8780368bf1dd5b,MG,239.59,1
air_conditioning,4978a02ea9c8be7a9b5480680f40334e,SP,233.99,1
air_conditioning,52d76513f0c4d97f3b99570e2c94ee31,RS,229.9,1
air_conditioning,34f563c82a85b99ae9e6d60db5fc2e28,RS,209.9,1
air_conditioning,e5e33c0d8e7e002f398f5dc4cbbb338f,SP,203.8,2
air_conditioning,e59e575a175fadcadf8479e191770425,RJ,199.9,1
air_conditioning,ce248b21cb2adc36282ede306b7660e5,SC,169.9,1
air_conditioning,515d781150feed28a6ac091bb0e3cb8c,MS,161.99,1
air_conditioning,0ed6ce5d87fd9c69eaacaeb778d67235,SP,124.5,5
air_conditioning,71593c7413973a1e160057b80d4958f6,SP,119.8,2
air_conditioning,ac6417315ae5da8f9a38ee11de6f7780,SP,110.3,1
air_conditioning,1da3aeb70d7989d1e6d9b0e887f97c23,SP,94.98,2
air_conditioning,cda598c48d7c614bc1cad7d8ff6f0010,SP,79.9,1
air_conditioning,eb5b6204dde3a6e03b5f1bb8479f055b,SP,74.97,3
air_conditioning,ab9db4cf53b08b828b64dccaafc2d9f0,RS,51.98,2
air_conditioning,18a349e75d307f4b4cc646a691ed4216,SP,40.0,2
air_conditioning,e8f6dc8e6a1dcde89d20e3995c8d90b3,SP,39.9,1
air_conditioning,8d956fec2e4337affcb520f56fd8cbfd,SP,24.99,1
art,c31eff8334d6b3047ed34bebd4d62c36,SP,10803.72,107
art,ee27a8f15b1dded4d213a468ba4eb391,GO,6499.0,1
art,955fee9216a65b617aa5c0531780ce60,SP,914.0,11
art,b561927807645834b59ef0d16ba55a24,SP,676.2,11
art,0d85bbda9889ce1f7e63778d24f346eb,MG,499.5,5
art,09bad886111255c5b5030314fc7f1a4a,SP,487.5,5
art,2a6fbeaa7ab9e5d59a35841a8da71ce4,SC,345.89,7
art,7299e27ed73d2ad986de7f7c77d919fa,MG,340.0,3
art,8090490573c6c0aa343a7231ebcb8c86,SP,323.84,7
art,403aa86912527d730337ffcb0fb096ab,MG,299.99,1
art,8c16d1f32a54d92897cc437244442e1b,SC,281.4,6
art,249f0e9905a6e06ad6c6bea7547ab9f6,RJ,278.0,2
art,a0e19590a0923cdd0614ea9427713ced,PR,258.3,7
art,0bae85eb84b9fb3bd773911e89288d54,SP,243.25,5
art,bd0389da23d89b726abf911cccc54596,DF,239.9,1
art,7139dc5186aa238b006e066d8fbab2e4,SP,228.0,4
art,1354d51653f645349064725ed204e85e,SP,190.0,3
art,ad8b531ae67582f096925cff5630d0d1,PR,189.05,1
art,968268a686aa05d1f529fb07dff08130,SP,149.99,1
art,1caf283236cd69af44cbc09a0a1e7d32,RJ,135.78,4
art,a2e874074c877c5a05abae80ad6e488f,SP,109.6,1
art,3492e68f37fd1df87f4f2f2ea247f445,SP,99.98,2
art,aa8af66c623d7d544dfe4bb85b5ebe3b,MG,99.0,1
art,dcf3755cefcdc158ad0b7bdde51e871b,RS,89.9,1
art,855668e0971d4dfd7bef1b6a4133b41b,SP,75.0,1
art,0ddefe3c7a032b91f4e25b9c3a08fca1,SP,68.9,1
art,8ff1a9df749e454105c55cda13e79143,SP,55.9,1
art,b9a03475e6447e631b6799ec8274800f,PR,49.9,1
art,e62b2d6ac10570a035a30bafcf01d263,SP,45.9,1
art,382229d1e840115ffe3dbf5ff460e417,RJ,44.8,1
art,50c361bcf670d16f6df4d52de3dff924,SP,35.0,1
art,116ccb1a1604bc88e4d234a8c23f33de,SP,14.6,1
art,6614814a00d344b846ae209f95ee7e3f,SP,13.0,1
art,0f94588695d71662beec8d883ffacf09,SC,9.0,1
art,f593898ec748b7a8cb81fc04edafd98a,SP,5.35,1
art,cf6f6bc4df3999b9c6440f124fb2f687,SP,3.5,1
arts_and_craftmanship,55f7a3319d80f7fdf078b8f03e6725fe,SP,657.94,6
arts_and_craftmanship,04ee0ec01589969663ba5967c0e0bdc0,RS,289.49,1
arts_and_craftmanship,05730013efda596306417c3b09302475,SC,238.0,1
arts_and_craftmanship,0ddefe3c7a032b91f4e25b9c3a08fca1,SP,229.5,4
arts_and_craftmanship,e7f3bf1ecd8526eb7f3b18059e6716e5,SP,129.9,1
arts_and_craftmanship,ef728fa1f17436c91ed1ccd03dcf9631,SP,128.7,4
arts_and_craftmanship,e819bcfade7b5d88a27325eb6cfd62c5,SP,29.9,1
arts_and_craftmanship,2cb6eb1b7185064167657fa09f541105,MG,25.0,1
arts_and_craftmanship,1caf283236cd69af44cbc09a0a1e7d32,RJ,21.99,1
arts_and_craftmanship,70126eecc6aa1274392a1743866e9678,SP,19.8,1
arts_and_craftmanship,b561927807645834b59ef0d16ba55a24,SP,18.0,1
arts_and_craftmanship,fd386aa7bed2af3c7035c65506c9b4a3,SP,15.99,1
arts_and_craftmanship,2ea0861cc19e94cad86438c984c52da4,SP,9.8,1
audio,7d13fca15225358621be4086e1eb0964,SP,18561.65,47
audio,4869f7a5dfa277a7dca6462dcf3b52b2,SP,9031.3,56
audio,b33e7c55446eabf8fe1a42d037ac7d6d,SP,5677.94,10
audio,b2ba3715d723d245138f291a6fe42594,SP,3707.7,33
audio,6560211a19b47992c3666cc44a7e94c0,SP,2716.0,32
audio,7e93a43ef30c4f03f38b393420bc753a,SP,2033.98,8
audio,7040e82f899a04d1b434b795a43b4617,SP,1714.1,99
audio,4e922959ae960d389249c378d1c939f5,SP,1368.0,13
audio,70a12e78e608ac31179aea7f8422044b,SP,813.5,12
audio,5656537e588803a555b8eb41f07a944b,DF,692.01,9
audio,e333046ce6517bd8bb510291d44f0130,SP,439.0,1
audio,376a891762bbdecbc02b4b6adec3fdda,GO,399.0,2
audio,95b293867b5862941c9cd74f756a3c68,SP,366.7,3
audio,89c127985a8b130cfa45c1d36764017a,SP,299.99,1
audio,744dac408745240a2c2528fb1b6028f3,PR,298.0,1
audio,05a940b4ecae36cadfd8e93bd9c43257,GO,251.9,1
audio,9f50216bfd01913736a55a11b55ea842,SP,250.0,2
audio,e62b2d6ac10570a035a30bafcf01d263,SP,239.18,2
audio,5f0057b677eb963672bf05dfa3f16c34,SP,186.89,3
audio,8d956fec2e4337affcb520f56fd8cbfd,SP,179.96,4
audio,f8db351d8c4c4c22c6835c19a46f01b0,SP,159.9,1
audio,e00d85ce20ea50c1224c66ca5050527d,SP,149.0,1
audio,18a349e75d307f4b4cc646a691ed4216,SP,142.56,4
audio,ba6b68b55fe8704377a7d43c8e5c0185,MG,139.99,1
audio,20b54c376b794ed028df09a3cd88e8dc,SP,137.2,1
audio,7178f9f4dd81dcef02f62acdf8151e01,SC,129.9,1
audio,db4350fd57ae30082dec7acbaacc17f9,SP,104.97,3
audio,c9c7905cffc4ef9ff9f113554423e671,SP,90.1,2
audio,e26901d5ab434ce92fd9b5c256820a4e,SP,89.7,3
audio,dbb9b48c841a0e39e21f98e1a6b2ec3e,SP,79.99,1
audio,1cbd50a8c52e6cf8e315c5709fab386f,PR,68.99,1
audio,272f092de69afedd4d2969440b37f18f,SP,49.9,1
audio,522620dcb18a6b31cd7bdf73665113a9,PR,39.9,1
audio,0bae85eb84b9fb3bd773911e89288d54,SP,31.8,2
audio,e49c26c3edfa46d227d5121a6b6e4d37,PE,24.9,1
audio,ede0c03645598cdfc63ca8237acbe73d,SP,22.9,1
auto,8581055ce74af1daba164fdbd55a40de,SP,64925.3,435
auto,712e6ed8aa4aa1fa65dab41fed5737e4,SC,39815.0,87
auto,7142540dd4c91e2237acb7e911c4eba2,SP,28187.28,229
auto,b1b3948701c5c72445495bd161b83a4c,SP,24699.19,18
auto,40db9e9aa57f7bb151bcda6b0f9bdbb7,PE,23168.0,12
auto,c003204e1ab016dfa150abc119207b24,SP,18959.6,154
auto,080199a181c46c657dc5aa235411be3b,SP,14504.2,83
auto,16090f2ca825584b5a147ab24aa30c86,SP,13174.15,255
auto,2b1a40c1daabc6ca280c4b815c101841,MG,12732.6,35
auto,c8b0e2b0a7095e5d8219575d5e7e1181,SP,12170.21,85
auto,c847e075301870dd144a116762eaff9a,MG,10799.1,9
auto,e96498ed8daaa3e9c23f7a62da76591c,SP,9619.09,34
auto,cee48807215b30a12ca2ca10ffb5f250,SP,6988.43,38
auto,b3b17aab11f273023a5f22ca52e1eb70,PR,6850.0,13
auto,b4ffb71f0cb1b1c3d63fad021ecf93e1,SP,6656.09,165
auto,e5e33c0d8e7e002f398f5dc4cbbb338f,SP,6494.9,27
auto,34056b8b55c1775a22af2331670a799c,SP,6455.4,78
auto,d624126b9206f595fb3fbb6ba03b28a8,PR,6408.8,27
auto,f12ff17ad8bbf01ec5c33b17e506649b,SP,6241.0,29
auto,5d0363b33554b373851fc1622e4d5f3c,SP,6037.9,90
auto,6a8b085f816a1f75f92dbac6eb545f8f,SP,6018.97,135
auto,3db66a856d18a9cba7c9241fc5221c50,MG,5725.7,43
auto,817245bcc3badd82bbd222e0366951a6,SP,5580.5,45
auto,04aa0a1c5ce6b222003403a3e11c3cc0,SP,5409.0,16
auto,c35affa65afd250151285c5917fc1c8a,SP,5279.91,9
auto,4d0041cdbe51b4617d95c70b19decc74,MG,5235.2,8
auto,8f580d36c1e9d6fbce95283403c7d447,SP,4813.25,8
auto,05d2173d43ea568aa0540eba70d2ca76,MG,4509.06,50
auto,bba74270a87732727b5a3b4fd9ac1c39,MG,4438.87,13
auto,1fdc574883ef3b33ad41562d93f3a74a,SP,4251.0,18
auto,3f995f07c49d0d55a99d5c54957f7d81,SP,3797.7,41
auto,3364a91ec4d56c98e44174de954b94f6,RO,3579.94,6
auto,eb4df17aed01d918c65f0f8d650900c0,SP,3549.88,10
auto,9b1585752613ec342d03bbab9997ec48,RJ,3499.98,2
auto,8ff38bc3969e67c36c48343a07090f66,SP,3472.0,8
auto,aeb36d67f1414f234d42a29e27cf1f17,SP,3263.8,4
auto,a938325a4b357fd23a6a4d5bb126408e,RJ,3231.0,25
auto,5bc24d989e71e93c33e50a7782431b0e,MG,3148.0,17
auto,4677a5437afda5fa7140b927b07be1cc,PR,3096.0,8
auto,bd697db56ff8e7c9cd1abeb7f72029b2,SP,3069.78,22
auto,2fdde51ad3e12f297da656d4fbd5d0b5,SC,2980.0,2
auto,60562ab00b8054280520d390c8c0045c,SP,2943.0,17
auto,c12b92bf1c350f3e6bf88d3596219c86,SP,2848.0,8
auto,9c068d10aca38e85c50202e17b4a7e88,MS,2658.9,17
auto,31561f325664a8a7aba4c8d0c3a9b3db,SP,2619.7,36
auto,4e922959ae960d389249c378d1c939f5,SP,2567.19,29
auto,f1c1ac3f3efc07e659c035008e615e66,SP,2561.96,14
auto,47efca563408aae19bb7206c2d969ea9,PI,2522.0,12
auto,fe26f3ecb51a15e6d8335cd92da42562,SP,2408.97,6
auto,55f7a3319d80f7fdf078b8f03e6725fe,SP,2355.84,16
auto,1d4587203296c8f4ad134dc286fa6db0,SP,2323.3,43
auto,6338ea67c41078a46ad99cc009654956,RS,2286.09,44
auto,c9c7905cffc4ef9ff9f113554423e671,SP,2223.27,25
auto,abbf6046bbdf1028606a5bc7f00c99e7,SC,2217.15,7
auto,91f0eec23d4a61d7d7caeefa3f0ad1ca,SC,2190.8,11
auto,066a6914e1ebf3ea95a216c73a986b91,PR,2062.29,10
auto,3a1a1fec38dd360f15fc912e821e169d,SP,2007.38,15
auto,17908cf9b444ee34047cadd5c0f4a516,GO,1993.99,11
auto,ce27a3cc3c8cc1ea79d11e561e9bebb6,SP,1993.89,22
auto,7b8e8ec35bad4b0ef7e3963650b0a87b,SC,1979.4,3
auto,1690cada046eb7e92c12f98b1f8a8167,SP,1959.0,11
auto,4c8545742faaf58fafd5fd14d25d75cf,SP,1940.0,2
auto,e2c92f9c1c7746d899d18f2e158bbff7,SP,1894.7,14
auto,18a349e75d307f4b4cc646a691ed4216,SP,1885.65,19
auto,0417b067eeab773d2f7061a726dc477f,SC,1859.18,13
auto,d97df38225e5abadaff1e72cb72b823c,SP,1846.0,29
auto,1d0997ff06b524ce9289ffd75114ecd3,PE,1748.0,2
auto,a1474fd46fd3430168f7ec202da39408,SP,1742.5,10
auto,f235413f677777a0738ff215d0184901,SP,1696.7,3
auto,25cf099de44674fde97473224f9d59ab,SP,1654.36,50
auto,112453736dbe3889cfb74e1aaa0ba0c1,SP,1620.0,12
auto,39d54ff918774174706fb065d7f9dc07,SP,1593.59,25
auto,72c5da29406b4234927b81855e7b64f6,SP,1578.93,7
auto,134285d1f41da5c13a756ee8142c8a4e,SP,1572.7,4
auto,47648caee88ccfe951fbb27fbf7b4cbe,SP,1564.99,3
auto,634964b17796e64304cadf1ad3050fb7,RJ,1529.4,19
auto,198c7ea11960a9844b544d9bcdca860c,MG,1514.88,12
auto,7299e27ed73d2ad986de7f7c77d919fa,MG,1500.0,1
auto,76d64c4aca3a7baf218bf93ef7fa768d,PR,1461.9,4
auto,0b0ddbc7b9d9584f442c7ac92b0ff6c9,SP,1416.76,3
auto,9d5a9018aee56acb367ba9c3f05d1d6a,GO,1392.95,13
auto,863d2ebcd347ce4922de7a0f9a5581d6,RJ,1382.36,19
auto,f63d8f293af3a6454377546bd9dd19ff,SP,1325.94,16
auto,70a12e78e608ac31179aea7f8422044b,SP,1290.7,17
auto,120476eb7a04c149d14772edaf5d9bf2,RJ,1280.0,1
auto,bb5d956dece964a06c12bceb66b923ae,RJ,1278.36,2
auto,116ccb1a1604bc88e4d234a8c23f33de,SP,1276.25,56
auto,7202e2ba20579a9bd1acb29e61fe71f6,SP,1239.3,7
auto,daeb5653dd96c1b11860f72209795012,MG,1191.7,3
auto,c0098efcf800861dcae589affca31408,SP,1189.28,9
auto,a5259c149128e82c9d6d46e0c1c812bb,RO,1182.26,8
auto,7ff588a03c2aeae4fbd23f9ae64b760d,SP,1182.2,16
auto,c273175f7c6c80fb02f051e2fc6d0d72,SP,1150.33,13
auto,9485a23c0430ba1d58d359391606fce6,SP,1129.9,5
auto,7ddcbb64b5bc1ef36ca8c151f6ec77df,SP,1119.67,33
auto,6806dad1da97bfb5a9038eac6881f706,PR,1089.0,6
auto,850913d59ce317156b00f3705f1c3edb,SP,1088.0,10
auto,167fd940acebc789debd6eb418c46e38,SP,1077.58,5
auto,4d232b78ab7ef10393dc3807d827bc0d,MG,1076.0,4
auto,8fbd63429be6d3e5e6d1a709b6464802,SP,1061.4,8
auto,955fee9216a65b617aa5c0531780ce60,SP,1040.99,17
auto,7df1fc11cc5cbc518b39faa60cf5d67c,MS,1037.6,5
auto,8f2b51a30523cdecddc2f179f351c7d6,SP,1027.9,8
auto,6025c79c035c3d772133b8b8238463b2,PR,989.74,4
auto,8e670472e453ba34a379331513d6aab1,MG,975.0,1
auto,2a1348e9addc1af5aaa619b1a3679d6b,MG,964.8,10
auto,5b2e94f2c22b39ccc24d34ad0f669672,SP,949.78,10
auto,3d621842b2ed28e2b474132480edac3c,SP,928.91,10
auto,66dc1b1632bd6a3e508510c5b3492107,SP,895.8,10
auto,ffff564a4f9085cd26170f4732393726,SP,887.5,10
auto,cda598c48d7c614bc1cad7d8ff6f0010,SP,878.9,11
auto,5ee7fd217d08dfe5d3e2f51f96a12c9a,SP,867.5,7
auto,8a43128d7f9a3db592b866e6861a6cce,SP,837.8,2
auto,6cf476a4ca74498db55cbccdaa9dcfb6,SP,814.98,2
auto,253f95b3a0e6983ae18aed49fbc2b845,SP,799.5,5
auto,0d4c8269e7f0401201794deef160edd6,SP,792.64,4
auto,134b867a0f7f8bbe6abf10f91874891e,SP,789.89,1
auto,21c62b998a043ebe31161d38f84929fc,CE,750.49,4
auto,f27e33c6d29b5138fa9967bcd445b6d5,SP,733.8,12
auto,ef2fbc2b607d8492bcffe657a4645434,RJ,728.5,15
auto,1b4b28463457a256e9a784ebe2a8f630,SP,699.42,1
auto,455c5640e8c5bd1b2ee85c0158f85727,SC,690.0,1
auto,4559697a8f7e637227c2eeaed843baff,SP,679.6,4
auto,7178f9f4dd81dcef02f62acdf8151e01,SC,672.5,15
auto,430315b7bb4b6e4b3c978f9dfa9b0558,SP,667.0,2
auto,c3cfdc648177fdbbbb35635a37472c53,PR,659.8,2
auto,a2b5b6105ea5942300631d2e76f4ffe0,SP,659.8,2
auto,525e75a6fb1454a2325ab1734bcec221,SP,657.07,11
auto,cd3d09fbe6e3e9ff0c0ac0c300e93ae7,SP,651.04,12
auto,f435898e493ba0356019a0b1cb8b55b1,PR,649.76,12
auto,0b18d63d0cd1d723567903fd34a07df2,SP,648.54,10
auto,13f57c12a00ed4610db646b913a7f5c6,SP,645.2,13
auto,6d66611d7c44cc30ce351abc49a68421,SP,644.4,16
auto,2646baaf662d4d92ac48f047e35db92d,SP,643.8,10
auto,ea8482cd71df3c1969d7b9473ff13abc,SP,640.77,25
auto,d2374cbcbb3ca4ab1086534108cc3ab7,SP,627.8,22
auto,b5bb2b985208834bd5bd86c7a402bbad,RS,621.06,2
auto,710e3548e02bc1d2831dfc4f1b5b14d4,PR,609.82,9
auto,49cdc90518a4f82676b38b3c1aa43ff6,SP,609.8,2
auto,e70053bf73d1b5863932e53a9fa47496,SP,601.0,2
auto,376a891762bbdecbc02b4b6adec3fdda,GO,599.0,1
auto,70b52a4cfc823994561b00bad161b4ed,SP,585.0,10
auto,0887a9f087bcd5d9f6642b52f897fc6c,SP,584.0,4
auto,26af45f5dfd967225a832838aa4e24a3,PR,573.1,11
auto,45d33f715e24d15a6ccf5c17b3a23e3c,SP,572.19,4
auto,6eeed17989b0ae47c9f11ece6f38ea90,SP,557.0,3
auto,48fb026ed7455a42f5d3e9390ed5088e,RJ,555.71,11
auto,0691148aee60ca47977c187804f935ae,PR,544.97,7
auto,4cc4fd4fdd406a85bbdc1f824b731bd7,PR,539.98,2
auto,1fe61aa5494bd3ae92a2c13e067c810f,SC,537.76,2
auto,a7dc4098e4da6e41b426269d12ae7e91,SP,518.0,3
auto,b87a7ea0c30fad2dd6781b74a0064859,SP,515.4,9
auto,39a5005f2605cbdb4f9ac14485cabfd1,SP,501.07,8
auto,ccbd753e6863fe7314dc6c0ca5a074e7,SC,495.0,1
auto,a36b125ac6d5fdbc7f50de85c9157bdc,SP,489.98,2
auto,d65f31d2413268e671989503f6cf9993,SP,488.8,3
auto,76ea5315acb3f5f7ade3cd261faf922a,SP,487.7,4
auto,dfa0c4c6229ab200a4a1336b4d7128ff,SC,478.8,12
auto,55bb6fe5bebe5012e2d7d9928e1128ff,SP,475.0,2
auto,36a968b544695394e4e9d7572688598f,SP,463.2,18
auto,cb0b3bcf14e0a709df412a99424a59d7,SP,460.0,2
auto,35857757f553273b1056c1cabdace7fb,SP,454.6,6
auto,d90fe2229fee1a5da999ccd0c06c1667,SP,450.0,3
auto,73b8eb4a9a729d4019b24ed1be748cbf,SP,448.91,6
auto,a11a0e0ca67423425691db355cff69b0,SP,448.9,2
auto,1cbd50a8c52e6cf8e315c5709fab386f,PR,439.8,2
auto,4e480be820e37de1444325ff358c9296,MG,430.3,2
auto,cc80e2f693fa6e2408f47ccf62413fc1,PR,420.0,2
auto,c522be04e020c1e7b79f3acff36513d5,SP,419.97,3
auto,f8db351d8c4c4c22c6835c19a46f01b0,SP,413.9,11
auto,2138ccb85b11a4ec1e37afbd1c8eda1f,SP,411.9,10
auto,13511db12ac61e2f89c53b72a944a60b,RS,401.0,3
auto,ea00f977a203ff88adf7057cb7806998,SP,389.72,19
auto,0fe2d9733ed841eb064503920015a8c0,SP,389.64,3
auto,8444e55c1f13cd5c179851e5ca5ebd00,MG,387.6,3
auto,85d9eb9ddc5d00ca9336a2219c97bb13,MG,384.8,22
auto,33ac3e28642ab8bda860a2f693000e78,SP,379.98,2
auto,10ff823eda2b032e2c93d17a7d294736,SP,379.98,2
auto,6c1b6d0c604b776f844125f911eb7377,SP,379.35,3
auto,f5b44895715ddfe3087dc414f30268f3,SP,378.8,19
auto,ffa6adafb71b807dc13159e26431354c,PR,377.0,3
auto,a7f13822ceb966b076af67121f87b063,SP,372.95,2
auto,8d956fec2e4337affcb520f56fd8cbfd,SP,365.7,10
auto,ce616e1913288884e7742faac9d981db,SP,365.1,24
auto,03bd479e1d9484cdb14104d3023f7321,MG,359.7,3
auto,6a0cbc8af2e8abd1bdfb777943d174c6,SP,359.45,4
auto,f44bdc12aa39f5271f0b95f66cd4c289,SP,357.5,7
auto,23c38debaffe4a25a30fdbd9b586a13f,SP,350.23,5
auto,5bffbafbb22daf6d3bfc216a46db8708,RJ,349.95,5
auto,5c603ffb38cbbf25a0e0698941324143,MG,348.8,2
auto,333c4210e76a1aa2ab817b99437e3ff1,SP,335.0,2
auto,2c538755f1ca9540af144f266e70df6c,MG,334.99,1
auto,9d4db00d65d7760644ac0c14edb5fd86,SP,324.98,3
auto,8160255418d5aaa7dbdc9f4c64ebda44,SP,319.8,2
auto,8daab2245ebdc277c51098d01c5ad8ef,SP,319.0,1
auto,26d6bbee02420494d471c9f6436929c0,PR,311.72,10
auto,3492e68f37fd1df87f4f2f2ea247f445,SP,307.93,6
auto,7813ea3ebd9411dc600b4dd01f7a97b9,SP,305.9,1
auto,a3082f442524a1be452e3189e003b361,SP,301.6,4
auto,ea3ebea5317b0efbc663ecc8ce5e9bc2,SC,299.7,3
auto,e21a1e8be4715b0fcfd5385643bc49c4,SC,299.0,10
auto,d71d863e5ef30d94e440c11be17dcd8f,SP,299.0,1
auto,c5ebe6598748b0aeaa61cfb820478b92,RS,297.0,3
auto,ed859002ad59dbf8cf3602696a6c3000,PR,294.9,1
auto,77e4abfd739aed9c46480f90f81c0eb4,DF,289.99,1
auto,c3251e13f1bbda6c74e37c160f991e19,SP,289.9,1
auto,f410c8873029fcc3809b9df6d0b28914,SP,289.8,2
auto,6edacfd9f9074789dad6d62ba7950b9c,SP,288.3,7
auto,a9ae440659f48b7849df83e82734150b,SP,285.0,1
auto,dee656f0f566ed1aa85bd137c943f08f,SP,282.44,11
auto,11305281b50fff20ae8bb473f8e11876,MG,279.98,2
auto,522620dcb18a6b31cd7bdf73665113a9,PR,279.0,1
auto,d2572f31e9023e9850ef986a636ff9bf,MG,279.0,1
auto,e46bc031f2c5bae4ccb40bb90712e9b4,SP,277.3,1
auto,f682e0f848abafc6f41e0d4e868c66ef,SP,269.98,2
auto,8ca1551acf9832a4cf467bbbac15851f,PR,269.0,1
auto,45ba18c210d42734ec52c0c1c574e9ee,SP,251.88,3
auto,13d95f0f6f73943d4ceffad0fc2cd32c,GO,249.99,1
auto,1703bc09972dab9782e7a9194943b69f,MG,249.9,1
auto,87e24fc7052259b1f7f607d61c10d8be,SP,249.9,1
auto,a080fc8a850289b27500f6b49cca2553,SP,244.0,3
auto,7c67e1448b00f6e969d365cea6b010ab,SP,239.95,3
auto,80e6699fe29150b372a0c8a1ebf7dcc8,PR,239.8,2
auto,f84fa566034f5e8e880a07ec624c56af,SP,239.7,3
auto,9c0e69c7bf2619675bbadf47b43f655a,SP,238.81,1
auto,e83c76265fc54bf41eac728805e4da77,SP,237.3,8
auto,2e0dba2da448400b1c11d7b4b22f32a4,SP,235.87,13
auto,1746c1ae87ac63d530c7c943d0ac42e2,SP,229.9,1
auto,72431a818f97fe6ab9c81eee3e297e54,SP,229.9,1
auto,4ce6e5f6c52515177e18c1c9361d8677,SP,226.6,1
auto,8a8835a43bda99fd37310ad76c457510,SP,224.34,3
auto,a1043bafd471dff536d0c462352beb48,MG,219.0,2
auto,2a84855fd20af891be03bc5924d2b453,MG,219.0,1
auto,236585a4ddb5fea9fa40233e2249ed91,RS,209.97,3
auto,fa1c13f2614d7b5c4749cbc52fecda94,SP,209.9,1
auto,353e21e8bf8de2722b4fae1636664b76,RS,208.0,4
auto,de23c3b98a88888289c6f5cc1209054a,SP,199.99,1
auto,8f119a0aee85c0c8fc534629734e94fd,SP,199.39,5
auto,4ce8b55b4bfa4659184e7becc1fba3f2,PR,199.0,2
auto,52f0fe436a347ddad7ed5f9aa4e27eaa,SP,194.49,1
auto,1da3aeb70d7989d1e6d9b0e887f97c23,SP,190.94,6
auto,f307937c1bb287c3efc2a514b94b0d1d,MG,189.99,1
auto,a3b0df0065e264a91b7bbf5f844af5cd,SP,186.69,2
auto,9dd459b29a14bf89d47183cf2cd0e4c7,SP,180.0,2
auto,94165aea8a35c3c21499cbcae239b16c,MG,180.0,1
auto,88cd3681e0a2ba85e190f7d817629c4c,SC,180.0,1
auto,54aa8463e87776b5612f4bdc4bd5d4de,MG,179.8,2
auto,ba6b4a237f92479743cf0ca06b67a9ac,RJ,179.0,1
auto,880ce4951cf857ab1d9e0b75c1d856f4,MG,178.9,1
auto,6b3bd31ad8fcda4b2635ec9f3ff2ecdf,RJ,169.9,1
auto,cc63f0dd2acba93ffed4fe9f8e0321fa,SP,168.0,1
auto,6860153b69cc696d5dcfe1cdaaafcf62,SP,162.38,1
auto,fa5fdc4e4bb6bd1009ad0e4ac4096562,SP,161.99,1
auto,4869f7a5dfa277a7dca6462dcf3b52b2,SP,159.9,1
auto,913fd0ebba70bb919f7254a02239173c,SC,159.9,1
auto,ba90964cff9b9e0e6f32b23b82465f7b,SP,159.0,1
auto,b33e7c55446eabf8fe1a42d037ac7d6d,SP,158.9,1
auto,d921b68bf747894be13a97ae52b0f386,MG,158.9,1
auto,0ade5cc4a305ed7093a23f68ca47519c,PR,158.88,2
auto,b9de031b671cd48b28fae9d828cbf2b4,SP,155.32,1
auto,94e93ce877be27a515118dbfd2c2be41,SP,154.9,2
auto,5b179e9e8cc7ab6fd113a46ca584da81,SP,144.9,1
auto,fa8d335d68129e464e60c1826a683e96,RS,139.9,1
auto,4a5b36211b1f51bf7eaa5c10a57fa483,RJ,139.19,1
auto,1d503743d2526f03f0c2c89540ee008c,SP,137.54,7
auto,8b321bb669392f5163d04c59e235e066,SP,137.5,9
auto,7c4adcc13272c0e26fa23aac642adb7b,RJ,135.0,2
auto,2e1c9f22be269ef4643f826c9e650a52,SP,134.98,2
auto,83c8aafbefb034674a70de0eac5b8954,PR,134.9,2
auto,2c3d56f92f360fb89d849b84e8f50eae,SP,133.6,1
auto,cb8bcce248bb1fb274ba762d8b971456,MG,131.8,2
auto,5b8154610ebb21fb90eb587365e673df,SP,130.99,1
auto,a1bea7061f61f6fdd9a85a6325ba1033,SP,125.2,1
auto,d66c305afaec317ebee552073a674429,MG,122.99,1
auto,c4f7fee5b0db50e87766f5a4d1b1b758,SP,119.99,1
auto,59cea8e446d3834393058e7e0666b6fb,PR,119.9,1
auto,87142160b41353c4e5fca2360caf6f92,RS,119.9,4
auto,79565f7d5603b24ddf07ade262547f2f,SP,116.0,2
auto,9bf11dfc0bec77e5a23028043c3c5a8f,MG,115.0,1
auto,44073f8b7e41514de3b7815dd0237f4f,DF,112.99,2
auto,ede0c03645598cdfc63ca8237acbe73d,SP,105.0,5
auto,62de60d81c55c29d76a6bce418b31cef,SP,103.0,1
auto,36890be00bbfc1cdb9a4a38a6af05a69,SP,102.8,1
auto,ab91571efab27993ff2f6b36e38055c3,SP,102.24,4
auto,b6e1504972665f739dec4facb9943775,SP,101.2,4
auto,1336efc61c316ddf92c899eb817f7cae,SP,100.99,2
auto,1127b7f2594683f2510f1c2c834a486b,SP,99.0,1
auto,5f57db27027655e6c6a391601daa0258,ES,98.0,1
auto,6c177e38df6d3f34182b1f1d427231bf,PR,98.0,2
auto,c7bb64409aa480bb7d0335faaaf3d242,SC,97.6,4
auto,8cf21434553b02cbd37c0bbd07e041b0,SC,94.98,2
auto,7a704e63bb29c446869efde5d57524c8,PR,94.49,1
auto,1fddcb7b326905d3ad5efe82187db347,SP,92.0,1
auto,0be8ff43f22e456b4e0371b2245e4d01,SP,89.9,1
auto,b2ba3715d723d245138f291a6fe42594,SP,89.8,2
auto,fd386aa7bed2af3c7035c65506c9b4a3,SP,89.0,2
auto,dd264199fc8b687ad029de7de6d760e6,PR,87.9,1
auto,466222e777149751370e7e98fb623b0c,RJ,87.9,1
auto,8c16d1f32a54d92897cc437244442e1b,SC,86.78,4
auto,dedcab67899479e4ea5dcc4eba47f587,SC,84.0,2
auto,a45765f8afb1e594b22bf9e974b46765,SP,79.99,1
auto,9fbd5666d8618fa571c4230fafa09bd6,SP,79.9,1
auto,14a08204d03bb6b6bde8029f801ae0eb,SP,75.8,2
auto,31eec405c9bb71dec8e2629a92e764fa,ES,75.0,1
auto,b2a6d334e2833acea353624840e25a0e,SP,74.7,3
auto,d598f929fc44e1e38678e7f47250ec04,GO,69.9,1
auto,788f22bafdd7ab0e1e79f19db72f16a4,SP,69.9,1
auto,0ea22c1cfbdc755f86b9b54b39c16043,MG,69.8,2
auto,9803a40e82e45418ab7fb84091af5231,GO,69.5,2
auto,c878515173c84a492ebe50d6b493230b,PR,66.99,1
auto,723a46b89fd5c3ed78ccdf039e33ac63,RS,66.64,1
auto,7d76b645482be4a332374e8223836592,SP,62.7,3
auto,2cb98e27ce1c18abdb42209b34c382a7,SP,62.49,1
auto,5656537e588803a555b8eb41f07a944b,DF,61.78,2
auto,d9442042130b7fe579d1295f9f4a248f,SP,59.97,3
auto,3da38366e7bd9baf6369071f782ecdf0,CE,59.47,1
auto,3d4824f20035949c710eaf111f869d39,SP,58.82,2
auto,252e76235acb79183cfca6e34f13337d,SP,57.2,1
auto,f9903dd0f812c7e771fcad47b6fff231,SC,54.98,2
auto,392f7f2c797e4dc077e4311bde2ab8ce,RN,52.0,2
auto,0aa124728afc1131dff5655f4c6f487b,MG,51.92,1
auto,2c9e548be18521d1c43cde1c582c6de8,SP,51.8,2
auto,eaf6d55068dea77334e8477d3878d89e,SP,51.0,3
auto,bd4ff04377f974574f7f0bf9d6ce7dde,SP,49.99,1
auto,6b333a05bf188ef3e1f1662a86bd9855,DF,49.94,3
auto,d1a1b40ec554c593a1a99366746289dd,PR,49.7,1
auto,d63f306de130e0391d38a792541723b8,SP,49.0,1
auto,750303a20e9c56b2a6bc45cdce0b897d,GO,49.0,1
auto,29c322e3f09f886f8bacbe91dfbd979e,RS,48.98,2
auto,b3e2faf2c1004d674f16a3aa3197f0e1,SP,48.98,2
auto,c84592044b180dec206770c38603814b,SP,45.98,2
auto,688756f717c462a206ad854c5027a64a,SP,45.0,1
auto,7c1fea10b5b006671d608b1d7c446ec4,SP,44.9,1
auto,70849ca4f400aaabb62cb7462a6f1428,MG,43.99,1
auto,bc07d855eac23aab5ac8a120f21d16b2,SP,43.0,1
auto,a67780aba9dd436e7ac0aa1f889e73ec,SP,42.6,1
auto,b77a27b1864483e721dc831d5ba4afa0,RJ,41.8,2
auto,1e47defeeadeca0e9a18fa5a9311e735,SP,40.52,1
auto,0725b8c0f3f906e58f70cbe76b7c748c,SP,39.99,1
auto,b76a1f8356322f12529c37b67d5c96c2,SP,39.9,1
auto,9f50216bfd01913736a55a11b55ea842,SP,39.0,1
auto,389e45560e33d2d0747f949dcddbc08e,SP,39.0,1
auto,8b28d096634035667e8263d57ba3368c,SP,38.9,1
auto,3d8fa2f5b647373c8620330c4e077a9f,SP,37.0,2
auto,0db783cfcd3b73998abc6e10e59a102f,SP,36.9,1
auto,5206cc4bc2297c833e6061c49bf9c43f,SP,35.0,1
auto,e5a38146df062edaf55c38afa99e42dc,SP,35.0,1
auto,3935fe5fe0f82787a9dcb8deb62be09d,SP,34.4,1
auto,1b45169b635ef59425637e9a33eb5fb3,PR,33.0,2
auto,e601b04acf48b4576e73ddca9481f0dc,SP,32.98,2
auto,42d4b7e70819438f5ada61c965e92d7e,GO,30.6,2
auto,b0398568231ba5e6734af1881671a317,ES,29.99,1
auto,c1849d4d32d7a6cecd5aa471809d3135,SP,29.98,2
auto,3aa3c89ae3cd482385568be76120f63c,GO,29.9,1
auto,ffc470761de7d0232558ba5e786e57b7,SP,29.88,1
auto,72c73be2b085b9d57650dd53eb2004c9,SP,29.4,1
auto,c9d2ba8dde44a275ae06475ed1d2fafc,MG,28.79,1
auto,bf0d50a6410d487dc97d2baac0a8c0be,SP,27.9,1
auto,acb6c2ca5c82411c1fdb88d5fd5eb95e,SP,27.68,3
auto,55029529919c0123526150bd26ca8f20,MG,26.0,1
auto,897060da8b9a21f655304d50fd935913,SP,25.52,2
auto,432c37c9dfba871172ec162e20118b8c,DF,25.0,1
auto,2ea0861cc19e94cad86438c984c52da4,SP,24.5,1
auto,b452cb0ae35044c4a53179c39f49fb06,SP,23.9,1
auto,58b98ccb79873e04eac4357cacc590d9,SP,23.0,1
auto,34675b28b826facfde119785bf287dc1,PR,21.99,1
auto,a218df5c097b0ca409cfaac1488cc7f6,SP,21.9,1
auto,48efc9d94a9834137efd9ea76b065a38,PR,21.8,2
auto,63b9ae557efed31d1f7687917d248a8d,SP,20.0,2
auto,0b46f784306be7200ca1700aa55d819f,MG,19.9,1
auto,c990d6cf976a5718aaedc539f383ab88,SP,19.9,1
auto,e8f6dc8e6a1dcde89d20e3995c8d90b3,SP,19.9,1
auto,e174dc2de86d60fee178170a154c05e7,SP,19.8,1
auto,8501d82f68d23148b6d78bb7c4a42037,SC,19.7,1
auto,085f6f7e049c996695fb2074fe38d45e,SP,18.8,1
auto,fe8055980a4ff7f64ed889c2b5926929,PR,16.9,1
auto,b2f4d63c7203f539a78252565ca32257,RJ,14.9,1
auto,5b92bfa4120daa27c574daa2e386c693,SP,14.0,1
auto,9b1f656ca3060f8af17a50d8a024b533,SP,12.5,1
auto,9f505651f4a6abe901a56cdc21508025,SP,9.99,1
auto,ad14615bdd492b01b0d97922e87cb87f,SC,8.25,1
auto,acadd4d36859671cb635527c6c977533,SP,8.0,1
auto,5def4c3732941a971cba8fdee992ede1,SP,7.5,1
baby,5dceca129747e92ff8ef7a997dc4f8ca,SP,74509.92,105
baby,855668e0971d4dfd7bef1b6a4133b41b,SP,26860.28,298
baby,ff69aa92bb6b1bf9b8b7a51c2ed9cf8b,SP,21341.8,19
baby,4b9750c8ad28220fe6702d4ecb7c898f,SP,15348.5,210
baby,1f9ab4708f3056ede07124aad39a2554,SP,13602.73,79
baby,05f51e13da97139648b8125c31e5f51b,MG,13118.31,60
baby,46dc3b2cc0980fb8ec44634e21d2718e,RJ,12829.45,37
baby,c510bc1718f0f2961eaa42a23330681a,SP,12251.0,13
baby,1d8dbc4f32378d715c717c1c1fc57bae,PR,11315.89,98
baby,7ea5bfa6c340f58f8e71fc1f0412b0d6,MG,10797.97,96
baby,c6bda72e4dbf5c5866b13cb1810c6d03,SP,9285.58,48
baby,257e61d3251fb5efb9daadddbc2cf7ca,PR,7510.0,11
baby,adbc26658d6c7b4b6219f9d934598091,PR,7107.7,58
baby,ad781527c93d00d89a11eecd9dcad7c1,SP,6899.57,44
baby,aafe36600ce604f205b86b5084d3d767,SC,6866.1,103
baby,9e6229250fedbe05838fef417b74e7fb,SP,6535.8,42
baby,7a67c85e85bb2ce8582c35f2203ad736,SP,6331.98,102
baby,e8b4225284fbb02d16f200513f1f395d,SP,5788.52,31
baby,503c1de08ae81a2d86f17951b204db55,SP,4906.99,22
baby,9d5a9018aee56acb367ba9c3f05d1d6a,GO,4526.3,33
baby,45ba18c210d42734ec52c0c1c574e9ee,SP,4220.98,19
baby,bf3c6d2a28b2b5501e6c15448982dcc9,SP,3902.8,40
baby,271c58a1d139c45eaf3316107c6d3a3b,SP,3897.52,29
baby,e26901d5ab434ce92fd9b5c256820a4e,SP,3795.2,48
baby,d673a59aac7a70d8b01e6902bf090a11,SP,3763.84,82
baby,1f50f920176fa81dab994f9023523100,SP,3533.8,42
baby,99002261c568a84cce14d43fcffb43ea,MT,3368.0,29
baby,bfd27a966d91cfaafdb25d076585f0da,SP,3173.0,15
baby,2eb70248d66e0e3ef83659f71b244378,SP,3144.5,6
baby,977f9f63dd360c2a32ece2f93ad6d306,SP,2858.87,25
baby,8b8cfc8305aa441e4239358c9f6f2485,PR,2754.0,2
baby,9d4db00d65d7760644ac0c14edb5fd86,SP,2549.08,24
baby,d98eec89afa3380e14463da2aabaea72,RS,2414.61,69
baby,8444e55c1f13cd5c179851e5ca5ebd00,MG,2400.5,9
baby,f45122a9ab94eb4f3f8953578bc0c560,SP,2219.63,37
baby,a420f60ff1aa9acc80d0e42959f2b313,SP,2201.8,29
baby,eb3071b9f0b0ddaa2df5ea130f09f26b,SP,2190.0,3
baby,d9bd94811c3338dceb4181f3dbc0c73e,SP,2170.46,27
baby,fa40cc5b934574b62717c68f3d678b6d,SP,2151.44,41
baby,5a93f3ab0ef4c84ed5e1b5dbf23978bc,SP,2090.34,28
baby,612170e34b97004b3ba37eae81836b4c,RS,2029.7,3
baby,a3a38f4affed601eb87a97788c949667,SC,2027.87,24
baby,834f8533b2ecb6598dd004ff3de7203a,SP,2014.45,16
baby,54583ab379489add547fe47b628db589,SP,2000.0,8
baby,15fa791d5e017f66402dc28c44480657,SP,1802.0,8
baby,d5b9a084373da994a6e37f732169a853,SP,1769.0,7
baby,b2ba3715d723d245138f291a6fe42594,SP,1711.7,13
baby,8a1ff5c35f6595a73fef4c7b96e4908a,PR,1598.0,2
baby,bbad7e518d7af88a0897397ffdca1979,SP,1575.4,46
baby,7aa4334be125fcdd2ba64b3180029f14,SP,1542.61,19
baby,d1c281d3ae149232351cd8c8cc885f0d,SP,1524.94,6
baby,7238a95bb63ef7e498389fb863b834a1,SP,1436.7,7
baby,ec933281fb017b5020d06df29c3f77e8,SP,1432.0,8
baby,cd68562d3f44870c08922d380acae552,SP,1320.4,8
baby,f680f85bee2d253556ac91be391d2c82,SP,1305.48,33
baby,5a8e7d5003a1f221f9e1d6e411de7c23,SP,1287.7,23
baby,95e03ca3d4146e4011985981aeb959b9,RJ,1219.2,13
baby,713e3a23ca5e47786eb6f0d99f94cfac,PR,1126.0,4
baby,e48b04bf1aa1ef711caebeb7aede6180,PR,1111.6,10
baby,4091f77d8c768fc3e81c20761471761d,SP,1079.0,8
baby,36890be00bbfc1cdb9a4a38a6af05a69,SP,983.3,8
baby,951e8cef368f09bb3f3d03c00ca4702c,SP,979.84,16
baby,c500367424994318b9e779ff1ae9a330,SP,949.4,6
baby,3f8034bfc6b8b4135534975d49f04c63,PR,944.0,11
baby,44073f8b7e41514de3b7815dd0237f4f,DF,891.0,4
baby,1b938a7ec6ac5061a66a3766e0e75f90,SP,852.6,14
baby,f3da5b2ff499efb8d4a6d371d175d7dd,SP,852.3,13
baby,4221a7df464f1fe2955934e30ff3a5a1,BA,849.5,5
baby,45d33f715e24d15a6ccf5c17b3a23e3c,SP,826.27,15
baby,8cbac7e12637ed9cffa18c7875207478,SC,818.7,19
baby,5c3460cd3e8a984382ae254e7dd20d9f,SP,775.76,10
baby,25e6ffe976bd75618accfe16cefcbd0d,SP,733.97,11
baby,33a6f4b1e7cdc205511e76ba1b6e0186,SP,714.89,11
baby,2d50d6282f8aa2257819a77bfaa0efe0,SP,706.7,16
baby,80f2cf9abf6b5a0e5c612b5eea6646e6,SP,666.18,6
baby,827f8f69dfa529c561901c4f2e0f332f,PR,658.9,21
baby,1771297ac436903d1dd6b0e9279aa505,SP,633.9,17
baby,83645b1645cdee8953ee54c29ceed564,PR,607.3,8
baby,8b87cd0d43d49b9bdf40f56229364d59,SP,594.9,3
baby,013900e863eace745d3ec7614cab5b1a,PR,581.8,10
baby,cd2169d9f31ff6fbb9ca3373b0c9e354,RJ,569.0,1
baby,89ad3263c0931c47f976d7c5778e60f6,SP,568.2,6
baby,7178f9f4dd81dcef02f62acdf8151e01,SC,567.0,3
baby,7c67e1448b00f6e969d365cea6b010ab,SP,549.82,3
baby,9a03a4e9eb0b947652fae4f6121a3f5e,SP,540.0,4
baby,e1dc0754bada9ee4cfe9713f22f61292,RJ,535.0,8
baby,70a12e78e608ac31179aea7f8422044b,SP,530.0,7
baby,02b72cdeb9cfcc429f1af6f4e3f3b737,SP,522.65,4
baby,10076e5788b8ee532724bcd460baf762,SP,509.48,13
baby,29e6e05b65f93bc224c644319dc52ecf,MG,475.6,4
baby,a06c8ff043abea0528ee44171e2140a2,MG,462.8,6
baby,ff1fb4c404b2efe68b03350a8dc24122,SP,460.0,7
baby,c4fabeea6e569d42d02993bb1f4f1cbc,CE,459.7,7
baby,52f0fe436a347ddad7ed5f9aa4e27eaa,SP,448.47,1
baby,77530e9772f57a62c906e1c21538ab82,PR,441.0,9
baby,4bf2f4ee540798a61f9636d12cd9cc80,SP,419.9,1
baby,01cf7e3d21494c41fb86034f2e714fa1,PR,415.26,3
baby,d9a84e1403de8da0c3aa531d6d108ba6,SP,403.1,19
baby,3d01d1c414c44b5943a09619ff3853cb,SP,402.6,5
baby,a56e351445e5863fc8960640ba9190c7,SC,397.8,2
baby,817f85dbb65aa3e70831d90fe75cdf89,SP,389.97,3
baby,559d56f3b8f0bc2e5a9a62fe2ce2a39f,SC,385.0,2
baby,b9c0ffa92f3ff9a5a3d45ef7213c0842,SP,380.0,2
baby,3504c0cb71d7fa48d967e0e4c94d59d9,SP,379.5,5
baby,537eb890efff034a88679788b647c564,RJ,360.9,11
baby,8a432f4e5b471f8da497d7dc517666e2,SP,354.0,6
baby,cbbd5ae8f53de5f5097cd8217b529e24,SP,351.8,2
baby,4a3ca9315b744ce9f8e9374361493884,SP,344.5,5
baby,23d7c96d4a1160db1c726b248601b25a,SP,342.7,3
baby,55c26bcb609f480eb7868594245febb5,SP,319.8,2
baby,c8b3445d737de6befde0c88ede534a5e,SP,299.9,10
baby,bf100ecb7997df312b285358fb32f92c,PR,299.8,2
baby,d8c7ba53e7e38711eaef8c2849d6d2e1,PR,290.94,10
baby,20a8b0dc55da94fe74d112082427c84f,SP,289.4,6
baby,1430239a858e7682bbc43b20758af153,SP,286.29,12
baby,1835b56ce799e6a4dc4eddc053f04066,SP,284.95,5
baby,cca3071e3e9bb7d12640c9fbe2301306,SP,279.6,4
baby,725c32fa80c2faacc4fc88450d27314e,SP,272.87,3
baby,95f83f51203c626648c875dd41874c7f,MG,269.91,9
baby,b5abf4f36adc043117b4fca82c22984c,DF,264.8,2
baby,0885aaf116795758dfeb5f1032487bcd,SP,264.8,2
baby,7d294cf9a6a69dc6a0c3e540fff0e039,SC,257.25,5
baby,afa6714acee029b2dfdf357e5579cc03,SP,249.99,1
baby,845e8036c3f7bf62099352f5ed910240,RJ,249.5,5
baby,f615fe7efbef0f4f08fd3086bc7a3e60,SP,240.3,3
baby,de23c3b98a88888289c6f5cc1209054a,SP,227.99,1
baby,e0a3c37054ade6478d923a6efc10f308,SC,219.8,2
baby,8b28d096634035667e8263d57ba3368c,SP,213.24,4
baby,2cb4700db635baa1c0d4f90ed27b6669,PR,199.8,2
baby,ea566164622c6b439516ab18062c42cd,SP,199.0,1
baby,6d66611d7c44cc30ce351abc49a68421,SP,189.6,4
baby,f88adb15807168d3c43d71021090ce4a,SP,189.0,1
baby,f44b6f775a2b390380e0e30b5c9d3eee,SP,188.0,2
baby,1c5e4e49b9079480255b49d50aac1aa9,SP,187.0,1
baby,768a86e36ad6aae3d03ee3c6433d61df,SP,186.0,7
baby,04e38a233f726ef161074ab1c9b0399a,SP,183.5,5
baby,a425f92c199eb576938df686728acd20,PR,182.5,2
baby,9e6967d3cf386d284251784b18ccb485,SP,179.7,3
baby,99a25c39b28a74d1151c35c18d178292,SP,173.94,6
baby,0c8380b62e38e8a1e6adbeba7eb9688c,MG,173.7,3
baby,ec21206b7894c503788a684a7bc822a6,RJ,172.8,2
baby,3ea08c48e851106d2f584349daba335f,MG,170.0,1
baby,1cbd32d00d01bb8087a5eb088612fd9c,SP,162.52,1
baby,fc0b214b59a83615fea981c6424a02ae,SP,159.9,1
baby,6d1b9c9579132c87d2703ec38c30f2c5,PR,159.8,2
baby,12b9676b00f60f3b700e83af21824c0e,RS,158.0,2
baby,ce3ad9de960102d0677a81f5d0bb7b2d,RJ,158.0,1
baby,2ff97219cb8622eaf3cd89b7d9c09824,SP,157.8,2
baby,40d54b51e962dbe09cabbcfd33298dee,SP,153.2,6
baby,d26aa40b90272d4843d63be7c1462c8d,SP,152.9,2
baby,9baf5cb77970f539089d09a38bcec5c3,SP,148.99,1
baby,538caafddff204241cecbf3a02e6b3cf,SP,148.3,9
baby,85d9eb9ddc5d00ca9336a2219c97bb13,MG,139.5,5
baby,712efd3b68f9686dc856b84abd0f21ae,PR,139.0,1
baby,3a734b715d333a2588a3d54a0c9b8746,SP,138.0,2
baby,76ea5315acb3f5f7ade3cd261faf922a,SP,135.98,2
baby,1da3aeb70d7989d1e6d9b0e887f97c23,SP,135.98,2
baby,8e4f041ff58e7845456d3482524014b3,RS,133.8,2
baby,099095b050cfe8eb1ddff5317587e96e,SP,129.99,1
baby,4b0fdb526525f9890eb145bf1534640e,SP,127.9,1
baby,3c4e0452bff7a2a788179488d3d77032,PR,126.8,2
baby,9add47bf45ce8e8c7db6b9cf670b1e09,PR,120.99,1
baby,cf1313c6e2c01c2f4b014f97db4bcd2b,RJ,120.0,2
baby,918717417d88a9f9ae9735567e6c7682,SP,119.9,1
baby,ac3508719a1d8f5b7614b798f70af136,RS,119.89,1
baby,b9ca8e8baa5d4aa038394a700f63e69f,SP,117.99,1
baby,9bade61a92bed55a25d2b67b9f4ed739,PR,117.68,3
baby,20611af7866c6068fd5ae1f9dbe15c92,SP,109.9,1
baby,1e8c6a4c538f286aee9573239740a4b4,SP,109.5,2
baby,ffad1e7127fb622cb64a900751590acd,SP,106.8,6
baby,f783a638e9c6af4a7d0dbfde811e7a81,SP,104.0,1
baby,b274baf5bbd142410eb2958cf685d684,RS,99.9,1
baby,32f1bb9dfa65bc7df5c0d9d95a616be4,SP,99.9,1
baby,bacb1f0ed56ad24198f5810d2b3fe9a5,SP,99.9,1
baby,6a53b90c3ad9e0b56d9fe5c69165fff5,PR,99.8,2
baby,272f092de69afedd4d2969440b37f18f,SP,99.8,2
baby,a7c53f6b3b61adbdaa99dda97e8cbd56,SP,99.0,1
baby,d2df77822373f19934e87694d8640767,PR,99.0,1
baby,688756f717c462a206ad854c5027a64a,SP,97.98,2
baby,4c8b8048e33af2bf94f2eb547746a916,SP,93.18,4
baby,066a6914e1ebf3ea95a216c73a986b91,PR,91.99,4
baby,cac4c8e7b1ca6252d8f20b2fc1a2e4af,SP,89.98,2
baby,154bdf805377afea75a3bd158e9eab10,SP,89.9,1
baby,da2782c804606d2a5d8e1760dbb3e7ec,SP,89.0,1
baby,8a2d12a90e92f012ce5226fc6592b653,PR,89.0,1
baby,63a79f5a7eb5cb48a7e5787b141c7993,MG,89.0,1
baby,138dbe45fc62f1e244378131a6801526,SP,88.4,6
baby,f5b84683a9bf9e1df748cf40f601b39c,SP,83.9,1
baby,6edacfd9f9074789dad6d62ba7950b9c,SP,76.9,1
baby,6c99c983ce3b6ba0ab813e6790e81691,MG,74.39,1
baby,164a5a8794e6d42e14f55e447b12a3bc,PR,73.99,1
baby,4003520d80d0bad1d5623f7aa3c63cda,RJ,70.0,1
baby,ce7d1888639e6fb06b2749cbfdac1ff7,MG,69.99,1
baby,b5d034ac251546e25afe9067f05c1539,SP,69.9,1
baby,594f9aaa48e5bf431f011ddc5669b0d5,MG,69.9,1
baby,7040e82f899a04d1b434b795a43b4617,SP,69.8,2
baby,dfa0c4c6229ab200a4a1336b4d7128ff,SC,65.0,1
baby,7f7b8245c336066a1f9933c359f11d77,SP,64.8,2
baby,f5f2ab9bdb6b30c14c61be68c5ed37da,SP,62.2,1
baby,83f2b4881141ce3fcd4e985125d3279e,SP,60.7,3
baby,7c462184585ae80bd6e5774c62ce50f2,SP,60.0,2
baby,61f159ef6da2d441951d2c0efa719362,ES,59.99,1
baby,87d3c3aeb3ead335511b3ce315eb341e,SP,59.96,4
baby,f27e33c6d29b5138fa9967bcd445b6d5,SP,59.9,1
baby,daeb5653dd96c1b11860f72209795012,MG,59.8,2
baby,921323538c9f1c4e816f2720eac02bea,SP,57.8,2
baby,41b39e28db005d9731d9d485a83b4c38,SP,57.0,4
baby,b2479f944e1b90cf8a5de1bbfde284d6,SP,54.99,1
baby,f3975e8a41157005d4bcbb358678cd9b,SC,54.9,1
baby,ff82e8873fba613f2261a9acc896fd84,MG,54.7,3
baby,e84ad2127668df3aafc6b73531a0beb8,SP,54.0,6
baby,fe49ee029e61e789a1f3a5525f57ba8d,SP,53.9,1
baby,0dfbed20065e425d2eaefb101f9816c0,SP,50.36,2
baby,2c00c85d30361cd2ced2969cffbbffa3,MG,49.8,1
baby,1f7dfad2cb384ea4d2d7e1ffbd78c407,SP,49.0,1
baby,7d948535954aaf8c5d39db007f74372e,SP,49.0,1
baby,312ba1d77e9c332ef21f9598b7f64cd7,SP,45.0,1
baby,f9ec7093df3a7b346b7bcf7864069ca3,SP,43.0,2
baby,fedaedd3ca31d56ab33e92035e4b361c,RJ,39.9,1
baby,5a6a02f419701fc8c605af71d4fc57a4,SP,39.9,1
baby,dc4a0fc896dc34b0d5bfec8438291c80,SP,39.8,2
baby,062c325cd6a2b87845fab56b4ec2eeae,SP,37.88,1
baby,ef2fbc2b607d8492bcffe657a4645434,RJ,37.8,2
baby,411f3b52d857390502ee4e4d5ceabc2d,SP,36.8,2
baby,d2374cbcbb3ca4ab1086534108cc3ab7,SP,35.9,1
baby,b16d3dadc47d4eb18be3d88bad0775ce,RS,34.9,1
baby,0ea22c1cfbdc755f86b9b54b39c16043,MG,34.9,1
baby,5656537e588803a555b8eb41f07a944b,DF,34.89,1
baby,e5d4b2b0c3bca22085f7a19a28de0c42,SC,33.0,1
baby,508808d438fe2ff972ed13bb8f4a82e2,SP,29.99,1
baby,0bae85eb84b9fb3bd773911e89288d54,SP,29.9,1
baby,382229d1e840115ffe3dbf5ff460e417,RJ,29.9,1
baby,436bf27f2f18474fc6047702e9f8a866,SP,29.9,1
baby,4c1c7281388a33dd06daac44f9fadbd1,SP,27.88,1
baby,01fd077212124329bac32490e8ef80d9,SP,26.0,2
baby,3d8fa2f5b647373c8620330c4e077a9f,SP,24.99,1
baby,7299e27ed73d2ad986de7f7c77d919fa,MG,24.9,1
baby,bcd2d7510d58e293f20fad6438c1b314,PR,23.9,1
baby,2a1348e9addc1af5aaa619b1a3679d6b,MG,23.8,2
baby,48efc9d94a9834137efd9ea76b065a38,PR,21.8,2
baby,609e1a9a6c2539919b8205cf7c4e6ff0,SC,18.9,1
baby,6c1b6d0c604b776f844125f911eb7377,SP,16.77,1
baby,d8d9567d0bfb0bc7eb845a205ba42657,SP,14.9,1
baby,94b9108d4b637ba65bb4f1e53cfcf8d8,SP,11.24,3
bed_bath_table,4a3ca9315b744ce9f8e9374361493884,SP,165219.25,1572
bed_bath_table,da8622b14eb17ae2831f4ac5b9dab84a,SP,152307.8,1277
bed_bath_table,37be5a7c751166fbc5f8ccba4119e043,SP,54552.57,277
bed_bath_table,8160255418d5aaa7dbdc9f4c64ebda44,SP,46282.6,425
bed_bath_table,1835b56ce799e6a4dc4eddc053f04066,SP,33059.26,553
bed_bath_table,cca3071e3e9bb7d12640c9fbe2301306,SP,25845.0,243
bed_bath_table,d1c281d3ae149232351cd8c8cc885f0d,SP,25417.66,234
bed_bath_table,1900267e848ceeba8fa32d80c1a5f5a8,SP,24128.63,519
bed_bath_table,1a3df491d1c4f1589fc2b934ada68bf2,SC,23302.7,178
bed_bath_table,dc4a0fc896dc34b0d5bfec8438291c80,SP,22974.21,229
bed_bath_table,7ad32824caee82087b3e2e5f33b1bf32,SP,22505.1,184
bed_bath_table,d2374cbcbb3ca4ab1086534108cc3ab7,SP,20266.32,597
bed_bath_table,00ee68308b45bc5e2660cd833c3f81cc,SP,18400.0,150
bed_bath_table,004c9cd9d87a3c30c522c48c4fc07416,SP,17841.69,158
bed_bath_table,1e8b33f18b4f7598d87f5cbee2282cc2,SP,17309.06,140
bed_bath_table,c33847515fa6305ce6feb1e818569f13,SC,15494.95,127
bed_bath_table,391fc6631aebcf3004804e51b40bcf1e,SP,14330.58,279
bed_bath_table,41b39e28db005d9731d9d485a83b4c38,SP,13743.75,175
bed_bath_table,3b15288545f8928d3e65a8f949a28291,SP,13691.82,118
bed_bath_table,610f72e407cdd7caaa2f8167b0163fd8,SP,13585.16,17
bed_bath_table,a3e9a2c700480d9bb01fba070ba80a0e,SP,13165.8,141
bed_bath_table,cfb1a033743668a192316f3c6d1d2671,SP,12803.64,184
bed_bath_table,b4f8921fcc4ff77b66bea6dda43dcd51,RS,11395.05,20
bed_bath_table,54965bbe3e4f07ae045b90b0b8541f52,PR,10961.3,86
bed_bath_table,0c8380b62e38e8a1e6adbeba7eb9688c,MG,10850.49,140
bed_bath_table,a673821011d0cec28146ea42f5ab767f,SP,10182.46,107
bed_bath_table,1c5e4e49b9079480255b49d50aac1aa9,SP,9769.32,10
bed_bath_table,33a6f4b1e7cdc205511e76ba1b6e0186,SP,9580.12,115
bed_bath_table,1c129092bf23f28a5930387c980c0dfc,SP,9394.92,217
bed_bath_table,dd2bdf855a9172734fbc3744021ae9b9,MG,8946.3,87
bed_bath_table,fdb9095204a334cd8872252ffec6f2db,SP,8156.0,61
bed_bath_table,972d0f9cf61b499a4812cf0bfa3ad3c4,SC,8089.29,88
bed_bath_table,259f7b5e6e482c230e5bfaa670b6bb8f,SP,7915.74,156
bed_bath_table,6fd52c528dcb38be2eea044946b811f8,SP,7743.02,84
bed_bath_table,640e21a7d01df7614a3b4923e990d40c,SP,7598.88,137
bed_bath_table,609e1a9a6c2539919b8205cf7c4e6ff0,SC,6563.43,128
bed_bath_table,8a432f4e5b471f8da497d7dc517666e2,SP,6534.0,87
bed_bath_table,ea67327e24487bdfac5fbfa37ea124df,SP,6250.18,34
bed_bath_table,17306570e772e7718c92a562d33f5f1d,SP,6235.5,25
bed_bath_table,17ca9b9e9b9ef8fdb529001b49ebb50f,MG,5194.45,85
bed_bath_table,b39d7fe263ef469605dbb32608aee0af,SP,5193.1,49
bed_bath_table,2528513dd95219a6013d4d05176e391a,SP,5148.1,68
bed_bath_table,7d456afc660226829370f3173d14520c,SP,4920.35,44
bed_bath_table,0176f73cc1195f367f7b32db1e5b3aa8,SP,4733.1,39
bed_bath_table,b2479f944e1b90cf8a5de1bbfde284d6,SP,4653.56,126
bed_bath_table,602044f2c16190c2c6e45eb35c2e21cb,SP,3739.16,57
bed_bath_table,9e6229250fedbe05838fef417b74e7fb,SP,3688.0,20
bed_bath_table,822166ed1e47908f7cfb49946d03c726,RJ,3603.36,100
bed_bath_table,951e8cef368f09bb3f3d03c00ca4702c,SP,3112.45,55
bed_bath_table,3b872fd4747f01cc56206f2934198618,SP,2726.74,27
bed_bath_table,f7ccf836d21b2fb1de37564105216cc1,SP,2717.6,72
bed_bath_table,2d50d6282f8aa2257819a77bfaa0efe0,SP,2597.78,28
bed_bath_table,8ab42aa58097fd4668d60cc648225d5f,GO,2560.85,25
bed_bath_table,cce6ab8d1682639fe45ab70234f1665f,SP,2522.7,66
bed_bath_table,0885aaf116795758dfeb5f1032487bcd,SP,2383.2,28
bed_bath_table,4b0fdb526525f9890eb145bf1534640e,SP,2291.1,19
bed_bath_table,8a32e327fe2c1b3511609d81aaf9f042,SP,2166.48,33
bed_bath_table,53d00c40e32aeb924a84ce72b1af869d,SP,2165.85,17
bed_bath_table,e38db885400cd35c71dfd162f2c1dbcf,DF,2066.8,32
bed_bath_table,318f287a62ab7ac10b703ac37435a231,SP,1864.98,33
bed_bath_table,723cd880edaacdb998898b67c8f9da30,SP,1736.57,8
bed_bath_table,1dc2de47ee26a0a5b12dc14fd6dc0dea,SP,1670.3,27
bed_bath_table,26e2c91ef821e1ff8985f408788fe35b,SP,1649.4,14
bed_bath_table,a3a38f4affed601eb87a97788c949667,SC,1623.2,18
bed_bath_table,1dfe5347016252a7884b694d4f10f5c4,SP,1592.9,26
bed_bath_table,5145090ab595c0d0b8557199f5701fbf,PR,1459.6,4
bed_bath_table,4c8b8048e33af2bf94f2eb547746a916,SP,1455.45,18
bed_bath_table,04843805947f0fc584fc1969b6e50fe7,RS,1400.0,2
bed_bath_table,d4e12e7884759a14fa0f5f896c791cae,SP,1400.0,32
bed_bath_table,5b51032eddd242adc84c38acab88f23d,MG,1370.0,5
bed_bath_table,845e8036c3f7bf62099352f5ed910240,RJ,1335.1,19
bed_bath_table,11fb6f6d341adbe19e81733701704635,SP,1197.0,3
bed_bath_table,439a47cc365d6e3bd526812ea9de3c29,SP,1186.5,13
bed_bath_table,25e47381a6c510ddeb36084e33b89f0c,SP,1115.8,12
bed_bath_table,457fe919b032a3f7dadba6fb92cf7855,SP,1104.89,12
bed_bath_table,5dceca129747e92ff8ef7a997dc4f8ca,SP,1045.66,17
bed_bath_table,fb3cfbc8a86f5d7fbb4d36b8df63f60d,RJ,1007.3,15
bed_bath_table,b9ca8e8baa5d4aa038394a700f63e69f,SP,976.81,10
bed_bath_table,42b729f859728f5079499127a9c2ef37,SP,841.24,24
bed_bath_table,1cd9e0cc1839d55516843def5600816d,SP,825.0,5
bed_bath_table,daf565f087a52def0fd5c5825b3661bc,SC,813.9,9
bed_bath_table,062ce95fa2ad4dfaedfc79260130565f,RS,784.1,19
bed_bath_table,5f06030071324cc52bf0304014ac7234,SP,783.96,4
bed_bath_table,6426d21aca402a131fc0a5d0960a3c90,SP,774.89,12
bed_bath_table,d8c7ba53e7e38711eaef8c2849d6d2e1,PR,749.98,7
bed_bath_table,07de60b03d150fb3ea09eab5da5e4c8b,SP,719.1,9
bed_bath_table,76d64c4aca3a7baf218bf93ef7fa768d,PR,717.8,5
bed_bath_table,c7fdb77fdbff3c41981bc52f787e959e,SP,696.32,12
bed_bath_table,4200ddf1967c5e41e48db62bc6d4b5ac,SP,694.9,41
bed_bath_table,9aa388272ee334b6ae07bc73706e254a,MG,678.0,7
bed_bath_table,49383af7ab774e4e8f3000f49c83dc4b,SP,660.0,12
bed_bath_table,f80edd2c5aaa505cc4b0a3b219abf4b8,SP,623.1,9
bed_bath_table,7d7d2b7a51328016102d4528c411d630,SP,616.0,3
bed_bath_table,3d3ccf2b2f8134b10dce9dd446f0e075,SP,608.6,3
bed_bath_table,aae5e7b457a3c72ee230a47d98fceda5,PR,604.8,7
bed_bath_table,28ea411b354f14b1a494be4e79f0ce02,SP,600.0,4
bed_bath_table,d0d70d21e2234dd7cd3cf63fe414148a,PB,598.4,9
bed_bath_table,11938fcc75f6902fea1d0a6f72b54a57,SC,594.98,2
bed_bath_table,0be8ff43f22e456b4e0371b2245e4d01,SP,574.8,12
bed_bath_table,218d46b86c1881d022bce9c68a7d4b15,SP,565.0,5
bed_bath_table,c53bcd3be457a342a97e39e5a9f0be22,SE,509.5,5
bed_bath_table,1771297ac436903d1dd6b0e9279aa505,SP,488.99,12
bed_bath_table,bb135baca94c82fcb731335ad5b04a03,SP,470.0,5
bed_bath_table,d20b021d3efdf267a402c402a48ea64b,SP,460.8,4
bed_bath_table,2199e7fe213c16213bf5d6a7eadc9a5d,SP,451.5,6
bed_bath_table,709e16e2b25c7474d980076c6bfc4806,SP,450.4,6
bed_bath_table,13511db12ac61e2f89c53b72a944a60b,RS,397.0,3
bed_bath_table,b98b715fe9e276204e2a3464f48cd796,SP,388.6,4
bed_bath_table,b29d3380981c51df13fc6fbe87e1763d,SP,378.4,6
bed_bath_table,891071be6ba827b591264c90c2ae8a63,SP,374.98,18
bed_bath_table,6481e96574816ead57975da2c0f6d80d,SP,373.0,4
bed_bath_table,b56828a9f9027f3c918c04ca720d9e3c,SP,360.0,3
bed_bath_table,a7a9b880c49781da66651ccf4ba9ac38,SP,307.6,4
bed_bath_table,79ed755314cfe6df0daef2c6cd3022cd,SP,299.8,2
bed_bath_table,ac3508719a1d8f5b7614b798f70af136,RS,289.7,3
bed_bath_table,7aa4334be125fcdd2ba64b3180029f14,SP,285.89,11
bed_bath_table,b8a0adc91af209270c2c725168eb00fd,SP,281.4,6
bed_bath_table,83c465a786b06574376909b35ef6752a,SP,281.4,3
bed_bath_table,537eb890efff034a88679788b647c564,RJ,274.6,14
bed_bath_table,cac876b37d3abcd6bd76caca30277996,PR,267.0,3
bed_bath_table,b5abf4f36adc043117b4fca82c22984c,DF,263.5,5
bed_bath_table,0bae85eb84b9fb3bd773911e89288d54,SP,260.1,3
bed_bath_table,e4ebd3f87bf70440014f07ddda7fbe03,SP,254.0,2
bed_bath_table,cea729054f157f5870bdd321a958d994,SP,252.0,2
bed_bath_table,81ed90f07c0bacb7594940ba2ef676aa,MG,223.9,2
bed_bath_table,12c2ed9cded6138cf0c75f525f565fc7,SP,199.98,2
bed_bath_table,2eb70248d66e0e3ef83659f71b244378,SP,199.9,1
bed_bath_table,e9874ae10b2d60d43917b6bbfa13a599,PR,199.0,1
bed_bath_table,33cbda8716511e27e556dff9d8418bf2,SC,196.8,2
bed_bath_table,747c1cdcd1737dcfbd1547f6eb6f2cf3,SP,193.1,2
bed_bath_table,e21a1e8be4715b0fcfd5385643bc49c4,SC,189.5,5
bed_bath_table,2075d8cd4dd63ff12df0749a5866bb06,PR,184.7,3
bed_bath_table,aafe36600ce604f205b86b5084d3d767,SC,179.7,3
bed_bath_table,6e4f5ff6b086632ba8dcb558fb10249e,RS,178.0,1
bed_bath_table,cd06602b43d8800bd0afad514919d35c,SP,175.5,3
bed_bath_table,1cbdc7cf130a41fd13a3c2a7d2fcfda7,MG,165.8,2
bed_bath_table,ace601496e211a664100321f038f50af,SP,165.0,1
bed_bath_table,3078096983cf766a32a06257648502d1,SP,146.99,1
bed_bath_table,bcc9dd23e2a8bd8267cf92b19304a1b9,SP,145.8,2
bed_bath_table,d673a59aac7a70d8b01e6902bf090a11,SP,145.1,2
bed_bath_table,c5e60e39c0f42b8e827daa13cff74afa,SP,134.0,8
bed_bath_table,e5a38146df062edaf55c38afa99e42dc,SP,129.9,1
bed_bath_table,01cf7e3d21494c41fb86034f2e714fa1,PR,125.9,1
bed_bath_table,eec3469d83e142f9a104886655338c37,SP,119.9,1
bed_bath_table,41ab63a91b8b264e8c8780368bf1dd5b,MG,119.0,1
bed_bath_table,14ee35374a7876217954b5fa08e50463,SP,119.0,1
bed_bath_table,3771c85bac139d2344864ede5d9341e3,SP,116.2,8
bed_bath_table,b45d7ebfb7378630f1bcd74b6ff86ff7,MG,107.8,2
bed_bath_table,78ba5933c21686d1c2f64669c8c459e7,SP,105.9,1
bed_bath_table,45d33f715e24d15a6ccf5c17b3a23e3c,SP,104.87,1
bed_bath_table,c6218512d16fcac0af02fe92691cf274,MG,104.0,2
bed_bath_table,270572bb714b00531be85e16e1550f26,SP,96.99,1
bed_bath_table,6edacfd9f9074789dad6d62ba7950b9c,SP,91.9,1
bed_bath_table,530ec6109d11eaaf87999465c6afee01,PR,91.9,1
bed_bath_table,365e4bce19bda0082c3d15d83fdb8bcd,SP,89.9,1
bed_bath_table,f4ce8ca9fa7157e3b33f536ac9a4487d,SP,89.8,2
bed_bath_table,499185655c29ecfdbfe776ef7cf875b5,RS,89.0,1
bed_bath_table,3d5d0dc7073a299e31fa718ce1bc00b6,RJ,88.0,1
bed_bath_table,c4fb51fb1c5b7c07bc5e67be6e7e8f6e,PR,87.0,1
bed_bath_table,53e4c6e0f4312d4d2107a8c9cddf45cd,SP,83.97,2
bed_bath_table,2ff97219cb8622eaf3cd89b7d9c09824,SP,81.8,2
bed_bath_table,4e17c65a516f69d023a2ae78b84f28d6,SP,80.8,1
bed_bath_table,dbb9b48c841a0e39e21f98e1a6b2ec3e,SP,79.98,2
bed_bath_table,6187a137b2af59dfdbad8d9f8c373c14,SP,74.8,2
bed_bath_table,204b4e07bddef3c9b317f70189135b22,MG,73.4,1
bed_bath_table,bbd3acfe6de99892e73940d3fdceaf68,SP,69.0,2
bed_bath_table,7299e27ed73d2ad986de7f7c77d919fa,MG,67.99,1
bed_bath_table,fc38b5dceee1a730fad8853453437fbd,SP,64.3,2
bed_bath_table,c8417879a15366a17c30af34c798c332,SP,64.0,1
bed_bath_table,520b493b57809f446cb0a233bb3e25c7,SP,60.0,3
bed_bath_table,296729ffb9b684050dd24836dac4494a,SP,59.0,1
bed_bath_table,8fff28c4263ddec387f28d237fb42773,SP,58.6,4
bed_bath_table,e06f09ec0a4aca210779cf1cfc63cf19,SP,50.5,1
bed_bath_table,883dd81e82754ac2c65e9790a7db8c9a,PR,49.9,1
bed_bath_table,888faa8bfb0b159c37de6d898b961c31,SC,49.9,1
bed_bath_table,5f7300535881cef3b625fd683cf7d145,RS,49.8,2
bed_bath_table,7d7866a99a8656a42c7ff6352a433410,SP,49.0,1
bed_bath_table,534a01cc6df1e034e05c32028a291fa2,SP,48.99,1
bed_bath_table,9d213f303afae4983637247556438ede,SP,47.7,3
bed_bath_table,baf15155e37ef5492731459bdc05be8a,SP,47.0,1
bed_bath_table,0509040ea3fe50071181bbc359eb7738,MG,45.9,1
bed_bath_table,7caa63f175b1cecbfaadd8b5ab9998c7,SP,39.8,2
bed_bath_table,e72b4feb7abe210c52aa667abc25a3a2,SP,38.2,2
bed_bath_table,26562f211dd1364af2a8596dc945e8ae,SP,37.0,1
bed_bath_table,67e43d802fde8cfd3f9580124f8167d1,SP,36.0,3
bed_bath_table,1da3aeb70d7989d1e6d9b0e887f97c23,SP,35.99,1
bed_bath_table,e6ffc9ac6a7adc9d16a1cfc2286dd546,SP,34.99,1
bed_bath_table,4ebdc7e6cd6102a022dadc49156d4ea8,SP,34.9,1
bed_bath_table,38102b031c2a15e54623d711bfc753d3,CE,30.0,1
bed_bath_table,3dfd3dc96f7f8598eca74e9ac8a2fa31,SP,30.0,1
bed_bath_table,c43d924a0f1688ee9fae0efcd6f539d4,RJ,29.9,1
bed_bath_table,bd43e172d599bed47a85da877172ca8c,SC,23.92,1
bed_bath_table,20f0aeea30bc3b8c4420be8ced4226c0,SP,14.9,1
bed_bath_table,7ab0dd5487bab2dc835337b244f689fb,SP,12.5,1
bed_bath_table,f049a72cf58fd31b11f8919cade515e7,SP,12.25,1
bed_bath_table,e5c84227854980f1db19a58958c551d9,PR,7.5,1
books_general_interest,527801b552d0077ffd170872eb49683b,SP,17591.4,86
books_general_interest,669ae81880e08f269a64487cfb287169,SC,6654.99,58
books_general_interest,83e197e95a1bbabc8c75e883ed016c47,RJ,6394.09,51
books_general_interest,f0b47fbbc6dee9aafe415a6e33051b3f,SP,2202.43,48
books_general_interest,4dbd95a08b31ede5c82d3f861cb1ce1a,PR,1238.77,5
books_general_interest,1bb2bdb95f4841f1bba2c0d2cd83d3c9,SP,1193.9,37
books_general_interest,c03121937e54a93fcc1825c3098bbb6e,PR,1043.0,7
books_general_interest,343e716476e3748b069f980efbaa294e,SP,922.6,24
books_general_interest,41c2bad7229b0c25e6becf179ebf63ff,RN,782.0,23
books_general_interest,3dbbce181edfaa4a597ec858c382d2ec,PR,731.5,16
books_general_interest,da6a60cc8cc724fe51be021ff8be779c,RJ,594.09,10
books_general_interest,2059c39f76271d4ca3f15b5ffaccc8b8,PR,588.9,11
books_general_interest,5a6a02f419701fc8c605af71d4fc57a4,SP,560.6,10
books_general_interest,6e864f5c4669eff3d98140a07cc50202,SP,491.78,5
books_general_interest,b080809eaacb49e5ca07290981472431,MG,424.0,11
books_general_interest,a2fa0bdc798ee84cdb08281337cf4fb6,SC,392.75,13
books_general_interest,aced59e9b31ef866a94f9e7f29d8d418,SP,343.0,5
books_general_interest,72bc2cce903c872fe376a8faaa81d237,SP,287.3,7
books_general_interest,15ead3a5037a918ddb520dfe39a3d2b9,MG,275.5,8
books_general_interest,ff4e2d38692ce827b1a4f4b8196e680d,SP,273.9,4
books_general_interest,aa762680c40618316a896838866140ea,PR,261.0,3
books_general_interest,c3fe93ba3085f92855c97e57f38c8c05,PR,245.0,7
books_general_interest,579891617139df7d8671d373f0669622,RJ,237.4,7
books_general_interest,48bad451945f5227341793478d6353ea,SP,232.0,2
books_general_interest,d9d43faf741ceaa8da52fdbb81d9e0e3,SP,210.0,8
books_general_interest,ce69a8021d18961dd2a40269b7c2c293,PR,199.98,2
books_general_interest,50770d25768b0486d89be26afca3108f,SP,171.77,6
books_general_interest,768de2a4fc06aacecb9a586ccc30746a,DF,164.5,5
books_general_interest,fc5a0d7a310a7a41abf86a458585ff2b,SP,162.8,2
books_general_interest,0ffa40d54288e4f3499b8780dd0f144f,SP,147.0,3
books_general_interest,8e34331b7eedd03be4e5d965c1956225,SP,145.0,5
books_general_interest,3d0cd21d41671c46f82cd11176bf7277,SC,143.6,4
books_general_interest,57fe6232e67823593374a2281d7a8af8,SP,134.4,6
books_general_interest,0d33a55da925bbf1ff02af5f6059fc7f,SP,126.6,9
books_general_interest,a9b533a26e898b12e8b8d4c07279bf4d,RJ,119.6,4
books_general_interest,fc908879b9ca1bd65419e54e50432d38,SP,119.2,4
books_general_interest,bca9230d3bbb4efa51872bf605a2f1ad,SP,117.57,5
books_general_interest,5f3ae9136c875522250f8184f253413a,SP,104.65,5
books_general_interest,25e6ffe976bd75618accfe16cefcbd0d,SP,99.81,1
books_general_interest,5a32c398a06c345440bf2a683b017ad3,RJ,79.8,2
books_general_interest,c2bda99904207edd1834f03e0022b007,SP,79.8,2
books_general_interest,ffcfefa19b08742c5d315f2791395ee5,PR,69.9,1
books_general_interest,24a6daf925d9d591870a66660416de31,SP,60.0,2
books_general_interest,d8d9567d0bfb0bc7eb845a205ba42657,SP,59.7,3
books_general_interest,3d871de0142ce09b7081e2b9d1733cb1,SP,59.0,1
books_general_interest,7f7b8245c336066a1f9933c359f11d77,SP,54.5,5
books_general_interest,0e72c1a751b496722a6cb1f10653b62a,SP,45.9,1
books_general_interest,da3fede3469bf49b7293ce3fc45b294d,SP,44.9,1
books_general_interest,c74f14c1e26cf1bd5bd34b6a1e274426,SC,39.0,1
books_general_interest,2953ce3a88f5e3c3b696d77fc9e4c8eb,SP,39.0,1
books_general_interest,c716e0b86ed568878475b60fbb6323ad,SP,35.0,1
books_general_interest,42ef3192a9ff87a22d1867b74b3ee205,SP,30.0,2
books_general_interest,e76ecc7e9a1a1e3c6df9d2a8261c423d,MG,20.0,1
books_general_interest,3d62f86afa7c73be2628a3be1423f5a0,SP,12.0,2
books_imported,bc2ac6b95e1accce9858528ee566c17e,SP,2045.0,22
books_imported,7c5b05cbdb5542049f38d90d7815b97d,SP,1038.96,24
books_imported,9b1585752613ec342d03bbab9997ec48,RJ,749.0,1
books_imported,1bb2bdb95f4841f1bba2c0d2cd83d3c9,SP,588.9,9
books_imported,5f0057b677eb963672bf05dfa3f16c34,SP,99.0,1
books_imported,272f092de69afedd4d2969440b37f18f,SP,99.0,2
books_imported,cac4c8e7b1ca6252d8f20b2fc1a2e4af,SP,19.99,1
books_technical,ba143b05f0110f0dc71ad71b4466ce92,SP,5499.65,79
books_technical,1bb2bdb95f4841f1bba2c0d2cd83d3c9,SP,2582.21,15
books_technical,0ffa40d54288e4f3499b8780dd0f144f,SP,2015.8,32
books_technical,72bc2cce903c872fe376a8faaa81d237,SP,1861.9,11
books_technical,4ba52dfeba874da5b9ee7b17c7494f04,SP,1463.0,11
books_technical,5f3ae9136c875522250f8184f253413a,SP,1053.35,41
books_technical,134a288e7de827ec5ec62e3ec9c3a295,SP,867.45,8
books_technical,2953ce3a88f5e3c3b696d77fc9e4c8eb,SP,431.0,14
books_technical,8bb48dc19fccaa8613b6229bf7f452a2,SP,427.58,4
books_technical,78ef7e885d17f35e2382a47aae8b8cce,RS,388.0,3
books_technical,89de2d6f23e9746ff309705b23581faa,PR,340.0,8
books_technical,97e995629983723d11830a829bc2b246,SP,314.7,3
books_technical,51f108f62cb87d61918159902c8f8583,PR,303.73,3
books_technical,0d33a55da925bbf1ff02af5f6059fc7f,SP,289.0,11
books_technical,4be2e7f96b4fd749d52dff41f80e39dd,AC,267.0,1
books_technical,ff4e2d38692ce827b1a4f4b8196e680d,SP,245.0,7
books_technical,6e864f5c4669eff3d98140a07cc50202,SP,191.1,5
books_technical,578fa3a9cb6b6dceab39231ad59cdaca,CE,150.0,3
books_technical,48bad451945f5227341793478d6353ea,SP,75.0,1
books_technical,f90f77ef2799a27f80d90c425ca944f7,PR,70.0,1
books_technical,4dbd95a08b31ede5c82d3f861cb1ce1a,PR,65.9,1
books_technical,2d8cfba3fcd3170555941605edaa196a,SP,45.0,1
books_technical,1f2eebc0e970fd3c463e4f5d9652687a,SP,44.99,1
books_technical,579891617139df7d8671d373f0669622,RJ,42.9,1
books_technical,7f7b8245c336066a1f9933c359f11d77,SP,31.9,1
books_technical,139157dd4daa45c25b0807ffff348363,SP,29.9,1
cds_dvds_musicals,4e922959ae960d389249c378d1c939f5,SP,730.0,14
christmas_supplies,d93919c944be9cff128f6c9cb899eacb,SP,2496.8,32
christmas_supplies,0d85bbda9889ce1f7e63778d24f346eb,MG,2110.8,22
christmas_supplies,b9a03475e6447e631b6799ec8274800f,PR,1179.2,8
christmas_supplies,113e3a788b935f48aad63e1c41dac1bd,SP,847.35,48
christmas_supplies,4e326052e5dbba8adcd512f3450a307e,SP,570.0,6
christmas_supplies,c4fb51fb1c5b7c07bc5e67be6e7e8f6e,PR,295.0,1
christmas_supplies,28405831a29823802aa22c084cfd0649,SP,245.0,7
christmas_supplies,2cb6eb1b7185064167657fa09f541105,MG,239.8,1
christmas_supplies,dfa0c4c6229ab200a4a1336b4d7128ff,SC,200.7,4
christmas_supplies,537eb890efff034a88679788b647c564,RJ,158.4,6
christmas_supplies,116ccb1a1604bc88e4d234a8c23f33de,SP,127.0,10
christmas_supplies,152ee17e4c8aaf53dac99f3462e4999b,SC,114.0,2
christmas_supplies,a53f60f05f822b5c621a50ff6a5cb362,MG,69.9,1
christmas_supplies,4e922959ae960d389249c378d1c939f5,SP,69.0,1
christmas_supplies,12c2ed9cded6138cf0c75f525f565fc7,SP,29.99,1
christmas_supplies,9f56a7a649097b166d8ed286ad86a15c,RJ,27.98,2
christmas_supplies,2ff97219cb8622eaf3cd89b7d9c09824,SP,19.9,1
cine_photo,ce69a8021d18961dd2a40269b7c2c293,PR,1767.97,3
cine_photo,da7039f29f90ce5b4846ffc0fcc93beb,SP,1259.1,18
cine_photo,8d956fec2e4337affcb520f56fd8cbfd,SP,1105.6,12
cine_photo,ffa6adafb71b807dc13159e26431354c,PR,745.0,5
cine_photo,77e4abfd739aed9c46480f90f81c0eb4,DF,598.0,5
cine_photo,fcb5ace8bcc92f75707dc0f01a27d269,SP,512.3,3
cine_photo,5abb8ea023c77787f2c15da891c8d384,SC,453.0,7
cine_photo,6b90f847357d8981edd79a1eb1bf0acb,SP,141.0,10
cine_photo,2ff97219cb8622eaf3cd89b7d9c09824,SP,119.9,1
cine_photo,c522be04e020c1e7b79f3acff36513d5,SP,89.99,1
cine_photo,ba89796db68db180bd389de96b2ff3b6,SP,59.9,1
cine_photo,18a349e75d307f4b4cc646a691ed4216,SP,40.0,4
cine_photo,213fafb0ca06fb3d5886579c2565791b,MG,34.9,1
cine_photo,26d6bbee02420494d471c9f6436929c0,PR,6.8,1
computers,53243585a1d6dc2643021fd1853d8905,BA,166871.75,153
computers,7681ef142fd2c19048da7430856b5588,SP,28198.92,41
computers,a00824eb9093d40e589b940ec45c4eb0,SP,9399.97,3
computers,80ceebb4ee9b31afb6c6a916a574a1e2,PR,6729.0,1
computers,c72de06d72748d1a0dfb2125be43ba63,BA,4590.0,1
computers,585175ec331ea177fa47199e39a6170a,MG,3549.0,1
computers,403aa86912527d730337ffcb0fb096ab,MG,2199.99,1
computers,0873d9f8f36123f8d910f4760e788cfb,SP,1390.0,1
computers,1c40343cc5d18c2d8248ac2f3366de34,SP,34.5,1
computers_accessories,25c5c91f63607446a97b143d2d535d31,MG,53257.52,262
computers_accessories,de722cd6dad950a92b7d4f82673f8833,PE,52197.8,362
computers_accessories,a1043bafd471dff536d0c462352beb48,MG,47214.51,343
computers_accessories,9c0e69c7bf2619675bbadf47b43f655a,SP,33234.07,204
computers_accessories,88460e8ebdecbfecb5f9601833981930,PR,31546.55,302
computers_accessories,0b90b6df587eb83608a64ea8b390cf07,PR,28592.32,210
computers_accessories,e9bc59e7b60fc3063eb2290deda4cced,PR,27832.27,223
computers_accessories,87142160b41353c4e5fca2360caf6f92,RS,26864.58,277
computers_accessories,9f505651f4a6abe901a56cdc21508025,SP,23833.39,364
computers_accessories,2b3e4a2a3ea8e01938cabda2a3e5cc79,SP,23629.15,54
computers_accessories,1c68394e931a64f90ea236c5ea590300,PR,22300.17,155
computers_accessories,897060da8b9a21f655304d50fd935913,SP,21744.2,415
computers_accessories,4e922959ae960d389249c378d1c939f5,SP,20117.15,150
computers_accessories,f457c46070d02cadd8a68551231220dd,PR,19093.0,234
computers_accessories,96493fab2fbb13a14d0c0e8772eef5c3,SP,18969.0,64
computers_accessories,229c3efbfb0ea2058de4ccdfbc3d784a,MG,15744.0,148
computers_accessories,e2a1ac9bf33e5549a2a4f834e70df2f8,SP,14999.45,5
computers_accessories,8e6d7754bc7e0f22c96d255ebda59eba,SP,14497.27,130
computers_accessories,85d9eb9ddc5d00ca9336a2219c97bb13,MG,14221.92,481
computers_accessories,165fc07beebdcb6190fba8a06db2a449,PR,13738.4,57
computers_accessories,34d1ca11b242c0fee2c834ae8d788566,MG,13422.24,41
computers_accessories,00fc707aaaad2d31347cf883cd2dfe10,PR,12684.9,135
computers_accessories,70a12e78e608ac31179aea7f8422044b,SP,11368.34,113
computers_accessories,17e34d8224d27a541263c4c64b11a56b,SP,11183.33,41
computers_accessories,6973a06f484aacf400ece213dbf3d946,SP,11011.05,115
computers_accessories,c72de06d72748d1a0dfb2125be43ba63,BA,10262.0,18
computers_accessories,8e8a7ce9f2f970dc00e2acf6f6e199f6,RJ,9101.0,66
computers_accessories,522620dcb18a6b31cd7bdf73665113a9,PR,8403.6,43
computers_accessories,af4a0e4cfe1d9c26b6712b1be25a72e5,MG,8171.25,23
computers_accessories,3bb548e3cb7f70f28e3f11ee9dce0e59,PR,7690.02,53
computers_accessories,784ba75dd9d20200c4caed3d7a77141a,SP,7605.85,6
computers_accessories,06e5eefc71ec47ae763c5c6f8db7064f,RS,7510.47,35
computers_accessories,d03698c2efd04a549382afa6623e27fb,BA,7185.21,19
computers_accessories,5b8154610ebb21fb90eb587365e673df,SP,6980.2,23
computers_accessories,30829ded4523ab9224b93bc49a62c95f,RS,6911.71,31
computers_accessories,3340ef1913fb70d28420f6ceb685c339,PR,6731.15,42
computers_accessories,ed4acab38528488b65a9a9c603ff024a,SP,6517.08,33
computers_accessories,e8b3a3a38279a82f0e5d006d5e5b7d2c,PR,6464.1,28
computers_accessories,4b5f66b7adcf57f1ecc0d3c07dd6b177,PR,6381.78,38
computers_accessories,bd0389da23d89b726abf911cccc54596,DF,6351.26,79
computers_accessories,f08a5b9dd6767129688d001acafc21e5,RS,6305.09,8
computers_accessories,f262cbc1c910c83959f849465454ddd3,SP,6152.35,105
computers_accessories,2eb70248d66e0e3ef83659f71b244378,SP,5433.2,68
computers_accessories,080102cd0a76b09e0dcf55fcacc60e05,MG,5205.49,96
computers_accessories,5bffbafbb22daf6d3bfc216a46db8708,RJ,4805.79,14
computers_accessories,f6122bc84774df1b372bdb3bb88ddb9f,SP,4799.87,3
computers_accessories,36a968b544695394e4e9d7572688598f,SP,4728.36,86
computers_accessories,2addf05f476d0637864454e93ba673d5,DF,4552.0,12
computers_accessories,1fe5540d7c1c37a595fefbacd5570d9e,RJ,4537.6,25
computers_accessories,2e3be8a987a30d7544dbbda6861cc14e,MG,4430.84,19
computers_accessories,ec8879960bd2221d5c32f8e12f7da711,SP,4062.4,36
computers_accessories,d5ba419e26d246a0719437cf37d9b46d,SP,4061.4,35
computers_accessories,b2ba3715d723d245138f291a6fe42594,SP,3944.99,21
computers_accessories,8c16d1f32a54d92897cc437244442e1b,SC,3748.35,87
computers_accessories,403aa86912527d730337ffcb0fb096ab,MG,3699.99,1
computers_accessories,7e3f87d16fb353f408d467e74fbd8014,SP,3412.89,73
computers_accessories,9803a40e82e45418ab7fb84091af5231,GO,3389.5,7
computers_accessories,3bdff180c7e1f6551a643b99c265a120,SP,3114.9,61
computers_accessories,710e3548e02bc1d2831dfc4f1b5b14d4,PR,2999.7,30
computers_accessories,e908c0f3646e8b60375734a350d95d71,SP,2951.0,1
computers_accessories,974cf2cb8f4b7add98709c30df02fe10,SP,2907.68,32
computers_accessories,e9d99831abad74458942f21e16f33f92,SP,2883.72,94
computers_accessories,d9e8c084b68fe958861d8f2c21202e6b,SP,2700.0,2
computers_accessories,9646c3513289980f17226a2fc4720dbd,SP,2542.7,71
computers_accessories,fc906263ca5083d09dce42fe02247800,MG,2503.4,66
computers_accessories,a08692680c77d30a0b4280da5df01c5a,SP,2433.0,17
computers_accessories,ede0c03645598cdfc63ca8237acbe73d,SP,2390.47,44
computers_accessories,5656537e588803a555b8eb41f07a944b,DF,2353.82,38
computers_accessories,1838dd9b8977065acf51d95e0053ea7a,MG,2345.0,60
computers_accessories,6039e27294dc75811c0d8a39069f52c0,SP,2239.0,10
computers_accessories,7178f9f4dd81dcef02f62acdf8151e01,SC,2207.0,27
computers_accessories,e7d5b006eb624f13074497221eb37807,SP,2099.39,17
computers_accessories,8ec76bb0965af3f007692b26fa9d6623,SC,1999.0,1
computers_accessories,1d0997ff06b524ce9289ffd75114ecd3,PE,1999.0,1
computers_accessories,f25e239052084705e17a982bc600ab2a,SP,1980.0,1
computers_accessories,fac1a9017ade7bdc94058fc1c969f355,SP,1954.85,9
computers_accessories,955fee9216a65b617aa5c0531780ce60,SP,1939.87,23
computers_accessories,5c6d4016c2a288f074fa0848a2b653d2,SP,1844.0,18
computers_accessories,612170e34b97004b3ba37eae81836b4c,RS,1805.6,10
computers_accessories,7ddcbb64b5bc1ef36ca8c151f6ec77df,SP,1803.5,50
computers_accessories,ea566164622c6b439516ab18062c42cd,SP,1796.4,11
computers_accessories,e49c26c3edfa46d227d5121a6b6e4d37,PE,1780.93,14
computers_accessories,6b1c4d4d9ccf0be3d8544eb0e71e5318,RS,1699.0,1
computers_accessories,4e5725ba188db8252977a4f0227bd462,SP,1690.59,23
computers_accessories,5f67c6082caacb26e431a7b17940cece,PR,1662.6,14
computers_accessories,1660ad786c27fd935378b6192a90b417,SP,1570.0,13
computers_accessories,714b9a1332840f257b49f476bea4e341,SP,1499.94,6
computers_accessories,f8db351d8c4c4c22c6835c19a46f01b0,SP,1492.6,34
computers_accessories,97512d3fc193b2d1dfcdba0f9d1f0f8a,SP,1458.87,13
computers_accessories,010543a62bd80aa422851e79a3bc7540,SP,1416.0,2
computers_accessories,6a38087bc8ad4f89ff453561005f6dea,GO,1411.7,13
computers_accessories,18a349e75d307f4b4cc646a691ed4216,SP,1389.18,24
computers_accessories,ea65d8b58316a6f2362f2a9e4b3e86ad,SP,1332.7,3
computers_accessories,8d956fec2e4337affcb520f56fd8cbfd,SP,1325.27,32
computers_accessories,45d33f715e24d15a6ccf5c17b3a23e3c,SP,1292.65,18
computers_accessories,3935fe5fe0f82787a9dcb8deb62be09d,SP,1277.29,12
computers_accessories,1d2732ef8321502ee8488e8bed1ab8cd,RJ,1148.0,5
computers_accessories,e48cc16ab70bfa09e1401740dce0b3d7,SP,1084.83,17
computers_accessories,de9727ca376d1be6ec121b110aa7954c,PR,1058.7,12
computers_accessories,4324dd16853115efb0fd9d0d131ba6f4,SP,1052.25,18
computers_accessories,ce27a3cc3c8cc1ea79d11e561e9bebb6,SP,1036.47,39
computers_accessories,7994081388d55b9cf976c050653dd359,SP,1020.0,6
computers_accessories,0db783cfcd3b73998abc6e10e59a102f,SP,1012.3,22
computers_accessories,2156f2671501a81034d7d07f217609d0,SP,1011.9,15
computers_accessories,66fd84ee7528c0c0de85d0f44a73d5ab,RS,989.02,18
computers_accessories,c1ed9e3daf6154542826a6996af0fb8c,SC,971.25,17
computers_accessories,48162d548f5b1b11b9d29d1e01f75a61,SP,935.75,6
computers_accessories,e51f22821f0c12a16ad5c020cdcd55e9,SP,898.71,4
computers_accessories,e5f9e61ceb5f523cc966e0f34095032f,SC,898.0,2
computers_accessories,f3c38ab652836d21de61fb8314b69182,SP,869.0,6
computers_accessories,04fdea0c111866e6cf812f1570d6b5bd,SP,855.0,9
computers_accessories,a3b42d266fa8afc874b909422ce88582,SP,839.4,6
computers_accessories,dc64d75cc406bb0697be983831430e60,MG,813.0,4
computers_accessories,14a08204d03bb6b6bde8029f801ae0eb,SP,789.9,8
computers_accessories,6524b847b982cd56bb5d4b02b776ee42,SP,779.8,2
computers_accessories,557f22c76691849db52d2abccf0015d0,GO,761.88,12
computers_accessories,4b39558c138930b9e5489c93b6df5fe3,SE,735.9,4
computers_accessories,89dda63a3c907c468ec88c310ed91213,SP,734.99,2
computers_accessories,d79e8478eed9999493990b44955fb22e,RJ,706.9,4
computers_accessories,07d75e33f2750d97d467fb57e4dfdd8a,SP,699.9,1
computers_accessories,1b4c3a6f53068f0b6944d2d005c9fc89,SC,684.7,3
computers_accessories,9d7a1d34a5052409006425275ba1c2b4,SP,678.6,5
computers_accessories,54065e9aef7e9e9c2dc23b7594db021a,RJ,650.0,1
computers_accessories,bc503e244f187939d10c92a5c8e378ce,SP,637.67,16
computers_accessories,18e694e0e48ed6f7aa3f24aade5fd697,SP,623.77,29
computers_accessories,66dc1b1632bd6a3e508510c5b3492107,SP,618.5,3
computers_accessories,6560211a19b47992c3666cc44a7e94c0,SP,600.0,12
computers_accessories,1588ac4010787100dddef64568f0ae35,PR,599.97,3
computers_accessories,791cfcfe22fe4a771ece27f90017da92,SP,596.26,2
computers_accessories,01c97ebb5cdac52891c0ed1c37ba0012,SP,577.5,12
computers_accessories,3e8bd881d92466e63ba9e3e809cd3c50,RJ,567.9,2
computers_accessories,71592660bbcb6a4664e97b6f8b68babc,SP,564.36,2
computers_accessories,4869f7a5dfa277a7dca6462dcf3b52b2,SP,560.0,2
computers_accessories,3d4b1ae7539303b5704493798893e82c,SP,544.0,2
computers_accessories,be8e909810184b9b19e886129149d8e5,SP,539.88,12
computers_accessories,79ee721b6f766066a80264402548d359,SP,538.0,2
computers_accessories,f27e33c6d29b5138fa9967bcd445b6d5,SP,534.6,4
computers_accessories,99eaacc9e6046db1c82b163c5f84869f,SP,533.98,5
computers_accessories,9f50216bfd01913736a55a11b55ea842,SP,522.0,9
computers_accessories,16090f2ca825584b5a147ab24aa30c86,SP,520.98,2
computers_accessories,822bad9bc42b51213ba522fe87b7ab5d,SC,518.0,2
computers_accessories,33c51922b6e3c16b24a8f28e5833c99d,PR,517.65,1
computers_accessories,0d83f8e03188682112cc0d93523705cc,RS,516.3,6
computers_accessories,e06f09ec0a4aca210779cf1cfc63cf19,SP,513.9,1
computers_accessories,fcb5ace8bcc92f75707dc0f01a27d269,SP,511.85,9
computers_accessories,cb8bcce248bb1fb274ba762d8b971456,MG,511.6,4
computers_accessories,4559697a8f7e637227c2eeaed843baff,SP,500.0,2
computers_accessories,c286ec035ee04ba81c97508f0b5df544,PR,493.0,2
computers_accessories,49cdc90518a4f82676b38b3c1aa43ff6,SP,489.8,2
computers_accessories,70c4eedec9cb4a85cda2f3f9673557b4,SP,479.8,2
computers_accessories,e0eabded302882513ced4ea3eb0c7059,SP,459.0,1
computers_accessories,e62b2d6ac10570a035a30bafcf01d263,SP,451.5,8
computers_accessories,5e106d93b717c2682b9383da480364a1,PR,445.9,1
computers_accessories,236585a4ddb5fea9fa40233e2249ed91,RS,439.56,8
computers_accessories,52f0fe436a347ddad7ed5f9aa4e27eaa,SP,430.62,9
computers_accessories,c12b92bf1c350f3e6bf88d3596219c86,SP,424.98,3
computers_accessories,dd2bdf855a9172734fbc3744021ae9b9,MG,399.0,10
computers_accessories,41b14765bd56c8ad10971074380f9c0c,SP,395.5,10
computers_accessories,7354220fb240bde543b3c40c060d41e7,DF,380.0,5
computers_accessories,08d2d642cf72b622b14dde1d2f5eb2f5,SP,365.5,3
computers_accessories,499ec63c58e51296c9cf57edcfe1c8a8,SP,365.0,5
computers_accessories,582d4f8675b945722eda7c0cb61ba4c7,SP,360.9,1
computers_accessories,f41ce2e25237f9092cd8e6e7516c7a2f,SP,358.9,6
computers_accessories,7ade73f1b9b4e965f9009a4c3a7e2c15,SP,357.0,9
computers_accessories,13074f016982ff2bd6c58ced8682f000,RS,348.0,3
computers_accessories,2009a095de2a2a41626f6c6d7722678d,SP,332.1,9
computers_accessories,ba6b4a237f92479743cf0ca06b67a9ac,RJ,330.0,3
computers_accessories,e2aee0892199b1d92530e371abd825bf,PR,329.75,7
computers_accessories,0887a9f087bcd5d9f6642b52f897fc6c,SP,329.0,1
computers_accessories,c79151301b9d90985d1fa52879213105,PR,322.3,8
computers_accessories,a81466620e46a6970b22ef40379fdfc9,SC,321.8,2
computers_accessories,8b321bb669392f5163d04c59e235e066,SP,305.5,15
computers_accessories,c9c7905cffc4ef9ff9f113554423e671,SP,299.99,1
computers_accessories,328acb143b4a73aad6bee8e734f5d20d,PR,299.99,1
computers_accessories,12b9676b00f60f3b700e83af21824c0e,RS,299.0,1
computers_accessories,44073f8b7e41514de3b7815dd0237f4f,DF,297.1,8
computers_accessories,4170f6a9367e6b5d6401d03ce6d54569,DF,290.78,3
computers_accessories,4c61e37f664c3c88aff092aa5ac779d7,RJ,279.89,1
computers_accessories,72c38a04bd6a1c3dbc5298425a0db86d,PR,270.4,3
computers_accessories,8b28d096634035667e8263d57ba3368c,SP,265.47,5
computers_accessories,bba74270a87732727b5a3b4fd9ac1c39,MG,259.97,3
computers_accessories,406740ee611378a662d274c7d8c43c4a,ES,254.0,4
computers_accessories,8ccf3cf69651cc1d8a02c8bfaf3b8568,SP,250.0,2
computers_accessories,3092c0b297aacfb4bb6e056ebe13b9b8,SP,249.7,3
computers_accessories,56e361f411e38dcef17cdc2a3d99628b,SP,248.0,4
computers_accessories,20b54c376b794ed028df09a3cd88e8dc,SP,237.21,2
computers_accessories,a663d9c3797e90eac99ff60939416a56,SP,235.0,1
computers_accessories,8fdca8e349553f99bc738833a62c8802,SP,227.5,13
computers_accessories,6c6e3d67f969468f3bfd33f827a31222,PR,224.0,6
computers_accessories,376a891762bbdecbc02b4b6adec3fdda,GO,214.5,1
computers_accessories,e8f6dc8e6a1dcde89d20e3995c8d90b3,SP,209.7,3
computers_accessories,6ee85be3693ed79a8e80718743d80655,SP,207.0,6
computers_accessories,b5abf4f36adc043117b4fca82c22984c,DF,199.8,2
computers_accessories,3d290fe363c60a77498c1126fd3fb8d3,SP,198.98,3
computers_accessories,fe1b067411b8c5066e962aa146ccee03,SP,196.85,1
computers_accessories,05a940b4ecae36cadfd8e93bd9c43257,GO,193.6,4
computers_accessories,bf00385a5f7fc1ef39a13c2e9ee50a5f,SP,190.4,6
computers_accessories,b499c00f28f4b7069ff6550af8c1348a,SP,189.94,6
computers_accessories,0be8ff43f22e456b4e0371b2245e4d01,SP,184.4,6
computers_accessories,85cc55e048b6bcc90c75afe7f0e72f72,RJ,183.6,4
computers_accessories,fc59392d66ef99377e50356ee4f3b4e1,BA,179.99,2
computers_accessories,7f5e4d5efad7e44b91115dd1decb65f3,SP,179.9,9
computers_accessories,d6cd01c59123df02fc226eadbadb5f89,SP,175.0,2
computers_accessories,9c7fd21e0aa159b20da593371f08ff7c,SP,174.9,1
computers_accessories,d66c11a9572221d92fbb8c4897db5f9b,RJ,170.0,1
computers_accessories,cd6efc47efaabf134f8bdb654e10b4f1,RJ,169.98,2
computers_accessories,4bc3d93e4a5f88a598d3d8ce4ae510b3,SP,169.0,1
computers_accessories,fa14641f57b655e933124a9ea49cd7a5,SP,164.97,3
computers_accessories,a23266650e7c84bb93fbbba502137478,RS,162.8,2
computers_accessories,0c7f30ae9b147eca07affbef92832a6a,PR,159.8,2
computers_accessories,2138ccb85b11a4ec1e37afbd1c8eda1f,SP,159.6,4
computers_accessories,59cea8e446d3834393058e7e0666b6fb,PR,159.6,4
computers_accessories,3f995f07c49d0d55a99d5c54957f7d81,SP,158.0,2
computers_accessories,1da3aeb70d7989d1e6d9b0e887f97c23,SP,139.96,4
computers_accessories,120476eb7a04c149d14772edaf5d9bf2,RJ,139.9,1
computers_accessories,1cbd32d00d01bb8087a5eb088612fd9c,SP,138.23,1
computers_accessories,1cbd50a8c52e6cf8e315c5709fab386f,PR,135.8,2
computers_accessories,59de1d4c8c057c2a53acd4ca66531af2,PR,135.0,1
computers_accessories,2a1348e9addc1af5aaa619b1a3679d6b,MG,131.6,4
computers_accessories,0692610d8abe24f287e9fae90ea0bbee,SP,130.99,2
computers_accessories,dc120d932ddf9d4dfb6fd68beefda622,PR,130.0,1
computers_accessories,60ad151920c4f6f3ebbe8cfdf6166779,SP,130.0,2
computers_accessories,a4b6b9b992b46e9ef863637af96e04bc,SC,129.0,1
computers_accessories,5bc237df65098fe211bb4818f4d26d78,MG,126.8,2
computers_accessories,1d503743d2526f03f0c2c89540ee008c,SP,126.55,5
computers_accessories,7c9130f5f3729edd32aa059141d92484,SP,126.0,4
computers_accessories,7040e82f899a04d1b434b795a43b4617,SP,124.4,6
computers_accessories,08061dc0fc165ed41288cc7acde738ee,SP,123.8,4
computers_accessories,56f413900b5166ab4d730e9ac0b12cb0,SP,119.99,1
computers_accessories,afa6714acee029b2dfdf357e5579cc03,SP,119.9,1
computers_accessories,9198786624eaeb375793215cad26cfa6,SC,119.8,2
computers_accessories,e21a1e8be4715b0fcfd5385643bc49c4,SC,119.4,6
computers_accessories,4c60877808f4318ef1107fbeb8f89afa,SP,118.0,2
computers_accessories,8c351ed7c326c62123318f4f3246e906,SP,114.9,2
computers_accessories,213fafb0ca06fb3d5886579c2565791b,MG,109.9,1
computers_accessories,530ec6109d11eaaf87999465c6afee01,PR,104.9,1
computers_accessories,160851d3ece7aa1a510f8d1a4bb8a8af,SP,102.05,2
computers_accessories,a4fc6eadaff1576af888509a53420f6a,SP,100.86,1
computers_accessories,6288c69c4ce638e59925e59193f98b16,SP,99.49,1
computers_accessories,c84592044b180dec206770c38603814b,SP,95.98,2
computers_accessories,dd55f1bb788714a40e7954c3be6df745,SP,89.99,1
computers_accessories,c990d6cf976a5718aaedc539f383ab88,SP,86.6,4
computers_accessories,876182d1918783bbe15233febfbd4926,SP,85.29,2
computers_accessories,a56a8043ebf66e42119618fb8cf232c6,SC,83.0,1
computers_accessories,8cc6a0e5738e61a87b03c78b2ba9db4b,MG,81.7,3
computers_accessories,77714512e8d4dda9c234da8e3faf16e4,SP,79.8,2
computers_accessories,60da8bfa7eebe230b7d66ac4082d79b3,SP,79.8,2
computers_accessories,128639473a139ac0f3e5f5ade55873a5,PR,72.0,2
computers_accessories,fd386aa7bed2af3c7035c65506c9b4a3,SP,69.0,4
computers_accessories,d58d521f3789def2e7a22715e0badd93,SP,65.98,2
computers_accessories,b4a476fbd28de64b1e347abf9089366a,SP,65.0,1
computers_accessories,eb5b6204dde3a6e03b5f1bb8479f055b,SP,63.69,2
computers_accessories,fbc14c0cf93505ef89f64665ffa4a7b5,SP,62.99,1
computers_accessories,1d953075c2f0dd990bacf27b83b330f1,MG,59.0,1
computers_accessories,0af2ab31141893d26aca5a404a537dab,SP,59.0,1
computers_accessories,2f4b9d112bfa44a214bc6cef085d17c8,ES,56.7,3
computers_accessories,ebe3dabc4955c9b0d695e7bda38bf5c3,SP,55.0,1
computers_accessories,75d34ebb1bd0bd7dde40dd507b8169c3,BA,52.97,3
computers_accessories,3ded4e2d5f135cb103e5949d7263d2dd,MG,49.9,1
computers_accessories,513a54369b6a8a6602fcb0e129c6d78d,SP,47.8,2
computers_accessories,8f0fbe2cd4d472157dc1cdef6edecaa9,SP,47.0,1
computers_accessories,6c1b6d0c604b776f844125f911eb7377,SP,46.94,1
computers_accessories,7494d0dcba8551df6cf37f1b905dc2f7,SP,45.9,1
computers_accessories,8629a7efec1aab257e58cda559f03ba7,GO,45.22,1
computers_accessories,430315b7bb4b6e4b3c978f9dfa9b0558,SP,44.0,1
computers_accessories,a213f1bd6458f4a158f3746cb2514559,PR,41.52,1
computers_accessories,7f7b8245c336066a1f9933c359f11d77,SP,39.9,1
computers_accessories,5b33b527da3c5b969cc99dc435cad09a,PR,39.89,1
computers_accessories,0ddefe3c7a032b91f4e25b9c3a08fca1,SP,36.9,1
computers_accessories,5cbbd5a299cab112b7bf23862255e43e,PR,36.0,1
computers_accessories,bee36b4f9a2b9fdcaff6ec05df202ed0,SP,33.8,2
computers_accessories,3d4824f20035949c710eaf111f869d39,SP,32.66,1
computers_accessories,15aac934c58d886785ac1b17953ea898,ES,32.0,1
computers_accessories,6bcb2352a2a0c38b845f598298ab9d26,PR,31.8,2
computers_accessories,fdf736c18c589ed030e058312203e1b2,MG,30.0,1
computers_accessories,918f6fbcf3ab724d805867303e593a1b,SP,29.9,1
computers_accessories,b8d890108a7a80e4f5d59eea9f362438,PR,29.9,1
computers_accessories,c0e0b73d039eb9a99b6ce4cb7a429cd3,SC,29.88,1
computers_accessories,5f0057b677eb963672bf05dfa3f16c34,SP,26.99,1
computers_accessories,7b7f91e98f8c6def45a1407923304402,SP,23.7,1
computers_accessories,cfa5ab0e4d3fc212fd0b3410e7081c62,MG,20.0,1
computers_accessories,81f89e42267213cb94da7ddc301651da,SP,19.0,1
computers_accessories,a1bea7061f61f6fdd9a85a6325ba1033,SP,18.89,1
computers_accessories,6edacfd9f9074789dad6d62ba7950b9c,SP,15.9,1
computers_accessories,c1dde11f12d05c478f5de2d7319ad3b2,SP,12.5,1
computers_accessories,116ccb1a1604bc88e4d234a8c23f33de,SP,10.5,1
computers_accessories,432c37c9dfba871172ec162e20118b8c,DF,9.99,1
consoles_games,522620dcb18a6b31cd7bdf73665113a9,PR,36329.79,95
consoles_games,7299e27ed73d2ad986de7f7c77d919fa,MG,13398.21,164
consoles_games,66e0557ecc2b4dbea057e93f215f68d8,SP,12480.0,31
consoles_games,7ddcbb64b5bc1ef36ca8c151f6ec77df,SP,9354.91,9
consoles_games,16090f2ca825584b5a147ab24aa30c86,SP,8075.99,25
consoles_games,17e34d8224d27a541263c4c64b11a56b,SP,7017.24,33
consoles_games,37515688008a7a40ac93e3b2e4ab203f,SP,5800.7,239
consoles_games,e8b3a3a38279a82f0e5d006d5e5b7d2c,PR,5666.6,54
consoles_games,ed4acab38528488b65a9a9c603ff024a,SP,5055.49,4
consoles_games,822b63912576852aea9a8436d72317b7,SP,4905.69,9
consoles_games,43f8c9950d11ecd03a0304a49e010da6,SP,4249.59,41
consoles_games,2eb70248d66e0e3ef83659f71b244378,SP,3602.3,7
consoles_games,612170e34b97004b3ba37eae81836b4c,RS,3440.1,13
consoles_games,ce27a3cc3c8cc1ea79d11e561e9bebb6,SP,3267.73,40
consoles_games,81f89e42267213cb94da7ddc301651da,SP,1929.0,25
consoles_games,4869f7a5dfa277a7dca6462dcf3b52b2,SP,1850.0,7
consoles_games,4b1eaadf791bdbbad8c4a35b65236d52,SP,1849.79,8
consoles_games,d66c305afaec317ebee552073a674429,MG,1796.78,8
consoles_games,8cc6a0e5738e61a87b03c78b2ba9db4b,MG,1609.9,1
consoles_games,4e922959ae960d389249c378d1c939f5,SP,1532.8,21
consoles_games,e49c26c3edfa46d227d5121a6b6e4d37,PE,1353.98,15
consoles_games,e06f09ec0a4aca210779cf1cfc63cf19,SP,1302.0,3
consoles_games,90d4125885ab6c86e8820a722be71974,SP,1299.55,5
consoles_games,6bef34c5be6f2bbd70aa5165f6df94b1,SC,1198.0,2
consoles_games,f41ce2e25237f9092cd8e6e7516c7a2f,SP,1132.7,13
consoles_games,26785a546900236d66f2e4197c211158,SP,1019.2,15
consoles_games,fcb5ace8bcc92f75707dc0f01a27d269,SP,990.93,7
consoles_games,8444e55c1f13cd5c179851e5ca5ebd00,MG,965.8,2
consoles_games,6b90f847357d8981edd79a1eb1bf0acb,SP,919.49,8
consoles_games,fc906263ca5083d09dce42fe02247800,MG,832.3,23
consoles_games,8b321bb669392f5163d04c59e235e066,SP,785.8,22
consoles_games,b2ba3715d723d245138f291a6fe42594,SP,734.5,5
consoles_games,70a12e78e608ac31179aea7f8422044b,SP,720.0,10
consoles_games,3e8bd881d92466e63ba9e3e809cd3c50,RJ,719.88,3
consoles_games,3092c0b297aacfb4bb6e056ebe13b9b8,SP,569.7,3
consoles_games,18a349e75d307f4b4cc646a691ed4216,SP,524.68,7
consoles_games,e0eabded302882513ced4ea3eb0c7059,SP,519.4,7
consoles_games,4c61e37f664c3c88aff092aa5ac779d7,RJ,508.42,7
consoles_games,87142160b41353c4e5fca2360caf6f92,RS,463.7,13
consoles_games,6a38087bc8ad4f89ff453561005f6dea,GO,421.73,9
consoles_games,328acb143b4a73aad6bee8e734f5d20d,PR,399.99,1
consoles_games,8b28d096634035667e8263d57ba3368c,SP,376.36,5
consoles_games,080102cd0a76b09e0dcf55fcacc60e05,MG,357.8,28
consoles_games,3985a3c45be355a4c57fde108bfabd1c,RS,344.2,8
consoles_games,36a968b544695394e4e9d7572688598f,SP,342.8,2
consoles_games,5ca5d579b5857ee8709479b1047cecc3,SP,339.89,2
consoles_games,2a1348e9addc1af5aaa619b1a3679d6b,MG,314.7,3
consoles_games,72c38a04bd6a1c3dbc5298425a0db86d,PR,284.9,1
consoles_games,fe49ee029e61e789a1f3a5525f57ba8d,SP,254.0,2
consoles_games,b17b679f4f5ce2e03ce6968c62648246,SP,246.97,1
consoles_games,ea65d8b58316a6f2362f2a9e4b3e86ad,SP,245.7,3
consoles_games,f27e33c6d29b5138fa9967bcd445b6d5,SP,240.5,5
consoles_games,8d956fec2e4337affcb520f56fd8cbfd,SP,220.9,4
consoles_games,44073f8b7e41514de3b7815dd0237f4f,DF,204.0,2
consoles_games,9baf5cb77970f539089d09a38bcec5c3,SP,199.98,2
consoles_games,ba143b05f0110f0dc71ad71b4466ce92,SP,190.98,2
consoles_games,f262cbc1c910c83959f849465454ddd3,SP,180.96,4
consoles_games,05ca864204d09595ae591b93ea9cf93d,SP,179.9,1
consoles_games,9f505651f4a6abe901a56cdc21508025,SP,179.9,10
consoles_games,3a734b715d333a2588a3d54a0c9b8746,SP,179.52,1
consoles_games,7354220fb240bde543b3c40c060d41e7,DF,167.0,1
consoles_games,15aac934c58d886785ac1b17953ea898,ES,165.0,3
consoles_games,c84592044b180dec206770c38603814b,SP,149.99,1
consoles_games,5c6d4016c2a288f074fa0848a2b653d2,SP,139.8,2
consoles_games,ea566164622c6b439516ab18062c42cd,SP,139.0,1
consoles_games,e644cbadf7eeb30d0d29f335ce7d52ec,SP,134.97,3
consoles_games,5656537e588803a555b8eb41f07a944b,DF,129.67,3
consoles_games,a150c540f572d0fb53992264bc5c10b5,SP,119.9,1
consoles_games,0432ead42b6c8a0bdf68154add917fdf,SP,114.7,3
consoles_games,2c3d56f92f360fb89d849b84e8f50eae,SP,87.0,2
consoles_games,6c177e38df6d3f34182b1f1d427231bf,PR,80.0,1
consoles_games,ad87df7699e83b8a91822a4a0b765c3a,SP,80.0,2
consoles_games,ea6b12bf9ffe2bac34602ec631d97a47,SP,69.9,1
consoles_games,6e864f5c4669eff3d98140a07cc50202,SP,57.71,3
consoles_games,8629c241b3622ac12cd4118afdc8d394,SP,51.81,1
consoles_games,9646c3513289980f17226a2fc4720dbd,SP,49.9,1
consoles_games,db4350fd57ae30082dec7acbaacc17f9,SP,48.98,2
consoles_games,1cbd50a8c52e6cf8e315c5709fab386f,PR,46.69,1
consoles_games,be8e909810184b9b19e886129149d8e5,SP,39.98,2
consoles_games,23d7c96d4a1160db1c726b248601b25a,SP,38.9,1
consoles_games,14a08204d03bb6b6bde8029f801ae0eb,SP,38.0,1
consoles_games,5b33b527da3c5b969cc99dc435cad09a,PR,38.0,1
construction_tools_construction,b839e41795b7f3ad94cc2014a52f6796,SP,25901.0,19
construction_tools_construction,0b35c634521043bf4b47e21547b99ab5,PR,13533.65,78
construction_tools_construction,59b22a78efb79a4797979612b885db36,MG,11851.0,41
construction_tools_construction,72c5da29406b4234927b81855e7b64f6,SP,10219.76,24
construction_tools_construction,e0a366315b1b726b6c7832d664c0f530,SP,6039.8,43
construction_tools_construction,8648b1e89e9b349e32d3741b30ec737e,SP,5747.45,82
construction_tools_construction,c4af86330efa7a2620772227d2d670c9,SP,5396.0,4
construction_tools_construction,1a932caad4f9d804097d7f8e615baed1,SP,4661.0,30
construction_tools_construction,9596c870880d900012f2e8e6e30d06d7,MG,3924.7,13
construction_tools_construction,6860153b69cc696d5dcfe1cdaaafcf62,SP,3648.06,82
construction_tools_construction,960945e1a9535cbc0cd6ddd35fbe7ae8,SP,3127.33,25
construction_tools_construction,001cca7ae9ae17fb1caed9dfb1094831,ES,2925.73,27
construction_tools_construction,f125f3a310c2e5f822d116147de1e474,SP,2145.4,19
construction_tools_construction,f8db351d8c4c4c22c6835c19a46f01b0,SP,1713.1,9
construction_tools_construction,53b0300ca793f9834cd69c0678d35ee8,SP,1662.15,10
construction_tools_construction,411f3b52d857390502ee4e4d5ceabc2d,SP,1533.57,25
construction_tools_construction,e9511df20ccd82658a30c37b7fb343af,SP,1530.2,22
construction_tools_construction,575df70bde3f9f2b30bf8d2e9910d725,SP,1452.6,9
construction_tools_construction,165b1235e9e9942cb5fae67103576fb0,SP,1392.25,11
construction_tools_construction,b2ba3715d723d245138f291a6fe42594,SP,1342.3,7
construction_tools_construction,83b08de96980757220871b31bf6cffca,RJ,1304.17,7
construction_tools_construction,76d64c4aca3a7baf218bf93ef7fa768d,PR,1139.5,5
construction_tools_construction,4a3ccda38b2129705f3fb522db62ca31,SP,1123.8,2
construction_tools_construction,1b65c144b17e607c0f37f10bb7dfec8d,SC,1109.5,5
construction_tools_construction,955fee9216a65b617aa5c0531780ce60,SP,1068.0,17
construction_tools_construction,120476eb7a04c149d14772edaf5d9bf2,RJ,948.9,4
construction_tools_construction,8a87611c08849ffeeccab52aa798b6c7,PR,930.0,3
construction_tools_construction,9bc484c87d79cd4874e05ca182658045,SP,833.5,5
construction_tools_construction,c00396cbdd2e088fe4281baa5920aef1,PR,832.41,3
construction_tools_construction,cd06602b43d8800bd0afad514919d35c,SP,824.38,3
construction_tools_construction,d3dcf0604eabf0224fbd5948b5e02f69,SP,749.9,1
construction_tools_construction,b586cd24c010a13916af621b0325fbba,SC,729.95,5
construction_tools_construction,7ecef8194babfec876ca720714327841,SP,728.6,5
construction_tools_construction,888faa8bfb0b159c37de6d898b961c31,SC,725.6,4
construction_tools_construction,05d2173d43ea568aa0540eba70d2ca76,MG,670.6,12
construction_tools_construction,ad8ada0ffa993cb1197d102d9ab21a3e,MG,599.8,2
construction_tools_construction,bdae679a9b282249bc23b9b69dae9a99,DF,593.16,10
construction_tools_construction,ef990a83bbea832f36ebe81376335aa8,SC,592.0,4
construction_tools_construction,5b664594895aefb418afaee6d40a9a23,RJ,586.5,15
construction_tools_construction,f1b93673502375d491780bb49d615dbc,SP,580.9,4
construction_tools_construction,577719699805dd125d5b6fdde5943bba,RS,574.2,1
construction_tools_construction,4978a02ea9c8be7a9b5480680f40334e,SP,573.91,9
construction_tools_construction,fcb5ace8bcc92f75707dc0f01a27d269,SP,570.35,5
construction_tools_construction,e73bf2cea7fe4b0b4d287a7568ed1099,SC,568.7,4
construction_tools_construction,a513150f33f99a06569e9cd5c4bb889b,SP,548.35,1
construction_tools_construction,116ccb1a1604bc88e4d234a8c23f33de,SP,542.0,4
construction_tools_construction,8d46553a36e68f95350a200c12f8f2e2,SP,500.0,1
construction_tools_construction,f262cbc1c910c83959f849465454ddd3,SP,484.86,14
construction_tools_construction,6824a69c9ea0313eba299dd4a2dba09a,MG,473.5,4
construction_tools_construction,0a82f5fb06a4fe4ac2cf7cb412ec71b8,SP,462.0,2
construction_tools_construction,fac35d150712afb921ec59ac5f39bb11,MG,456.0,4
construction_tools_construction,7b98de631987e26dd6d803490c43a13c,PR,447.4,6
construction_tools_construction,73a63f72308aa20a46f4b1632018f196,PR,427.8,4
construction_tools_construction,8a130737016f838139d31878787a39c9,SP,426.3,8
construction_tools_construction,5abb8ea023c77787f2c15da891c8d384,SC,399.0,1
construction_tools_construction,9803a40e82e45418ab7fb84091af5231,GO,375.0,4
construction_tools_construction,3935fe5fe0f82787a9dcb8deb62be09d,SP,370.0,4
construction_tools_construction,5b8154610ebb21fb90eb587365e673df,SP,356.45,5
construction_tools_construction,079d295dcbf06ee8bb1b65ba964eb2b6,SP,349.3,10
construction_tools_construction,be3b4b0f050a6aa1b2d901c4b77e979f,PR,338.8,2
construction_tools_construction,8f119a0aee85c0c8fc534629734e94fd,SP,315.58,6
construction_tools_construction,3be5841cdcc46de4ed3f9116f104b2c5,SP,299.8,2
construction_tools_construction,e256a62e0ac58c0edfba09966142d561,PR,295.22,1
construction_tools_construction,23c38debaffe4a25a30fdbd9b586a13f,SP,289.0,1
construction_tools_construction,bbe87dce25ba8b38bb61cc7210a3f10b,SP,287.0,2
construction_tools_construction,17e34d8224d27a541263c4c64b11a56b,SP,286.81,7
construction_tools_construction,5f5a58930c3c35f3b5af264f34fb8c85,SP,282.0,1
construction_tools_construction,af4a0e4cfe1d9c26b6712b1be25a72e5,MG,281.82,2
construction_tools_construction,392353362d22cc2c236e1ee81ff19890,SC,279.73,9
construction_tools_construction,d25aa0aaacb370e912f8cf6efeba38b3,SC,273.16,2
construction_tools_construction,ffc470761de7d0232558ba5e786e57b7,SP,270.9,5
construction_tools_construction,b44dbfbf62e52125f3c15d230569ea91,SP,270.79,1
construction_tools_construction,112453736dbe3889cfb74e1aaa0ba0c1,SP,270.0,2
construction_tools_construction,ea65d8b58316a6f2362f2a9e4b3e86ad,SP,263.3,7
construction_tools_construction,dee656f0f566ed1aa85bd137c943f08f,SP,249.9,1
construction_tools_construction,bc07d855eac23aab5ac8a120f21d16b2,SP,248.86,2
construction_tools_construction,3d49bfdd1b43a7fe169b3740067acc61,MG,215.0,3
construction_tools_construction,a4b8d97cd5d3674eeff96abc99d8ed67,SP,214.08,1
construction_tools_construction,fec6912baad85d41729669edd6b4d3b8,SP,210.0,1
construction_tools_construction,2a50b7ee5aebecc6fd0ff9784a4747d6,DF,199.8,2
construction_tools_construction,1e26c56af8d48424e1df0140a2401f83,SP,199.0,1
construction_tools_construction,ab27bbbad5239bc31a34709275a70db4,SP,179.5,5
construction_tools_construction,d9c349beabc06aa6ff1c6d68b5e9e22e,SP,168.1,1
construction_tools_construction,8daab2245ebdc277c51098d01c5ad8ef,SP,167.7,3
construction_tools_construction,77714512e8d4dda9c234da8e3faf16e4,SP,163.6,4
construction_tools_construction,e882b2a25a10b9c057cc49695f222c19,RJ,160.92,2
construction_tools_construction,8378eb36b6b70c5734e83ad7b8cdc3b7,SC,148.0,1
construction_tools_construction,d8bf0fc082fd4a77fc2e5679b6c00133,SP,139.9,1
construction_tools_construction,3cfa1358a6caa965278721344c8d76f2,SP,116.31,2
construction_tools_construction,ffff564a4f9085cd26170f4732393726,SP,114.5,1
construction_tools_construction,bba74270a87732727b5a3b4fd9ac1c39,MG,109.99,1
construction_tools_construction,271b8923c6a549e02d3c9fd1f8c0422b,SP,105.19,1
construction_tools_construction,01fd077212124329bac32490e8ef80d9,SP,102.0,6
construction_tools_construction,b1a81260566c1bac3114a6d124413f27,RS,99.99,1
construction_tools_construction,8ff1a9df749e454105c55cda13e79143,SP,99.8,2
construction_tools_construction,f80edd2c5aaa505cc4b0a3b219abf4b8,SP,90.8,2
construction_tools_construction,81783131d2a97c8d44d406a4be81b5d9,SP,90.49,1
construction_tools_construction,ec2e006556300a79a5a91e4876ab3a56,SP,90.3,7
construction_tools_construction,f266295f49a28eee21f413e0cbb0521d,PR,89.9,1
construction_tools_construction,70a12e78e608ac31179aea7f8422044b,SP,89.0,1
construction_tools_construction,9f50216bfd01913736a55a11b55ea842,SP,89.0,1
construction_tools_construction,f3da5b2ff499efb8d4a6d371d175d7dd,SP,78.56,2
construction_tools_construction,1c40343cc5d18c2d8248ac2f3366de34,SP,74.99,1
construction_tools_construction,c9e5ad1f6647f5dbd1172adf6ae3cada,RS,72.94,1
construction_tools_construction,51e4e89242cbb846c2deff3dc015650e,RS,72.0,2
construction_tools_construction,2156f2671501a81034d7d07f217609d0,SP,72.0,1
construction_tools_construction,88cf19ec1fc2c58f161aee259d57142c,SP,65.0,1
construction_tools_construction,f326006815956455b2859abd58fe7e39,SP,59.9,1
construction_tools_construction,2f1e7b90e01d9f086cbcb301c0c3d406,SC,59.0,1
construction_tools_construction,48e5ee06fb2dc74df1c711a9b6dfac2a,MG,57.0,3
construction_tools_construction,788f22bafdd7ab0e1e79f19db72f16a4,SP,55.9,1
construction_tools_construction,5aaa890629f83706d8d9bfecd8377c1c,RJ,48.9,1
construction_tools_construction,f3c38ab652836d21de61fb8314b69182,SP,43.0,2
construction_tools_construction,45ba18c210d42734ec52c0c1c574e9ee,SP,39.9,1
construction_tools_construction,45d33f715e24d15a6ccf5c17b3a23e3c,SP,36.99,1
construction_tools_construction,dbd66278cbfe1aa1000f90a217ca4695,SP,36.0,1
construction_tools_construction,539ed9e19811677513447759be5eccfc,MG,32.83,2
construction_tools_construction,7d81e74a4755b552267cd5e081563028,SP,32.5,1
construction_tools_construction,b561927807645834b59ef0d16ba55a24,SP,29.9,1
construction_tools_construction,31eec405c9bb71dec8e2629a92e764fa,ES,28.99,1
construction_tools_construction,4c18691b6037662be2df78a765d98ab5,SP,23.5,1
construction_tools_construction,95ec4458365c4d11f452ccf538377619,SP,18.9,1
construction_tools_construction,18a349e75d307f4b4cc646a691ed4216,SP,18.3,3
construction_tools_construction,c0aff2da32c17759d30b22fb0af6649d,SC,15.0,1
construction_tools_construction,cc5a78bbad32776dc4e3af205218368c,MG,10.18,1
construction_tools_construction,508808d438fe2ff972ed13bb8f4a82e2,SP,9.99,1
construction_tools_construction,a218df5c097b0ca409cfaac1488cc7f6,SP,3.99,1
construction_tools_construction,96804ea39d96eb908e7c3afdb671bb9e,MG,2.55,3
construction_tools_lights,1025f0e2d44d7041d6cf58b6550e0bfa,SP,16685.6,70
construction_tools_lights,d6b1ce66b035a475f00c017792ff9769,SP,9213.95,76
construction_tools_lights,955fee9216a65b617aa5c0531780ce60,SP,2328.93,57
construction_tools_lights,70eea00b476a314817cefde4aad4f89a,SP,1290.0,1
construction_tools_lights,34f563c82a85b99ae9e6d60db5fc2e28,RS,1188.9,2
construction_tools_lights,a369d693961cb93b61ca2cc518872a85,SP,1188.0,4
construction_tools_lights,278b6e0b20c4f61fefaa0577943d7a35,SC,1078.0,2
construction_tools_lights,f9903dd0f812c7e771fcad47b6fff231,SC,969.89,11
construction_tools_lights,3fac58ce0ad699020c7944d53c41329c,SP,927.2,10
construction_tools_lights,903037660cf848a717166eb7a06d616e,SP,823.96,4
construction_tools_lights,213b25e6f54661939f11710a6fddb871,SP,709.05,9
construction_tools_lights,dee656f0f566ed1aa85bd137c943f08f,SP,598.9,5
construction_tools_lights,bac692d6c0ed08467878018e6cc9c26c,SC,477.0,3
construction_tools_lights,081acf3de680d554796c9cf041be7bc2,MG,399.5,1
construction_tools_lights,52d76513f0c4d97f3b99570e2c94ee31,RS,389.97,3
construction_tools_lights,76d5af76d0271110f9af36c92573f765,SP,352.0,4
construction_tools_lights,3b18f9856c6eb2413eafedb58e9eecd9,SP,315.0,1
construction_tools_lights,e94b64dc6979b302a5a5be1662c83bb6,SP,306.89,2
construction_tools_lights,1da3aeb70d7989d1e6d9b0e887f97c23,SP,299.94,6
construction_tools_lights,ec8463980a4e0ea9f8517aea1ed0c419,SC,239.2,8
construction_tools_lights,9d489893ff6af05029671b785f54b998,SP,218.9,4
construction_tools_lights,20611af7866c6068fd5ae1f9dbe15c92,SP,109.9,1
construction_tools_lights,44717f64ec2a457979cf83c429077666,RS,107.0,3
construction_tools_lights,dd55f1bb788714a40e7954c3be6df745,SP,100.0,1
construction_tools_lights,79ed755314cfe6df0daef2c6cd3022cd,SP,99.9,1
construction_tools_lights,8d899e15a5925f097cca50faa49b15e3,SP,99.0,1
construction_tools_lights,babcc0ab201e4c60188427cae51a5b8b,SP,79.0,1
construction_tools_lights,a1bea9970d8f65b240555f99c2214f7f,PR,75.0,1
construction_tools_lights,cb6c9f5888a7a090c75beaf615925792,ES,74.9,1
construction_tools_lights,7681ef142fd2c19048da7430856b5588,SP,60.0,1
construction_tools_lights,9bc484c87d79cd4874e05ca182658045,SP,58.0,1
construction_tools_lights,ac9b01377919cdbd2a1bbb8d5837c70b,SP,55.9,1
construction_tools_lights,535bf14f36346c7f59d87cece104d70c,RJ,50.0,1
construction_tools_lights,85cc55e048b6bcc90c75afe7f0e72f72,RJ,29.9,1
construction_tools_lights,f8db351d8c4c4c22c6835c19a46f01b0,SP,29.8,2
construction_tools_lights,fedf2c1386e137f296b3bbf3b635e69d,SP,25.9,2
construction_tools_lights,508808d438fe2ff972ed13bb8f4a82e2,SP,25.02,2
construction_tools_safety,4a3ccda38b2129705f3fb522db62ca31,SP,13954.85,56
construction_tools_safety,06e5eefc71ec47ae763c5c6f8db7064f,RS,8857.48,27
construction_tools_safety,fbc14c0cf93505ef89f64665ffa4a7b5,SP,3310.97,3
construction_tools_safety,48162d548f5b1b11b9d29d1e01f75a61,SP,2610.0,7
construction_tools_safety,cfe94489ddd337d1e29e12f2a7205d10,SP,2376.0,24
construction_tools_safety,a1040efe9ff4a6f93c28b0499eada8f5,SP,1658.83,1
construction_tools_safety,39f776d2974049026ff531fc42ef2a3e,GO,1084.04,4
construction_tools_safety,5656537e588803a555b8eb41f07a944b,DF,899.34,7
construction_tools_safety,71592660bbcb6a4664e97b6f8b68babc,SP,630.9,2
construction_tools_safety,18a349e75d307f4b4cc646a691ed4216,SP,534.9,11
construction_tools_safety,6bb62a4912377c7bfe7cb17b406bc7e6,SP,525.25,3
construction_tools_safety,aec99834ab5d38ead22766ada8497e87,PR,459.0,1
construction_tools_safety,1967a9e2ad6f51802b093147d861df58,SP,380.0,2
construction_tools_safety,a4b6b9b992b46e9ef863637af96e04bc,SC,379.0,1
construction_tools_safety,a56e351445e5863fc8960640ba9190c7,SC,363.12,2
construction_tools_safety,d71d863e5ef30d94e440c11be17dcd8f,SP,348.0,12
construction_tools_safety,f3da5b2ff499efb8d4a6d371d175d7dd,SP,244.8,6
construction_tools_safety,e64882b4ef12aee8d0faca4db5b681f4,GO,230.0,2
construction_tools_safety,751e274377499a8503fd6243ad9c56f6,SP,218.0,2
construction_tools_safety,f262cbc1c910c83959f849465454ddd3,SP,199.0,1
construction_tools_safety,e0482f2c769468c3bbcd8a01e09d98c5,SP,189.0,1
construction_tools_safety,9523fb39dd240aa958e040f8183d64f3,SP,146.99,1
construction_tools_safety,c12b92bf1c350f3e6bf88d3596219c86,SP,139.9,1
construction_tools_safety,4fae87d32467e18eb46e4a76a0a0b9ce,RS,100.9,1
construction_tools_safety,45ba18c210d42734ec52c0c1c574e9ee,SP,99.9,1
construction_tools_safety,6560211a19b47992c3666cc44a7e94c0,SP,99.0,1
construction_tools_safety,26d6bbee02420494d471c9f6436929c0,PR,90.5,1
construction_tools_safety,5733d806668f8712c24b9abaefbfa642,SP,77.9,1
construction_tools_safety,c6381d2d013342748761e906d45aff76,RS,75.0,3
construction_tools_safety,14a08204d03bb6b6bde8029f801ae0eb,SP,69.0,1
construction_tools_safety,b2a6d334e2833acea353624840e25a0e,SP,48.7,3
construction_tools_safety,a23266650e7c84bb93fbbba502137478,RS,43.8,2
construction_tools_safety,76ea5315acb3f5f7ade3cd261faf922a,SP,40.8,1
construction_tools_safety,5f2684dab12e59f83bef73ae57724e45,SP,29.9,1
construction_tools_safety,9803a40e82e45418ab7fb84091af5231,GO,29.75,1
cool_stuff,7a67c85e85bb2ce8582c35f2203ad736,SP,135413.55,1069
cool_stuff,ceaec5548eefc6e23e6607c5435102e7,SP,43533.23,183
cool_stuff,834f3294fba9f932f56edc879193f925,SP,39158.5,65
cool_stuff,7ddcbb64b5bc1ef36ca8c151f6ec77df,SP,28038.27,173
cool_stuff,12b9676b00f60f3b700e83af21824c0e,RS,26317.0,132
cool_stuff,850f4f8af5ea87287ac68de36e29107f,SP,24021.6,58
cool_stuff,dc317f341ab0e22f39acbd9dbf9b4a1f,RS,18312.8,55
cool_stuff,c4f7fee5b0db50e87766f5a4d1b1b758,SP,11499.75,5
cool_stuff,961dff0a659b4561334372337dd897d9,RJ,9946.0,4
cool_stuff,b94cc9f10ddc85e4ba73a6f7974e7101,RJ,9798.4,16
cool_stuff,4869f7a5dfa277a7dca6462dcf3b52b2,SP,9699.5,54
cool_stuff,46dc3b2cc0980fb8ec44634e21d2718e,RJ,9250.77,29
cool_stuff,8b8cfc8305aa441e4239358c9f6f2485,PR,9138.0,13
cool_stuff,05ff92fedb5be47920fea08e501238b9,RS,9057.48,32
cool_stuff,48436dade18ac8b2bce089ec2a041202,SP,8839.48,127
cool_stuff,f5a590cf36251cf1162ea35bef76fe84,SP,8813.0,11
cool_stuff,cb8bcce248bb1fb274ba762d8b971456,MG,8758.8,63
cool_stuff,e9bc59e7b60fc3063eb2290deda4cced,PR,6510.79,46
cool_stuff,dd55f1bb788714a40e7954c3be6df745,SP,5508.27,19
cool_stuff,855668e0971d4dfd7bef1b6a4133b41b,SP,5272.88,28
cool_stuff,f9244d45189d3a3605499abddeade7d5,SP,5249.98,2
cool_stuff,8444e55c1f13cd5c179851e5ca5ebd00,MG,5245.06,22
cool_stuff,5dceca129747e92ff8ef7a997dc4f8ca,SP,5055.8,8
cool_stuff,2e90cb1677d35cfe24eef47d441b7c87,SP,4434.8,34
cool_stuff,a5cba26a62b8b4d0145b68b841e62e7f,PR,4410.72,14
cool_stuff,cd68562d3f44870c08922d380acae552,SP,4355.0,11
cool_stuff,955fee9216a65b617aa5c0531780ce60,SP,4012.5,115
cool_stuff,aac29b1b99776be73c3049939652091d,MG,3806.1,59
cool_stuff,bfd27a966d91cfaafdb25d076585f0da,SP,3806.0,17
cool_stuff,c0563dd588b775f2e37747ef6ad6c92c,SP,3697.2,28
cool_stuff,0307f7565ff85b299b6e5ef162b1b1a9,SP,3666.0,4
cool_stuff,8ed8ea9a57c862f2c18c2fe41f601d56,SC,3612.0,18
cool_stuff,b2ba3715d723d245138f291a6fe42594,SP,3556.19,29
cool_stuff,06e5eefc71ec47ae763c5c6f8db7064f,RS,3431.45,19
cool_stuff,f181738b150df1f37cb0bd72e705b193,SP,3349.0,15
cool_stuff,54065e9aef7e9e9c2dc23b7594db021a,RJ,3290.0,7
cool_stuff,44073f8b7e41514de3b7815dd0237f4f,DF,3254.18,34
cool_stuff,de722cd6dad950a92b7d4f82673f8833,PE,3228.3,17
cool_stuff,c500367424994318b9e779ff1ae9a330,SP,3098.0,2
cool_stuff,c6bda72e4dbf5c5866b13cb1810c6d03,SP,3059.0,8
cool_stuff,8cc6a0e5738e61a87b03c78b2ba9db4b,MG,2957.6,4
cool_stuff,ce69a8021d18961dd2a40269b7c2c293,PR,2825.15,13
cool_stuff,f44b6f775a2b390380e0e30b5c9d3eee,SP,2742.0,8
cool_stuff,2a84855fd20af891be03bc5924d2b453,MG,2707.6,28
cool_stuff,25e6ffe976bd75618accfe16cefcbd0d,SP,2705.83,16
cool_stuff,1c68394e931a64f90ea236c5ea590300,PR,2532.58,16
cool_stuff,c847e075301870dd144a116762eaff9a,MG,2340.2,28
cool_stuff,23d7c96d4a1160db1c726b248601b25a,SP,2266.5,15
cool_stuff,8b28d096634035667e8263d57ba3368c,SP,2109.1,9
cool_stuff,f8db351d8c4c4c22c6835c19a46f01b0,SP,2094.5,35
cool_stuff,bacb1f0ed56ad24198f5810d2b3fe9a5,SP,2005.39,11
cool_stuff,76d5af76d0271110f9af36c92573f765,SP,1995.0,5
cool_stuff,054694fa03fe82cec4b7551487331d74,SP,1987.0,7
cool_stuff,a416b6a846a11724393025641d4edd5e,SP,1953.4,4
cool_stuff,fcb5ace8bcc92f75707dc0f01a27d269,SP,1918.1,15
cool_stuff,b33e7c55446eabf8fe1a42d037ac7d6d,SP,1798.84,9
cool_stuff,8cbac7e12637ed9cffa18c7875207478,SC,1614.89,38
cool_stuff,59fb871bf6f4522a87ba567b42dafecf,SP,1577.87,13
cool_stuff,4e922959ae960d389249c378d1c939f5,SP,1573.04,24
cool_stuff,7aa4334be125fcdd2ba64b3180029f14,SP,1559.47,21
cool_stuff,ff1fb4c404b2efe68b03350a8dc24122,SP,1550.0,4
cool_stuff,3504c0cb71d7fa48d967e0e4c94d59d9,SP,1540.32,33
cool_stuff,31ae0774c17fabd06ff707cc5bde005f,SP,1449.97,3
cool_stuff,537eb890efff034a88679788b647c564,RJ,1446.5,35
cool_stuff,2d2c62bef4c8ba0dd74e0e228e808539,SP,1434.0,5
cool_stuff,432c37c9dfba871172ec162e20118b8c,DF,1411.0,31
cool_stuff,091065b789659bc3cd9af9cb3a6253ff,RS,1359.0,2
cool_stuff,ad97a199236354e53fcd91a5a913e9a2,SC,1348.0,3
cool_stuff,bbad7e518d7af88a0897397ffdca1979,SP,1347.6,14
cool_stuff,e5f9e61ceb5f523cc966e0f34095032f,SC,1340.0,2
cool_stuff,bf100ecb7997df312b285358fb32f92c,PR,1298.9,11
cool_stuff,9baf5cb77970f539089d09a38bcec5c3,SP,1280.98,2
cool_stuff,4cf490a58259286ada5ba8525ba9e84a,SP,1254.2,8
cool_stuff,ea566164622c6b439516ab18062c42cd,SP,1209.0,7
cool_stuff,7238f877570096ae403c51898fa64566,SP,1200.0,3
cool_stuff,2bd05d410a8fd26dc4184a15f4f2f588,MG,1135.99,3
cool_stuff,e333046ce6517bd8bb510291d44f0130,SP,1125.0,5
cool_stuff,6b333a05bf188ef3e1f1662a86bd9855,DF,1099.0,1
cool_stuff,48328ec9a579151d9cc6a86d4a59336c,RS,1099.0,1
cool_stuff,5c243662ce92d84573bfaff24c3e3700,SP,1082.97,3
cool_stuff,612170e34b97004b3ba37eae81836b4c,RS,1043.89,13
cool_stuff,1bc2e21de46adfea6b98cc96b00f3b40,SC,1039.95,5
cool_stuff,71039d19d4303bf9054d69e9a9236699,SP,1034.4,6
cool_stuff,36a968b544695394e4e9d7572688598f,SP,1031.3,7
cool_stuff,376a891762bbdecbc02b4b6adec3fdda,GO,1014.0,3
cool_stuff,aafe36600ce604f205b86b5084d3d767,SC,994.5,5
cool_stuff,dbb9b48c841a0e39e21f98e1a6b2ec3e,SP,977.73,9
cool_stuff,7e93a43ef30c4f03f38b393420bc753a,SP,957.26,4
cool_stuff,ffa6adafb71b807dc13159e26431354c,PR,946.9,5
cool_stuff,7299e27ed73d2ad986de7f7c77d919fa,MG,939.98,2
cool_stuff,e84ad2127668df3aafc6b73531a0beb8,SP,933.0,17
cool_stuff,f27e33c6d29b5138fa9967bcd445b6d5,SP,923.4,16
cool_stuff,b2ac621f0d0322434d04a12b078b9369,PR,910.0,2
cool_stuff,c60b801f2d52c7f7f91de00870882a75,SP,899.6,5
cool_stuff,f8201cab383e484733266d1906e2fdfa,SC,889.0,10
cool_stuff,515d781150feed28a6ac091bb0e3cb8c,MS,840.36,5
cool_stuff,ed4acab38528488b65a9a9c603ff024a,SP,824.99,1
cool_stuff,bba3293d6f5d5af2f415e004e8b93ae3,SP,819.0,1
cool_stuff,d71d863e5ef30d94e440c11be17dcd8f,SP,787.0,3
cool_stuff,e560e4022d8f7aebf155db95946c5c0f,MG,780.0,2
cool_stuff,99002261c568a84cce14d43fcffb43ea,MT,720.0,7
cool_stuff,18a349e75d307f4b4cc646a691ed4216,SP,708.76,13
cool_stuff,3ef37b7ca6dd2b80bd8af81a62504996,SP,700.0,2
cool_stuff,ce27a3cc3c8cc1ea79d11e561e9bebb6,SP,691.84,20
cool_stuff,11eac105f3f90a9b87b19c89d91e24f3,SP,682.9,4
cool_stuff,562f8cfc51f265411f487d07e9c40e7f,MG,656.92,11
cool_stuff,e62b2d6ac10570a035a30bafcf01d263,SP,639.8,2
cool_stuff,8b321bb669392f5163d04c59e235e066,SP,632.0,5
cool_stuff,42bde9fef835393bb8a8849cb6b7f245,DF,619.0,1
cool_stuff,e06f09ec0a4aca210779cf1cfc63cf19,SP,618.6,5
cool_stuff,70bf57d811208f8923b41bbd499a67a4,SP,601.4,6
cool_stuff,ff69aa92bb6b1bf9b8b7a51c2ed9cf8b,SP,599.0,1
cool_stuff,3d68c634a99a1ba46dbca3967a69c623,SC,594.0,2
cool_stuff,bf961104a38e01b9062ee026bb657dee,SP,585.56,4
cool_stuff,85d9eb9ddc5d00ca9336a2219c97bb13,MG,569.12,12
cool_stuff,e26901d5ab434ce92fd9b5c256820a4e,SP,568.7,13
cool_stuff,4b9750c8ad28220fe6702d4ecb7c898f,SP,566.8,12
cool_stuff,96804ea39d96eb908e7c3afdb671bb9e,MG,559.65,7
cool_stuff,b0398568231ba5e6734af1881671a317,ES,557.98,2
cool_stuff,41b39e28db005d9731d9d485a83b4c38,SP,542.8,14
cool_stuff,3d871de0142ce09b7081e2b9d1733cb1,SP,517.0,3
cool_stuff,9d5a9018aee56acb367ba9c3f05d1d6a,GO,507.96,8
cool_stuff,45d33f715e24d15a6ccf5c17b3a23e3c,SP,507.82,4
cool_stuff,77e4abfd739aed9c46480f90f81c0eb4,DF,507.0,4
cool_stuff,05a940b4ecae36cadfd8e93bd9c43257,GO,506.5,5
cool_stuff,3ea00e1dea2b0659dbaf654735929220,PR,505.0,7
cool_stuff,2493dc3f20131696a0ecdb9948051a8d,DF,504.38,4
cool_stuff,9da1ca0bef29ee170e541927a5aeabdc,SP,494.7,3
cool_stuff,01cf7e3d21494c41fb86034f2e714fa1,PR,493.45,6
cool_stuff,05f51e13da97139648b8125c31e5f51b,MG,485.8,2
cool_stuff,3078096983cf766a32a06257648502d1,SP,483.29,5
cool_stuff,40536e7ca18e1bce252828e5876466cc,SP,463.96,4
cool_stuff,70a12e78e608ac31179aea7f8422044b,SP,455.0,4
cool_stuff,968ee78631915a63fef426d6733d7422,RS,450.0,2
cool_stuff,e24fc9fcd865784fb25705606fe3dfe7,SP,444.0,1
cool_stuff,5795aebfe331fbcd02a2c4b679fb7952,SC,429.0,1
cool_stuff,365e445f796710c3431557e85caa25db,SP,428.0,2
cool_stuff,2199e7fe213c16213bf5d6a7eadc9a5d,SP,420.07,1
cool_stuff,373ee4a3a775a733770ca3f790b8b9ac,RJ,391.96,5
cool_stuff,b18dc380845b24038cfc48006478f099,SP,389.9,1
cool_stuff,5656537e588803a555b8eb41f07a944b,DF,385.67,3
cool_stuff,101921376b577a4540dc30e9009133ca,SP,373.0,1
cool_stuff,5debea795b07621e1f90532e18f96145,PR,368.9,1
cool_stuff,7d13fca15225358621be4086e1eb0964,SP,360.0,2
cool_stuff,5d3bb11474a06bdc23fb9e89f1164ee0,SP,356.8,1
cool_stuff,ce248b21cb2adc36282ede306b7660e5,SC,351.9,4
cool_stuff,1976a05ecf2996d6ffb7b5430e635fe7,SP,349.8,1
cool_stuff,1b938a7ec6ac5061a66a3766e0e75f90,SP,349.4,5
cool_stuff,70eea00b476a314817cefde4aad4f89a,SP,349.0,1
cool_stuff,74bafed391319577bce6f4d2acc0589a,SP,349.0,1
cool_stuff,38af8acfd46ac4a7bf754e8ca6736664,SP,345.0,5
cool_stuff,c68fb906c8f4b4b946d8386bfa6e5467,SP,343.91,3
cool_stuff,1b1ae47a313a825a7ccceb8e2e30fa9d,PR,339.9,1
cool_stuff,c714262700f93defc16bf17a51a4cb23,SP,337.81,3
cool_stuff,6edacfd9f9074789dad6d62ba7950b9c,SP,336.4,6
cool_stuff,455c5640e8c5bd1b2ee85c0158f85727,SC,319.9,1
cool_stuff,57c764b4a836300be881e2ff86e449f9,SP,319.6,4
cool_stuff,a3a38f4affed601eb87a97788c949667,SC,319.5,5
cool_stuff,9646c3513289980f17226a2fc4720dbd,SP,314.0,3
cool_stuff,10076e5788b8ee532724bcd460baf762,SP,312.0,13
cool_stuff,768de2a4fc06aacecb9a586ccc30746a,DF,311.1,9
cool_stuff,ebd1417732defaf66c50b5a800eb293e,PR,309.0,1
cool_stuff,92eb0f42c21942b6552362b9b114707d,SP,305.0,24
cool_stuff,82bd0703a4aefd6b599e5bfdaed378fb,SP,298.0,1
cool_stuff,fde0cc9ea29c8ccfc0a2c22256a58c71,PR,297.0,3
cool_stuff,f5f46307a4d15880ca14fab4ad9dfc9b,SC,293.99,3
cool_stuff,d2374cbcbb3ca4ab1086534108cc3ab7,SP,293.9,11
cool_stuff,5dc4bdaf869e8c77c648078cbe8d59c2,SC,292.99,1
cool_stuff,5b581417df4480f632484ba681e53944,SC,288.8,3
cool_stuff,1da3aeb70d7989d1e6d9b0e887f97c23,SP,284.77,23
cool_stuff,e883aa812c37a7413226856f4579fe91,SP,279.6,4
cool_stuff,822bad9bc42b51213ba522fe87b7ab5d,SC,279.0,1
cool_stuff,888faa8bfb0b159c37de6d898b961c31,SC,259.8,2
cool_stuff,984c273121e743dd14767befe6cb17f5,SP,259.6,1
cool_stuff,76de363de16dacc923eec8daf91df504,SC,250.0,1
cool_stuff,099095b050cfe8eb1ddff5317587e96e,SP,249.99,1
cool_stuff,4e5725ba188db8252977a4f0227bd462,SP,240.0,2
cool_stuff,5f2684dab12e59f83bef73ae57724e45,SP,239.8,2
cool_stuff,3a734b715d333a2588a3d54a0c9b8746,SP,234.0,6
cool_stuff,75d34ebb1bd0bd7dde40dd507b8169c3,BA,229.99,1
cool_stuff,51ed72984a04e5dd35c2b27e77179038,SP,222.8,2
cool_stuff,014d9a685fd57276679edd00e07089e5,PR,209.97,3
cool_stuff,74871d19219c7d518d0090283e03c137,SP,203.8,1
cool_stuff,f00e21b1e91a79653163b7fd8f293ff1,SP,199.8,2
cool_stuff,e1bed63d68ac36fe1f3061befe196af5,SP,199.0,1
cool_stuff,9df5750209b83567ec144eb299d7d634,RS,198.0,1
cool_stuff,d8dd176509baa37f359644d082bf7f7b,SP,198.0,2
cool_stuff,17e34d8224d27a541263c4c64b11a56b,SP,195.7,3
cool_stuff,89c127985a8b130cfa45c1d36764017a,SP,189.8,2
cool_stuff,3d0cd21d41671c46f82cd11176bf7277,SC,186.5,5
cool_stuff,897060da8b9a21f655304d50fd935913,SP,177.0,1
cool_stuff,f3da5b2ff499efb8d4a6d371d175d7dd,SP,171.84,4
cool_stuff,7ea5bfa6c340f58f8e71fc1f0412b0d6,MG,169.93,7
cool_stuff,4a3ca9315b744ce9f8e9374361493884,SP,169.0,1
cool_stuff,891071be6ba827b591264c90c2ae8a63,SP,164.97,6
cool_stuff,d594982fd877af63ace38ea1fca27c76,SP,163.14,6
cool_stuff,98e164d549402270247f3c96a1a158ef,SP,162.7,2
cool_stuff,8d956fec2e4337affcb520f56fd8cbfd,SP,159.95,1
cool_stuff,4ddeb3e828550cddc8d45c8bc36ab2d1,SP,152.0,1
cool_stuff,406822777a0b9eb5c50e442dd4cd3ec5,SP,149.9,1
cool_stuff,4049512728d969bec69f84088b012416,MG,148.0,3
cool_stuff,530ec6109d11eaaf87999465c6afee01,PR,144.8,2
cool_stuff,0db783cfcd3b73998abc6e10e59a102f,SP,139.8,2
cool_stuff,58f1a6197ed863543e0136bdedb3fce2,MG,139.0,1
cool_stuff,b7ba853e9551f4558440881fd3e5c815,RS,136.9,1
cool_stuff,88af55b4a7ca402b27df16f7c7c9b5d2,SP,130.0,1
cool_stuff,e3b4998c7a498169dc7bce44e6bb6277,SP,130.0,1
cool_stuff,d50d79cb34e38265a8649c383dcffd48,SP,119.99,1
cool_stuff,8ff1a9df749e454105c55cda13e79143,SP,119.9,1
cool_stuff,2ff97219cb8622eaf3cd89b7d9c09824,SP,117.5,5
cool_stuff,dd533b429f380718b70ad9922c294bae,SP,117.4,6
cool_stuff,3d4824f20035949c710eaf111f869d39,SP,117.27,1
cool_stuff,5b664594895aefb418afaee6d40a9a23,RJ,116.7,3
cool_stuff,5721089ba9214e80074f27d5a03fc0eb,SP,115.95,5
cool_stuff,781a66c0d89e30814d49fe8b5e14cd07,SP,115.0,1
cool_stuff,b9c0ffa92f3ff9a5a3d45ef7213c0842,SP,110.0,1
cool_stuff,30c7f28fd3a5897b2c82d152bb760c17,RJ,109.89,1
cool_stuff,718539d38d07dd351c76db862760e2e2,SP,99.9,1
cool_stuff,3092c0b297aacfb4bb6e056ebe13b9b8,SP,96.9,1
cool_stuff,1430239a858e7682bbc43b20758af153,SP,95.2,4
cool_stuff,f262cbc1c910c83959f849465454ddd3,SP,89.98,2
cool_stuff,9f505651f4a6abe901a56cdc21508025,SP,89.97,3
cool_stuff,e8f6dc8e6a1dcde89d20e3995c8d90b3,SP,89.9,1
cool_stuff,da8622b14eb17ae2831f4ac5b9dab84a,SP,89.7,3
cool_stuff,e5a38146df062edaf55c38afa99e42dc,SP,87.89,1
cool_stuff,e1dc0754bada9ee4cfe9713f22f61292,RJ,85.0,1
cool_stuff,282c7480173bb9c01dd41cc739fec010,SP,79.9,1
cool_stuff,eb72802c83dc7547529c9546d1a9b8ef,SP,78.99,1
cool_stuff,6dd7dce75cd55c1ce255dc38d9f0cd46,SC,75.0,1
cool_stuff,7586919161935337bf6b6d7ff5779648,RJ,74.8,1
cool_stuff,bb135baca94c82fcb731335ad5b04a03,SP,72.4,3
cool_stuff,fa14641f57b655e933124a9ea49cd7a5,SP,69.99,1
cool_stuff,cac4c8e7b1ca6252d8f20b2fc1a2e4af,SP,69.99,1
cool_stuff,903037660cf848a717166eb7a06d616e,SP,69.99,1
cool_stuff,7dc8c42cc750eeafea6c85712ffee9bf,SP,69.98,2
cool_stuff,ff82e8873fba613f2261a9acc896fd84,MG,69.9,1
cool_stuff,32f1bb9dfa65bc7df5c0d9d95a616be4,SP,66.89,1
cool_stuff,c8660dcf9ba70575f45d80fe28c27713,SP,65.0,1
cool_stuff,cf281cf8b7affbdfe751b29cc85580e1,CE,64.9,1
cool_stuff,7e3f87d16fb353f408d467e74fbd8014,SP,64.9,1
cool_stuff,74a9b9bddf14ece02beb81f52c41a88d,SP,60.0,1
cool_stuff,2a61c271b1ac763450d846849783e922,SP,59.98,1
cool_stuff,b76a1f8356322f12529c37b67d5c96c2,SP,59.9,1
cool_stuff,a1bea7061f61f6fdd9a85a6325ba1033,SP,55.9,1
cool_stuff,296729ffb9b684050dd24836dac4494a,SP,55.0,1
cool_stuff,c7246702dc991a06d788120dc7544391,CE,54.86,1
cool_stuff,15aac934c58d886785ac1b17953ea898,ES,54.0,2
cool_stuff,d66c305afaec317ebee552073a674429,MG,53.9,1
cool_stuff,7357b52d27cbaa90f81a96cbc1279396,MG,53.65,1
cool_stuff,762fafdaa57a532ee0119731697579dd,SP,49.0,2
cool_stuff,c9a06ece156bb057372c68718ec8909b,DF,49.0,1
cool_stuff,9f50216bfd01913736a55a11b55ea842,SP,45.0,1
cool_stuff,213fafb0ca06fb3d5886579c2565791b,MG,44.9,1
cool_stuff,5f1dc28029d2c244352a68107ec2b542,SP,44.6,2
cool_stuff,b2479f944e1b90cf8a5de1bbfde284d6,SP,43.96,4
cool_stuff,a7d0f8dd44f57ef6de7f7f02e3d82630,SP,43.9,1
cool_stuff,0eaa7e33d73809f1f925f7d07c506cbd,SP,42.0,1
cool_stuff,2eb70248d66e0e3ef83659f71b244378,SP,38.9,1
cool_stuff,cb162c8eef257253782d245c08d9097c,SP,34.99,1
cool_stuff,3e8bd881d92466e63ba9e3e809cd3c50,RJ,34.9,1
cool_stuff,f615fe7efbef0f4f08fd3086bc7a3e60,SP,34.9,1
cool_stuff,fe49ee029e61e789a1f3a5525f57ba8d,SP,30.6,1
cool_stuff,e49c26c3edfa46d227d5121a6b6e4d37,PE,29.9,1
cool_stuff,9d4db00d65d7760644ac0c14edb5fd86,SP,26.9,1
cool_stuff,4c8b8048e33af2bf94f2eb547746a916,SP,23.1,1
cool_stuff,18e694e0e48ed6f7aa3f24aade5fd697,SP,17.8,2
cool_stuff,f41ce2e25237f9092cd8e6e7516c7a2f,SP,15.8,1
costruction_tools_garden,d51e0a403fe2e689ece6c73359d96e12,SP,7790.0,26
costruction_tools_garden,f80edd2c5aaa505cc4b0a3b219abf4b8,SP,4161.6,44
costruction_tools_garden,8bb48dc19fccaa8613b6229bf7f452a2,SP,2855.7,61
costruction_tools_garden,52562a9f449c3dc3d53f5f5b9ed74903,RN,2379.6,4
costruction_tools_garden,52d76513f0c4d97f3b99570e2c94ee31,RS,1349.9,1
costruction_tools_garden,bc302730ea8cf49b5c74f579febb5bbf,SP,999.98,2
costruction_tools_garden,49067458c68f7701fd334ce326accbe0,MG,903.4,32
costruction_tools_garden,76d5af76d0271110f9af36c92573f765,SP,735.0,1
costruction_tools_garden,7238a95bb63ef7e498389fb863b834a1,SP,601.0,5
costruction_tools_garden,710e3548e02bc1d2831dfc4f1b5b14d4,PR,579.98,2
costruction_tools_garden,6a51fc556dab5f766ced6fbc860bc613,SP,389.8,2
costruction_tools_garden,1b4c3a6f53068f0b6944d2d005c9fc89,SC,384.5,5
costruction_tools_garden,ce248b21cb2adc36282ede306b7660e5,SC,369.9,1
costruction_tools_garden,f19516b9ff26bfeb091b30108db4ddbd,SP,208.6,4
costruction_tools_garden,94e93ce877be27a515118dbfd2c2be41,SP,199.8,2
costruction_tools_garden,e882b2a25a10b9c057cc49695f222c19,RJ,197.8,2
costruction_tools_garden,2bf28e311bba65237358230cabac3f15,PR,190.0,5
costruction_tools_garden,7040e82f899a04d1b434b795a43b4617,SP,187.5,5
costruction_tools_garden,ce27a3cc3c8cc1ea79d11e561e9bebb6,SP,145.99,1
costruction_tools_garden,3361277dc30b7cccdb0c286b24219756,PR,143.56,4
costruction_tools_garden,d1c7fa84e48cfa21a0e595167c1c500e,RS,141.13,4
costruction_tools_garden,1127b7f2594683f2510f1c2c834a486b,SP,127.71,6
costruction_tools_garden,6824a69c9ea0313eba299dd4a2dba09a,MG,109.0,2
costruction_tools_garden,ef2fbc2b607d8492bcffe657a4645434,RJ,105.8,2
costruction_tools_garden,dd2bdf855a9172734fbc3744021ae9b9,MG,99.9,1
costruction_tools_garden,11d4c477d09821164bca4f70a2eae031,SP,83.04,4
costruction_tools_garden,7dc8c42cc750eeafea6c85712ffee9bf,SP,79.98,2
costruction_tools_garden,cad10cc982ab6a391570c211b995c17c,SP,47.4,1
costruction_tools_garden,3b15288545f8928d3e65a8f949a28291,SP,39.99,1
costruction_tools_garden,66d5ae34537110d3affc56174dad2b2f,SP,33.81,3
costruction_tools_garden,282f23a9769b2690c5dda22e316f9941,MG,26.84,1
costruction_tools_garden,08633c14ef2db992c11f840f04fad4cd,SP,24.7,1
costruction_tools_garden,c679fb69a36e1d8349e8c50a217b4d58,RS,22.98,1
costruction_tools_tools,2a167ca73899c85001a837d8fb4962f6,SP,4097.0,3
costruction_tools_tools,eeb6de78f79159600292e314a77cbd18,SC,3843.0,7
costruction_tools_tools,955fee9216a65b617aa5c0531780ce60,SP,1890.0,9
costruction_tools_tools,c8467937e403e76a8ee9f0ab13f6f5ef,MG,1853.79,33
costruction_tools_tools,8daab2245ebdc277c51098d01c5ad8ef,SP,1022.89,11
costruction_tools_tools,23c38debaffe4a25a30fdbd9b586a13f,SP,698.25,3
costruction_tools_tools,2646baaf662d4d92ac48f047e35db92d,SP,438.0,2
costruction_tools_tools,750303a20e9c56b2a6bc45cdce0b897d,GO,411.3,8
costruction_tools_tools,c4f7fee5b0db50e87766f5a4d1b1b758,SP,278.1,2
costruction_tools_tools,7178e1eaa97257d8b6d4b80efd77a025,SP,167.9,1
costruction_tools_tools,7139dc5186aa238b006e066d8fbab2e4,SP,155.0,5
costruction_tools_tools,efff9341f3f8f5237b44ff67ed36a7bf,ES,150.99,1
costruction_tools_tools,d1ef48b38baca7e831711c4a0aeb398f,PR,131.8,3
costruction_tools_tools,cb6c9f5888a7a090c75beaf615925792,ES,129.49,1
costruction_tools_tools,989becdce12ebc39863c2bceab6f3ca1,PR,118.0,1
costruction_tools_tools,3d2400ac620cffa23ac81bd192f7f555,SP,105.0,1
costruction_tools_tools,01266d4c46afa519678d16a8b683d325,PR,90.25,3
costruction_tools_tools,b2ba3715d723d245138f291a6fe42594,SP,74.9,1
costruction_tools_tools,5def4c3732941a971cba8fdee992ede1,SP,72.4,2
costruction_tools_tools,16090f2ca825584b5a147ab24aa30c86,SP,59.99,1
costruction_tools_tools,45ba18c210d42734ec52c0c1c574e9ee,SP,34.9,1
costruction_tools_tools,dee656f0f566ed1aa85bd137c943f08f,SP,29.9,1
costruction_tools_tools,9b1f656ca3060f8af17a50d8a024b533,SP,28.5,1
costruction_tools_tools,4c18691b6037662be2df78a765d98ab5,SP,22.6,2
diapers_and_hygiene,270d3ef21830ad0ecf3a6c53d08a533a,SP,509.0,18
diapers_and_hygiene,218d46b86c1881d022bce9c68a7d4b15,SP,472.0,12
diapers_and_hygiene,7f35f9daf223da737b78738fbae4d977,SP,180.0,3
diapers_and_hygiene,e8ff5a6ceb895583033fc2a0f314e3c2,SC,139.89,1
diapers_and_hygiene,e8f6dc8e6a1dcde89d20e3995c8d90b3,SP,134.9,1
diapers_and_hygiene,e3dd723429d1b23614b7fa85e2c7a853,SP,60.0,2
diapers_and_hygiene,bc07d855eac23aab5ac8a120f21d16b2,SP,43.0,1
diapers_and_hygiene,1992f8fb6b19fcccd97ca819811e7267,SP,28.8,1
drinks,e9779976487b77c6d4ac45f75ec7afe9,SP,7824.39,183
drinks,c394e193cda3b4225ff2094d32184849,SP,3419.88,12
drinks,9b013e03b2ab786505a1d3b5c0756754,SP,2186.43,55
drinks,8444e55c1f13cd5c179851e5ca5ebd00,MG,1246.0,2
drinks,141440cad9341e553f8401c574a2aa38,PR,1121.0,8
drinks,79a679c36c08d606b3fd47ead9de109b,SP,935.0,7
drinks,5075aaa8404020ae6aa8bf4792099b41,MG,856.8,20
drinks,d8cf3b6a2151949f930d0252b180ec42,PR,623.7,19
drinks,aced59e9b31ef866a94f9e7f29d8d418,SP,480.0,5
drinks,48e954b2da4f6a750c844173b347ed40,RS,397.8,6
drinks,ad75519a07f039025e83795a4418470f,GO,302.1,9
drinks,b0b346d3a89f5eb4c2968af3f083cd43,SP,285.0,7
drinks,65a7c0788e4d632ccb5e1b594b87f0bb,SP,266.7,9
drinks,ac51cac5e20d69ff485a54746488ef48,SP,223.0,1
drinks,b494891378bd8f4560abe576c52deacd,SP,218.9,1
drinks,e503f22be6a4f456d9851920a5d9c670,SP,198.9,2
drinks,75745ef7bc7d4f3ea3380f6f5303f514,DF,169.9,1
drinks,0bebbb2cea103a4a020c95d43fd7d754,SP,155.0,1
drinks,78813699ffac347fe27dba345a5f1551,RS,152.42,1
drinks,398cb257329ef7af7f1943a8974a3cbc,BA,145.9,1
drinks,50a7e551a7b3f8d37cd6e32d8bfbe5ea,SP,140.0,1
drinks,ab9db4cf53b08b828b64dccaafc2d9f0,RS,125.8,2
drinks,92d14edfb62ee5ae7fdff70b0f4e7233,SP,122.0,2
drinks,1927cdb9fa74f5270097f6250e8e8f34,SP,120.0,1
drinks,53088c75f948b48a7ece173ac17f0c12,RS,119.9,1
drinks,669ae81880e08f269a64487cfb287169,SC,104.25,5
drinks,6235903333ba7de1928c869e268e5964,SC,94.06,1
drinks,90b36c5aeb728d5504a39f435bef0c5f,SP,71.96,4
drinks,f626e15b7314c267e4429010866f70e9,SP,62.7,3
drinks,63704069d9bd3a75c1cf59babe56004a,SP,59.3,1
drinks,3e35a8bb43569389d3cebef0ce820f69,SP,55.8,2
drinks,1b45169b635ef59425637e9a33eb5fb3,PR,43.9,1
drinks,16bdc8cefd0e32a6f0824d296c5ad14a,SP,41.76,1
drinks,4371b634e0efc0e22b09b52907d9d469,SP,20.0,2
drinks,577719699805dd125d5b6fdde5943bba,RS,19.45,1
drinks,42d4b7e70819438f5ada61c965e92d7e,GO,19.0,1
dvds_blu_ray,491a5ada3aa1678414e990262c4bbdc1,SP,2840.0,2
dvds_blu_ray,75fbb52eda0cbc24f479d3b2fbfa8d3e,GO,1130.99,43
dvds_blu_ray,522620dcb18a6b31cd7bdf73665113a9,PR,699.0,1
dvds_blu_ray,ba143b05f0110f0dc71ad71b4466ce92,SP,419.95,5
dvds_blu_ray,6c177e38df6d3f34182b1f1d427231bf,PR,409.0,1
dvds_blu_ray,2138ccb85b11a4ec1e37afbd1c8eda1f,SP,159.96,4
dvds_blu_ray,42ef3192a9ff87a22d1867b74b3ee205,SP,145.0,2
dvds_blu_ray,527801b552d0077ffd170872eb49683b,SP,119.9,1
dvds_blu_ray,891071be6ba827b591264c90c2ae8a63,SP,39.99,1
dvds_blu_ray,039b29ff3b3473435d0cd59040575de9,SP,35.6,4
electronics,8b321bb669392f5163d04c59e235e066,SP,14178.09,910
electronics,128639473a139ac0f3e5f5ade55873a5,PR,11102.65,540
electronics,6039e27294dc75811c0d8a39069f52c0,SP,8644.2,40
electronics,2e90cb1677d35cfe24eef47d441b7c87,SP,8320.96,86
electronics,17e34d8224d27a541263c4c64b11a56b,SP,7424.01,4
electronics,c003204e1ab016dfa150abc119207b24,SP,6148.49,48
electronics,b4a476fbd28de64b1e347abf9089366a,SP,5619.05,36
electronics,dbd66278cbfe1aa1000f90a217ca4695,SP,4053.8,80
electronics,70a12e78e608ac31179aea7f8422044b,SP,3815.69,33
electronics,4e922959ae960d389249c378d1c939f5,SP,3729.75,59
electronics,6bb0724edf0b62fb91ac404873a97241,SP,3653.0,18
electronics,edf96ef93ed595084bbcbd9224bd2894,SP,3597.0,27
electronics,582d4f8675b945722eda7c0cb61ba4c7,SP,3437.38,62
electronics,6288c69c4ce638e59925e59193f98b16,SP,3327.92,8
electronics,612170e34b97004b3ba37eae81836b4c,RS,3208.09,17
electronics,7d13fca15225358621be4086e1eb0964,SP,3074.65,15
electronics,f27e33c6d29b5138fa9967bcd445b6d5,SP,2473.2,18
electronics,056b4ada5bbc2c50cc7842547dda6b51,RJ,2289.95,5
electronics,7178f9f4dd81dcef02f62acdf8151e01,SC,2257.6,25
electronics,ce27a3cc3c8cc1ea79d11e561e9bebb6,SP,2205.0,17
electronics,c9c7905cffc4ef9ff9f113554423e671,SP,2151.13,26
electronics,b2ba3715d723d245138f291a6fe42594,SP,2061.6,34
electronics,5656537e588803a555b8eb41f07a944b,DF,1950.6,90
electronics,e9d99831abad74458942f21e16f33f92,SP,1886.98,51
electronics,2bf6a2c1e71bbd29a4ad64e6d3c3629f,RJ,1850.0,1
electronics,73a63f72308aa20a46f4b1632018f196,PR,1795.0,5
electronics,4869f7a5dfa277a7dca6462dcf3b52b2,SP,1709.6,10
electronics,06e5eefc71ec47ae763c5c6f8db7064f,RS,1657.66,10
electronics,5b33b527da3c5b969cc99dc435cad09a,PR,1646.9,13
electronics,fbc14c0cf93505ef89f64665ffa4a7b5,SP,1608.99,1
electronics,7ddcbb64b5bc1ef36ca8c151f6ec77df,SP,1591.88,12
electronics,8cc6a0e5738e61a87b03c78b2ba9db4b,MG,1499.8,2
electronics,87142160b41353c4e5fca2360caf6f92,RS,1384.9,20
electronics,aac29b1b99776be73c3049939652091d,MG,1361.4,11
electronics,cd68562d3f44870c08922d380acae552,SP,1361.0,18
electronics,e439f7176d763f92de325271111b2fd5,SC,1348.4,7
electronics,f0563bacf40c311f1c4d3d6b67b8a7a7,SC,1199.0,1
electronics,14a08204d03bb6b6bde8029f801ae0eb,SP,1195.7,25
electronics,8476243f92442881ddd5b578975cf115,RS,1129.0,1
electronics,f262cbc1c910c83959f849465454ddd3,SP,955.76,24
electronics,3e8bd881d92466e63ba9e3e809cd3c50,RJ,919.6,4
electronics,6c177e38df6d3f34182b1f1d427231bf,PR,795.0,5
electronics,c4d51195486dc781531876a7d00453d8,SP,776.0,1
electronics,8fdca8e349553f99bc738833a62c8802,SP,751.85,15
electronics,fd435faa3c0422b60440ea3480d0e77c,PB,749.0,1
electronics,744dac408745240a2c2528fb1b6028f3,PR,697.8,4
electronics,f3c38ab652836d21de61fb8314b69182,SP,656.0,6
electronics,dd55f1bb788714a40e7954c3be6df745,SP,648.5,6
electronics,5acd070dd3fe441bbb2ec1f1ede515ee,SP,644.9,3
electronics,bd0389da23d89b726abf911cccc54596,DF,618.4,6
electronics,33c51922b6e3c16b24a8f28e5833c99d,PR,598.97,1
electronics,7e93a43ef30c4f03f38b393420bc753a,SP,557.99,3
electronics,d66c11a9572221d92fbb8c4897db5f9b,RJ,546.38,13
electronics,5c6d4016c2a288f074fa0848a2b653d2,SP,524.0,7
electronics,ea566164622c6b439516ab18062c42cd,SP,519.0,3
electronics,52d76513f0c4d97f3b99570e2c94ee31,RS,499.9,1
electronics,822bad9bc42b51213ba522fe87b7ab5d,SC,469.0,1
electronics,d921b68bf747894be13a97ae52b0f386,MG,466.0,2
electronics,b499c00f28f4b7069ff6550af8c1348a,SP,459.93,7
electronics,49cdc90518a4f82676b38b3c1aa43ff6,SP,439.9,1
electronics,179d859f51292aac5c10806a356f7af9,SP,404.47,19
electronics,4d232b78ab7ef10393dc3807d827bc0d,MG,399.0,1
electronics,c13ef0cfbe42f190780f621ce81f2234,SP,390.0,1
electronics,48162d548f5b1b11b9d29d1e01f75a61,SP,380.0,2
electronics,08084d990eb3f53af056ccbc1730c8a7,SP,372.5,12
electronics,0ed6ce5d87fd9c69eaacaeb778d67235,SP,362.72,20
electronics,8d956fec2e4337affcb520f56fd8cbfd,SP,356.58,6
electronics,634964b17796e64304cadf1ad3050fb7,RJ,348.5,7
electronics,fa1c13f2614d7b5c4749cbc52fecda94,SP,344.8,2
electronics,381c83fdca332ea6afd896da20bf6e4a,PR,339.0,3
electronics,28f10b1c5e5abb9d4857745bede6147c,SP,330.0,16
electronics,7e3f87d16fb353f408d467e74fbd8014,SP,322.5,5
electronics,3afc536624bc2e65bddfb5db33cc01f3,MG,312.0,6
electronics,5d76d80a2f5f39c891b996a1bf4c9853,SP,299.8,2
electronics,a8739afb32aaa45e01815ca76f76f54b,SP,298.83,15
electronics,c66dccfb3f109511246da627dd5a2498,SP,289.9,1
electronics,1710c3aaa9c6b44ec3883ee0fe300e21,SP,289.9,1
electronics,6ee85be3693ed79a8e80718743d80655,SP,277.5,7
electronics,ad87df7699e83b8a91822a4a0b765c3a,SP,269.9,5
electronics,5d0363b33554b373851fc1622e4d5f3c,SP,260.99,2
electronics,710e3548e02bc1d2831dfc4f1b5b14d4,PR,259.98,2
electronics,96804ea39d96eb908e7c3afdb671bb9e,MG,259.75,5
electronics,512d298ac2a96d1931b6bd30aa21f61d,RJ,258.9,1
electronics,1838dd9b8977065acf51d95e0053ea7a,MG,255.5,5
electronics,18a349e75d307f4b4cc646a691ed4216,SP,230.0,4
electronics,9c0e69c7bf2619675bbadf47b43f655a,SP,229.9,1
electronics,bf00385a5f7fc1ef39a13c2e9ee50a5f,SP,225.3,7
electronics,94b9108d4b637ba65bb4f1e53cfcf8d8,SP,223.72,5
electronics,c84592044b180dec206770c38603814b,SP,219.99,10
electronics,596849622429351f47b32e6cae1055ff,SP,215.7,3
electronics,3fefda3299e6dfaea3466ef346a3571a,PR,209.0,1
electronics,04fdea0c111866e6cf812f1570d6b5bd,SP,200.0,1
electronics,c60b801f2d52c7f7f91de00870882a75,SP,200.0,1
electronics,ed8cb7b190ceb6067227478e48cf8dde,SP,199.96,4
electronics,ba6b4a237f92479743cf0ca06b67a9ac,RJ,198.0,2
electronics,fe8055980a4ff7f64ed889c2b5926929,PR,179.8,2
electronics,2eb70248d66e0e3ef83659f71b244378,SP,169.9,1
electronics,51a04a8a6bdcb23deccc82b0b80742cf,SP,167.99,1
electronics,533d46c1b06970e99f09523a61df4972,SP,159.98,2
electronics,fc59392d66ef99377e50356ee4f3b4e1,BA,155.0,2
electronics,debe6615cd90cc0c2eac2b8988e1f628,SP,138.7,3
electronics,44073f8b7e41514de3b7815dd0237f4f,DF,131.5,2
electronics,693660429f9dc4ff704eb3d88dad54d7,SP,124.0,2
electronics,36f98ad67cc981f50ce8aed093d5783c,PR,119.4,2
electronics,5b07547f10dd980738a1a27f685af669,SP,116.8,1
electronics,45d33f715e24d15a6ccf5c17b3a23e3c,SP,114.89,1
electronics,5dc203c7b84a0e71e878a179de05fb9a,SP,110.9,1
electronics,180c3376aff0e43dd5788709df48a843,SP,109.0,1
electronics,630008e0f062605a415d694489f6f82e,SP,105.15,3
electronics,1da3aeb70d7989d1e6d9b0e887f97c23,SP,99.96,4
electronics,85044848b1b767db2a4a58526adef4b4,SP,95.9,1
electronics,4391ea5c5990502176a1dcda44a2373d,RS,95.0,1
electronics,72c38a04bd6a1c3dbc5298425a0db86d,PR,92.0,1
electronics,430315b7bb4b6e4b3c978f9dfa9b0558,SP,89.0,1
electronics,b3809b8d4394588a47c8470ea331e135,SP,89.0,1
electronics,7ade73f1b9b4e965f9009a4c3a7e2c15,SP,79.9,1
electronics,77fccaae319668a8ab6cd0fd16aec48c,RJ,79.0,1
electronics,20b54c376b794ed028df09a3cd88e8dc,SP,77.97,1
electronics,4a3ccda38b2129705f3fb522db62ca31,SP,70.6,4
electronics,c522be04e020c1e7b79f3acff36513d5,SP,69.99,1
electronics,bdae679a9b282249bc23b9b69dae9a99,DF,69.99,2
electronics,d6cd01c59123df02fc226eadbadb5f89,SP,69.9,1
electronics,b76dba6c951ab00dc4edf0a1aa88037e,SP,67.96,4
electronics,71592660bbcb6a4664e97b6f8b68babc,SP,65.6,1
electronics,70849ca4f400aaabb62cb7462a6f1428,MG,64.99,1
electronics,1e26c56af8d48424e1df0140a2401f83,SP,59.9,1
electronics,455f46ef09a9e45667e2981df84b5cc2,SP,59.8,2
electronics,8a43128d7f9a3db592b866e6861a6cce,SP,57.9,1
electronics,8b28d096634035667e8263d57ba3368c,SP,49.89,1
electronics,918f6fbcf3ab724d805867303e593a1b,SP,49.8,2
electronics,ff1fb4c404b2efe68b03350a8dc24122,SP,45.0,1
electronics,080102cd0a76b09e0dcf55fcacc60e05,MG,42.9,1
electronics,d12c926d74ceff0a90a21184466ce161,SP,39.9,1
electronics,3a734b715d333a2588a3d54a0c9b8746,SP,39.0,1
electronics,651fe66032c9520ee5587f694908040d,RS,34.0,1
electronics,9646c3513289980f17226a2fc4720dbd,SP,33.9,1
electronics,fcb5ace8bcc92f75707dc0f01a27d269,SP,31.9,1
electronics,fd386aa7bed2af3c7035c65506c9b4a3,SP,30.0,1
electronics,31eec405c9bb71dec8e2629a92e764fa,ES,26.0,1
electronics,a1bea7061f61f6fdd9a85a6325ba1033,SP,25.0,1
electronics,92eb0f42c21942b6552362b9b114707d,SP,24.94,2
electronics,ffff564a4f9085cd26170f4732393726,SP,23.0,2
electronics,d66c305afaec317ebee552073a674429,MG,21.2,4
electronics,7dc8c42cc750eeafea6c85712ffee9bf,SP,19.98,2
electronics,6860153b69cc696d5dcfe1cdaaafcf62,SP,17.19,1
electronics,6bb62a4912377c7bfe7cb17b406bc7e6,SP,16.89,1
electronics,a4e634166243bbb3a13fa584463fa468,SP,15.9,1
electronics,e601b04acf48b4576e73ddca9481f0dc,SP,14.49,1
electronics,134a288e7de827ec5ec62e3ec9c3a295,SP,10.0,1
fashio_female_clothing,dc8798cbf453b7e0f98745e396cc5616,SP,618.6,14
fashio_female_clothing,b499c00f28f4b7069ff6550af8c1348a,SP,544.84,16
fashio_female_clothing,cca3071e3e9bb7d12640c9fbe2301306,SP,523.4,6
fashio_female_clothing,aaed1309374718fdd995ee4c58c9dfcd,SC,339.2,2
fashio_female_clothing,cb32766839f443db85c82a43c4a6c19e,SP,234.0,2
fashio_female_clothing,1e47d8b6546eb3a77b1acddcc9406242,SP,149.9,1
fashio_female_clothing,7d948535954aaf8c5d39db007f74372e,SP,145.0,3
fashio_female_clothing,f5403d3f50089112c4eed37928b7f622,SP,93.9,1
fashio_female_clothing,94144541854e298c2d976cb893b81343,RS,65.0,1
fashio_female_clothing,827f8f69dfa529c561901c4f2e0f332f,PR,64.9,1
fashio_female_clothing,dd39ad39b5d3df33037e141c72497ba6,SP,24.9,1
fashion_bags_accessories,6560211a19b47992c3666cc44a7e94c0,SP,18076.83,340
fashion_bags_accessories,1f1bb1f0859883505541bdd6606193e5,SP,13482.84,27
fashion_bags_accessories,b372ee768ed69e46ca8cdbd267aa7a38,SP,12630.0,69
fashion_bags_accessories,cab85505710c7cb9b720bceb52b01cee,SP,11389.1,209
fashion_bags_accessories,0ea22c1cfbdc755f86b9b54b39c16043,MG,9919.0,246
fashion_bags_accessories,3c487ae8f8d7542beff5788e2e0aea83,DF,9385.7,33
fashion_bags_accessories,e5a3438891c0bfdb9394643f95273d8e,SP,5093.57,165
fashion_bags_accessories,abe42c5d03695b4257b5c6cbf4e6784e,RJ,3971.0,9
fashion_bags_accessories,0cbcee27c791afa0cdcb08587a2013a8,MG,3723.15,31
fashion_bags_accessories,643214e62b870443ccbe55ab29a4dccf,SP,3250.33,66
fashion_bags_accessories,f4db9b37944bcb8873e6b456ee190bbf,SP,3079.81,19
fashion_bags_accessories,0ebd97a106433a45a4aebe57c1799778,MG,3046.8,32
fashion_bags_accessories,20d83f3ef0e6925fd74bfd59170babf7,SP,2903.6,54
fashion_bags_accessories,891071be6ba827b591264c90c2ae8a63,SP,2812.53,47
fashion_bags_accessories,33576ec5412fb5905d876f12f33bfde6,PR,2718.0,32
fashion_bags_accessories,d57e18d5f73c7ccb7f7339b61166898d,SP,2427.6,44
fashion_bags_accessories,efcd8d2104f1a05d028af7bad20d974b,SP,2424.78,51
fashion_bags_accessories,a3f0b55de503387383c7b1de3ad7f678,PR,2048.6,14
fashion_bags_accessories,2be17df1c49978426251562096c3cc09,SC,1973.1,14
fashion_bags_accessories,8444e55c1f13cd5c179851e5ca5ebd00,MG,1955.0,5
fashion_bags_accessories,d98eec89afa3380e14463da2aabaea72,RS,1849.38,62
fashion_bags_accessories,272f092de69afedd4d2969440b37f18f,SP,1686.63,35
fashion_bags_accessories,901b460cdce0c64e471230d7f2f9f3a3,RS,1645.0,4
fashion_bags_accessories,fe701d88b67eaca109dffd464d1be9f9,RJ,1548.9,11
fashion_bags_accessories,3a490ba60afa30ece0e7d50cfe74a4f0,MG,1529.2,8
fashion_bags_accessories,bb5bd94c8f59cc050072d2930c869cac,SP,1494.17,14
fashion_bags_accessories,f214d28e8d8e3ef068748498ccc2f813,SP,1432.6,40
fashion_bags_accessories,f4c4daa86e30c7e5a553a8d518ac03a5,PR,1356.6,3
fashion_bags_accessories,dbc22125167c298ef99da25668e1011f,MG,1334.5,14
fashion_bags_accessories,1b8b75e227c9a9c100d0c210fb6176ce,SP,1304.86,14
fashion_bags_accessories,d2e753bb80b7d4faa77483ed00edc8ca,BA,1262.7,14
fashion_bags_accessories,7b07b3c7487f0ea825fc6df75abd658b,SP,946.0,4
fashion_bags_accessories,a0415d9b25ede3c4b1e477e9916ffc03,RJ,859.7,3
fashion_bags_accessories,a1544b9ea0b2390e020537d4daa89049,SP,841.2,8
fashion_bags_accessories,8602a61d680a10a82cceeeda0d99ea3d,SP,826.99,19
fashion_bags_accessories,de09d00cfc265b8804c7df34075a68fa,SP,784.0,3
fashion_bags_accessories,670a9dda115b5a88b18cfadee8de2332,SP,769.1,9
fashion_bags_accessories,cf654707ed6a99f112c7ec3d6f314b8b,SP,756.0,4
fashion_bags_accessories,83d7070a0b9a8b4625fa8682b819fabb,SP,694.77,2
fashion_bags_accessories,1da3aeb70d7989d1e6d9b0e887f97c23,SP,668.72,29
fashion_bags_accessories,980640c45d7a4635885491d077167e4d,SP,630.63,9
fashion_bags_accessories,dbb9b48c841a0e39e21f98e1a6b2ec3e,SP,628.89,11
fashion_bags_accessories,537eb890efff034a88679788b647c564,RJ,585.0,20
fashion_bags_accessories,d1b65fc7debc3361ea86b5f14c68d2e2,SP,579.8,2
fashion_bags_accessories,b499c00f28f4b7069ff6550af8c1348a,SP,529.91,9
fashion_bags_accessories,651fe66032c9520ee5587f694908040d,RS,430.0,6
fashion_bags_accessories,0be8ff43f22e456b4e0371b2245e4d01,SP,429.6,4
fashion_bags_accessories,ead2bab70821ea148476ae9bc08548ac,MG,412.1,9
fashion_bags_accessories,0ac4201fda2c68ebc0e47cb9423cf3c9,SP,398.0,1
fashion_bags_accessories,16090f2ca825584b5a147ab24aa30c86,SP,369.95,5
fashion_bags_accessories,d73cbd89533ce8b041a9190241453ac8,MG,368.6,4
fashion_bags_accessories,aaed1309374718fdd995ee4c58c9dfcd,SC,363.2,14
fashion_bags_accessories,e5475dcab1e07b63d7f6e902d8f5eda8,SP,357.0,9
fashion_bags_accessories,25e6ffe976bd75618accfe16cefcbd0d,SP,350.5,4
fashion_bags_accessories,54a1852d1b8f10312c55e906355666ee,SP,333.86,5
fashion_bags_accessories,b127efdabeffb5d559349c7b172eb75d,SP,308.5,10
fashion_bags_accessories,69a43819c758c65a5befb0b471c954d7,PR,299.85,3
fashion_bags_accessories,2ee0a0689f2f6a72f35a7cb6033f6e7e,SP,272.0,4
fashion_bags_accessories,f45122a9ab94eb4f3f8953578bc0c560,SP,269.1,9
fashion_bags_accessories,f8d5c7085db9a4ad2b8c1ffbeb2798c8,SP,263.0,6
fashion_bags_accessories,cd6efc47efaabf134f8bdb654e10b4f1,RJ,258.8,2
fashion_bags_accessories,7fe21dd00d2f4943ae09525efa2fd674,RJ,249.7,3
fashion_bags_accessories,1b8356dabde1d35e17cef975c3f82730,SP,224.97,3
fashion_bags_accessories,e1dc0754bada9ee4cfe9713f22f61292,RJ,220.0,2
fashion_bags_accessories,651530bf5c607240ccdd89a30c9c9712,BA,199.9,1
fashion_bags_accessories,8def3db7f272735afb2ecd03aeca09a7,RJ,196.0,2
fashion_bags_accessories,c7a0a13cbcf29d5ce51c8f80afdc0b89,SC,183.1,7
fashion_bags_accessories,cd52a8efd71af3336b14b5039b951cc1,SP,170.8,3
fashion_bags_accessories,1354d51653f645349064725ed204e85e,SP,170.0,3
fashion_bags_accessories,7722b1df1b0e383e000397b2c11e3e19,SP,169.9,1
fashion_bags_accessories,dde698c6d0bd24834c586e5111c2bba7,RJ,155.9,1
fashion_bags_accessories,4dab98ca6cd6d3df586203cefd28a042,RS,154.9,1
fashion_bags_accessories,5f5b43b2bffa8656e4bc6efeb13cc649,SP,148.9,1
fashion_bags_accessories,0691148aee60ca47977c187804f935ae,PR,147.79,1
fashion_bags_accessories,3be634553519fb6536a03e1358e9fdc7,SP,140.86,3
fashion_bags_accessories,4aba391bc3b88717ce08eb11e44937b2,BA,139.0,1
fashion_bags_accessories,48efc9d94a9834137efd9ea76b065a38,PR,138.8,12
fashion_bags_accessories,c87abc38c8ed3240861729e1aeadf221,SP,133.0,1
fashion_bags_accessories,39c763cca83e654764b7a4a650fb9b7c,GO,129.0,1
fashion_bags_accessories,9558aa23f77a9e0a0eca83540999f43b,PR,125.7,2
fashion_bags_accessories,8eb88b0acb3f90a717ad659221471fa7,SC,119.8,2
fashion_bags_accessories,5f2684dab12e59f83bef73ae57724e45,SP,119.8,2
fashion_bags_accessories,184725737946a1a938bbbd1a9e978103,SP,109.9,1
fashion_bags_accessories,e732329483fd5f27367dd997b47f598a,SC,109.9,1
fashion_bags_accessories,daeb5653dd96c1b11860f72209795012,MG,99.9,1
fashion_bags_accessories,2d2c62bef4c8ba0dd74e0e228e808539,SP,95.0,1
fashion_bags_accessories,26e13b6ff5b641b329e5524241ee2c93,SP,89.8,3
fashion_bags_accessories,00d8b143d12632bad99c0ad66ad52825,MG,86.0,1
fashion_bags_accessories,e4253cef933647000a82ff39c67b7bde,SP,68.0,2
fashion_bags_accessories,76623fde66e6b63b59440fd34160512d,SP,65.4,3
fashion_bags_accessories,42fb44130ac3134cde8e35cf8ec7df25,SP,62.7,3
fashion_bags_accessories,9c3c24eca51c52b91c1de727d2a2ae06,RS,59.0,1
fashion_bags_accessories,8a40ae794fa3f9892cee24bd5af0488b,PR,49.99,1
fashion_bags_accessories,d4828feed4cda2cd9d6b37899a95a71e,CE,39.9,1
fashion_bags_accessories,c878515173c84a492ebe50d6b493230b,PR,28.98,2
fashion_bags_accessories,c12d7463a579237ffb9248bd7cff378b,SP,25.9,1
fashion_bags_accessories,138dbe45fc62f1e244378131a6801526,SP,24.9,1
fashion_bags_accessories,6edacfd9f9074789dad6d62ba7950b9c,SP,17.9,1
fashion_bags_accessories,3ac588cd562971392504a9e17130c40b,SP,11.9,1
fashion_childrens_clothes,28ea411b354f14b1a494be4e79f0ce02,SP,220.0,2
fashion_childrens_clothes,dbb9b48c841a0e39e21f98e1a6b2ec3e,SP,179.98,2
fashion_childrens_clothes,d98eec89afa3380e14463da2aabaea72,RS,119.97,3
fashion_childrens_clothes,7fe21dd00d2f4943ae09525efa2fd674,RJ,49.9,1
fashion_male_clothing,aaed1309374718fdd995ee4c58c9dfcd,SC,3630.25,33
fashion_male_clothing,a3a38f4affed601eb87a97788c949667,SC,2527.94,19
fashion_male_clothing,dc8798cbf453b7e0f98745e396cc5616,SP,1138.3,31
fashion_male_clothing,835f0f7810c76831d6c7d24c7a646d4d,SP,1048.9,11
fashion_male_clothing,cca3071e3e9bb7d12640c9fbe2301306,SP,793.6,14
fashion_male_clothing,bbad7e518d7af88a0897397ffdca1979,SP,719.4,6
fashion_male_clothing,101a3a003516bc11253298b2fad3cb65,SP,210.0,5
fashion_male_clothing,4305fe92735c8a43d154ff6dd2b8d927,MG,199.0,1
fashion_male_clothing,891071be6ba827b591264c90c2ae8a63,SP,169.95,5
fashion_male_clothing,1c129092bf23f28a5930387c980c0dfc,SP,158.7,3
fashion_male_clothing,f5403d3f50089112c4eed37928b7f622,SP,96.9,1
fashion_male_clothing,f214d28e8d8e3ef068748498ccc2f813,SP,79.98,2
fashion_male_clothing,c33847515fa6305ce6feb1e818569f13,SC,24.9,1
fashion_shoes,048c2757535328e0d7dac690ad3c0aae,SP,9264.78,51
fashion_shoes,7142540dd4c91e2237acb7e911c4eba2,SP,9186.28,102
fashion_shoes,827f8f69dfa529c561901c4f2e0f332f,PR,2456.4,76
fashion_shoes,013900e863eace745d3ec7614cab5b1a,PR,993.0,15
fashion_shoes,02c988090b766852e088c69d7fb3b551,SP,646.19,4
fashion_shoes,a3a38f4affed601eb87a97788c949667,SC,349.0,1
fashion_shoes,3078096983cf766a32a06257648502d1,SP,139.99,1
fashion_shoes,b499c00f28f4b7069ff6550af8c1348a,SP,89.98,2
fashion_shoes,9591fc341b1bfb7ef561e2968ec6e011,SP,79.9,1
fashion_shoes,5f1dc28029d2c244352a68107ec2b542,SP,73.75,2
fashion_shoes,f00e21b1e91a79653163b7fd8f293ff1,SP,69.9,1
fashion_shoes,5dceca129747e92ff8ef7a997dc4f8ca,SP,69.9,1
fashion_shoes,cc3d14116804f7209f3884f6367f1152,PR,59.8,2
fashion_shoes,44073f8b7e41514de3b7815dd0237f4f,DF,54.0,2
fashion_shoes,26e13b6ff5b641b329e5524241ee2c93,SP,29.9,1
fashion_sport,e7df4cd29ab5abab70fb0783ddb53987,SP,868.8,12
fashion_sport,aaed1309374718fdd995ee4c58c9dfcd,SC,386.8,2
fashion_sport,0cbcee27c791afa0cdcb08587a2013a8,MG,225.0,1
fashion_sport,0be8ff43f22e456b4e0371b2245e4d01,SP,199.5,5
fashion_sport,5dceca129747e92ff8ef7a997dc4f8ca,SP,109.8,2
fashion_sport,d12c926d74ceff0a90a21184466ce161,SP,99.8,2
fashion_sport,217f005bb37ff3aeef5b2ae1788e75ba,SP,74.97,3
fashion_sport,827f8f69dfa529c561901c4f2e0f332f,PR,64.99,1
fashion_sport,94c49f20a123aeb9360dbf80ff912bf6,SP,49.95,1
fashion_sport,b7e1750c1157341d2abd0251e07c186b,SP,39.9,1
fashion_underwear_beach,4bf2f4ee540798a61f9636d12cd9cc80,SP,4235.0,27
fashion_underwear_beach,a6fe7de3d16f6149ffe280349a8535a0,SP,2904.8,52
fashion_underwear_beach,a49928bcdf77c55c6d6e05e09a9b4ca5,SP,948.8,12
fashion_underwear_beach,b1aaae6b66ad3c40f54b389d7ea4bee0,SP,772.5,12
fashion_underwear_beach,d7b2377bae6ace1b11fc69a11900ac36,SP,329.6,4
fashion_underwear_beach,6cf476a4ca74498db55cbccdaa9dcfb6,SP,124.95,5
fashion_underwear_beach,2a1348e9addc1af5aaa619b1a3679d6b,MG,119.6,2
fashion_underwear_beach,5f1dc28029d2c244352a68107ec2b542,SP,59.1,9
fashion_underwear_beach,1e483cc5c76fef08d3ca05f9a8af7d01,SP,47.2,8
fixed_telephony,b37c4c02bda3161a7546a4e6d222d5b2,SP,23900.0,14
fixed_telephony,fbc14c0cf93505ef89f64665ffa4a7b5,SP,6994.89,11
fixed_telephony,180c3376aff0e43dd5788709df48a843,SP,4404.0,9
fixed_telephony,b1204cfda1d4948679db3cfc0d3cb95c,SP,2492.5,5
fixed_telephony,cfa5ab0e4d3fc212fd0b3410e7081c62,MG,2199.98,2
fixed_telephony,d03698c2efd04a549382afa6623e27fb,BA,1680.26,2
fixed_telephony,18a349e75d307f4b4cc646a691ed4216,SP,1620.98,13
fixed_telephony,406740ee611378a662d274c7d8c43c4a,ES,1536.0,6
fixed_telephony,62c50c1af4dfdc4149d25c5222043d39,SP,1372.9,10
fixed_telephony,612170e34b97004b3ba37eae81836b4c,RS,1168.99,7
fixed_telephony,99eaacc9e6046db1c82b163c5f84869f,SP,1166.9,5
fixed_telephony,2138ccb85b11a4ec1e37afbd1c8eda1f,SP,1032.01,36
fixed_telephony,4a1917ef994878940e1fb03eeb787ad7,DF,768.0,3
fixed_telephony,4e922959ae960d389249c378d1c939f5,SP,750.0,11
fixed_telephony,5c6d4016c2a288f074fa0848a2b653d2,SP,651.2,8
fixed_telephony,b76dba6c951ab00dc4edf0a1aa88037e,SP,635.97,42
fixed_telephony,20b54c376b794ed028df09a3cd88e8dc,SP,551.05,5
fixed_telephony,e62b2d6ac10570a035a30bafcf01d263,SP,535.0,2
fixed_telephony,c458e2045a8aa8964f8879af03fdcce6,SP,494.91,9
fixed_telephony,b2ba3715d723d245138f291a6fe42594,SP,449.8,2
fixed_telephony,dd55f1bb788714a40e7954c3be6df745,SP,359.7,3
fixed_telephony,54aa8463e87776b5612f4bdc4bd5d4de,MG,329.7,3
fixed_telephony,f27e33c6d29b5138fa9967bcd445b6d5,SP,328.8,3
fixed_telephony,955fee9216a65b617aa5c0531780ce60,SP,316.0,2
fixed_telephony,ef506c96320abeedfb894c34db06f478,SP,315.9,11
fixed_telephony,c12b92bf1c350f3e6bf88d3596219c86,SP,299.0,1
fixed_telephony,4170f6a9367e6b5d6401d03ce6d54569,DF,278.0,2
fixed_telephony,70a12e78e608ac31179aea7f8422044b,SP,270.0,3
fixed_telephony,9803a40e82e45418ab7fb84091af5231,GO,250.0,2
fixed_telephony,9e9b539eb2806acee3f5c28085c1db9f,MG,249.0,1
fixed_telephony,9c7fd21e0aa159b20da593371f08ff7c,SP,233.7,3
fixed_telephony,5f1dc28029d2c244352a68107ec2b542,SP,200.5,1
fixed_telephony,6f892e20a171e98efe17fdb971ff319b,SP,199.9,1
fixed_telephony,48162d548f5b1b11b9d29d1e01f75a61,SP,198.0,6
fixed_telephony,fc59392d66ef99377e50356ee4f3b4e1,BA,185.0,1
fixed_telephony,582d4f8675b945722eda7c0cb61ba4c7,SP,175.0,1
fixed_telephony,f25e239052084705e17a982bc600ab2a,SP,158.0,2
fixed_telephony,96804ea39d96eb908e7c3afdb671bb9e,MG,149.95,1
fixed_telephony,52562a9f449c3dc3d53f5f5b9ed74903,RN,139.9,1
fixed_telephony,2a1348e9addc1af5aaa619b1a3679d6b,MG,139.7,3
fixed_telephony,8b11118053756a9a2932f447e11fc1b5,SP,79.99,1
fixed_telephony,a23266650e7c84bb93fbbba502137478,RS,79.8,2
fixed_telephony,fcb5ace8bcc92f75707dc0f01a27d269,SP,64.98,1
fixed_telephony,17e34d8224d27a541263c4c64b11a56b,SP,41.95,1
fixed_telephony,b4a476fbd28de64b1e347abf9089366a,SP,39.99,1
fixed_telephony,e2aee0892199b1d92530e371abd825bf,PR,39.0,1
fixed_telephony,ce27a3cc3c8cc1ea79d11e561e9bebb6,SP,21.0,2
fixed_telephony,c13fb473e7cb8b83ccd543c094df0608,SP,19.9,1
fixed_telephony,522620dcb18a6b31cd7bdf73665113a9,PR,15.3,1
flowers,e62b2d6ac10570a035a30bafcf01d263,SP,569.8,10
flowers,8bb48dc19fccaa8613b6229bf7f452a2,SP,510.24,22
flowers,d7f1cfc638473be93baedbfd02208016,RJ,30.0,1
food,cbd996ad3c1b7dc71fd0e5f5df9087e2,SP,4974.57,99
food,d13e50eaa47b4cbe9eb81465865d8cfc,SP,4904.62,58
food,16090f2ca825584b5a147ab24aa30c86,SP,3275.93,117
food,8d79c8a04e42d722a75097ce5cbcf2ef,CE,2777.72,28
food,e9779976487b77c6d4ac45f75ec7afe9,SP,2139.34,26
food,a5a1bfcf728ab0e19182959cf0771ee4,SP,1039.2,18
food,da03c298e3999e9d828591fc2179d109,SP,787.7,5
food,955fee9216a65b617aa5c0531780ce60,SP,675.0,7
food,9b013e03b2ab786505a1d3b5c0756754,SP,651.17,27
food,bfd27a966d91cfaafdb25d076585f0da,SP,629.0,6
food,c60b801f2d52c7f7f91de00870882a75,SP,619.0,3
food,6b90f847357d8981edd79a1eb1bf0acb,SP,549.5,5
food,aac51c486b672a9850d59f3e84b1cf88,SP,489.72,8
food,751bdc4d83a466c7206cd42e8f426b03,SP,369.96,4
food,6b803197e03abd5056b4313306b4f29d,SP,288.0,9
food,0743a0239d764b9a0f959a57d07e36ab,SP,287.97,3
food,a3e9a2c700480d9bb01fba070ba80a0e,SP,275.0,3
food,7e93a43ef30c4f03f38b393420bc753a,SP,274.99,1
food,7299e27ed73d2ad986de7f7c77d919fa,MG,260.0,2
food,6f1a1263039c76e68f40a8e536b1da6a,SP,256.39,7
food,d9bd94811c3338dceb4181f3dbc0c73e,SP,252.0,2
food,4371b634e0efc0e22b09b52907d9d469,SP,250.0,5
food,8a9260f2b0340411d6d2a56bcf4f7378,MG,243.0,5
food,f615fe7efbef0f4f08fd3086bc7a3e60,SP,229.8,2
food,257e61d3251fb5efb9daadddbc2cf7ca,PR,219.0,1
food,5011f0d93373a4c5753adf58ca77af8d,SP,209.6,4
food,402916f742e5c740cc751493d9cf5053,MG,200.0,2
food,cc419e0650a3c5ba77189a1882b7556a,SP,169.98,2
food,6e4a902d1054e4e17aa6eab87fac1c75,SP,146.67,3
food,8160255418d5aaa7dbdc9f4c64ebda44,SP,139.99,1
food,044668ccd5316b12a7cf0d54a156e3e9,SP,137.8,4
food,7210cd29727d674c00741e5e387b3ccd,SP,135.56,4
food,7f7b8245c336066a1f9933c359f11d77,SP,116.85,3
food,ffff564a4f9085cd26170f4732393726,SP,105.0,2
food,7178f9f4dd81dcef02f62acdf8151e01,SC,99.78,2
food,82cb9f452fe8334df74b22d37824b431,RS,98.0,2
food,634964b17796e64304cadf1ad3050fb7,RJ,89.9,1
food,12c2ed9cded6138cf0c75f525f565fc7,SP,84.99,1
food,5bffbafbb22daf6d3bfc216a46db8708,RJ,83.96,4
food,4bde6149c15cf7e177b36fa060dd6de8,RS,79.9,1
food,31eec405c9bb71dec8e2629a92e764fa,ES,70.0,1
food,3c03b12bab54d8b37d79d914bfdb1aa0,RJ,66.0,3
food,c240c4061717ac1806ae6ee72be3533b,RJ,59.9,1
food,5f26c1408a65b42a7224cd463bdf3292,PR,59.8,2
food,b248792ac0b60ec3f93d80af1b4fae47,SP,57.9,1
food,4830e40640734fc1c52cd21127c341d4,SP,55.0,1
food,76ea5315acb3f5f7ade3cd261faf922a,SP,50.9,1
food,7f40d06aa0b5f1aa4f41af8c0480e2ef,SP,49.99,1
food,94ca168e8bcb407ab85c5da308863027,SP,47.5,1
food,b494891378bd8f4560abe576c52deacd,SP,44.9,1
food,9e17b9d64683aebcbb9ee362d06463b4,SP,38.9,1
food,08633c14ef2db992c11f840f04fad4cd,SP,33.8,2
food,4e922959ae960d389249c378d1c939f5,SP,30.0,1
food,bbad7e518d7af88a0897397ffdca1979,SP,29.9,1
food,e0487761face83d64fcada2408959a36,SP,23.75,1
food,bb7ad8a45c027be8ab075b8e465f8ca0,SC,19.98,2
food,a17f621c590ea0fab3d5d883e1630ec6,SP,19.33,1
food,9d69ba0a7a626a64dc5db08e529559cf,SP,19.3,1
food_drink,a3dd39f583bc80bd8c5901c95878921e,BA,4607.81,37
food_drink,282f23a9769b2690c5dda22e316f9941,MG,2489.4,57
food_drink,9a03a4e9eb0b947652fae4f6121a3f5e,SP,957.0,3
food_drink,e9779976487b77c6d4ac45f75ec7afe9,SP,884.47,26
food_drink,2eb70248d66e0e3ef83659f71b244378,SP,699.9,1
food_drink,5011f0d93373a4c5753adf58ca77af8d,SP,629.83,17
food_drink,26bad72add1f86e08a776ce4ffdaf1ca,SP,622.0,7
food_drink,751bdc4d83a466c7206cd42e8f426b03,SP,571.85,15
food_drink,9c1c0c36cd23c20897e473901a8fb149,SP,544.97,7
food_drink,bbaff50f3b708fda865918715276cd87,SP,449.7,16
food_drink,3a3e46d10f74d8a6ca76e2b538f106a0,SP,334.9,6
food_drink,b0b346d3a89f5eb4c2968af3f083cd43,SP,329.0,5
food_drink,08633c14ef2db992c11f840f04fad4cd,SP,317.2,8
food_drink,5a93f3ab0ef4c84ed5e1b5dbf23978bc,SP,247.91,16
food_drink,809413606dbfe5deefd2db646693ef67,SP,196.68,5
food_drink,e627629ba868740e287800f1a9be81c2,SP,183.2,8
food_drink,638cba8be1fb599bbb76fd6948351eb3,SP,152.3,9
food_drink,52a50b42accf164f9f019941e5759d9b,SP,139.96,4
food_drink,9b013e03b2ab786505a1d3b5c0756754,SP,130.8,3
food_drink,f626e15b7314c267e4429010866f70e9,SP,109.95,3
food_drink,22a23e5ac7061fc538cc2a019afaaf16,MG,95.0,1
food_drink,92d14edfb62ee5ae7fdff70b0f4e7233,SP,84.0,6
food_drink,33d677f27a69b84051204ee4ae76eaca,SC,78.5,5
food_drink,cb3dd9ce66268c7a3ca7241ac70ab58c,SP,77.98,2
food_drink,74871d19219c7d518d0090283e03c137,SP,60.0,2
food_drink,c04d70d515d15a7e3db3a73320598566,RJ,38.5,1
food_drink,7210cd29727d674c00741e5e387b3ccd,SP,29.98,1
food_drink,90b36c5aeb728d5504a39f435bef0c5f,SP,29.9,1
food_drink,3820c6537b3853be1a0687d5a60807ec,SP,25.0,1
food_drink,325f3178fb58e2a9778334621eecdbf9,SP,23.4,1
food_drink,b5f0712d22a873b6797ab6cc65c3fcba,SP,12.99,1
food_drink,344223b2a90784f64136a8a5da012e7f,SC,10.9,1
food_drink,34aefe746cd81b7f3b23253ea28bef39,PR,8.0,1
food_drink,77128dec4bec4878c37ab7d6169d6f26,SP,6.5,1
furniture_bedroom,3ade81dab5a172b88e1871c28ae05260,SP,5214.6,29
furniture_bedroom,eb3071b9f0b0ddaa2df5ea130f09f26b,SP,4040.0,8
furniture_bedroom,f181738b150df1f37cb0bd72e705b193,SP,1927.0,9
furniture_bedroom,7fdb0720c8d7c9075538b365dc8c3a22,PR,1435.0,5
furniture_bedroom,cb5df0dcb9e280b1780e9d589889f2c7,SP,1082.92,8
furniture_bedroom,5b0cc932433fa5184b5b94bfe6bcc256,SP,1000.0,11
furniture_bedroom,8603f0038fe0e52fedd3382d266723de,SC,712.0,3
furniture_bedroom,ce7d1888639e6fb06b2749cbfdac1ff7,MG,619.9,4
furniture_bedroom,51702dc2a3e106c76dbff722b5bf0726,SP,518.0,2
furniture_bedroom,265fdc289dffa9f1ad801c74f7d0de47,SP,495.0,1
furniture_bedroom,8a207b6080964f3c1fc9d35bd6096ba4,SP,469.8,2
furniture_bedroom,c4fabeea6e569d42d02993bb1f4f1cbc,CE,399.6,4
furniture_bedroom,1e9d5a33694bddb76316fd1f54734d20,MT,318.0,2
furniture_bedroom,43402bdf22aa2310e8f99e2f94f78628,SP,269.97,3
furniture_bedroom,87d73636a3acf123e842bb890a4db036,SP,269.9,1
furniture_bedroom,901b460cdce0c64e471230d7f2f9f3a3,RS,259.0,1
furniture_bedroom,e4fc40017a6d22c46a14ac2e17f87c3e,PR,258.0,2
furniture_bedroom,b2bdc5e7940a7d7ca8c4a37953b27a42,SP,250.0,1
furniture_bedroom,efb628aa07c8ca93d7db0d85b91a4f5a,RJ,204.0,1
furniture_bedroom,45c20d94d9171b0bcfab3c955e47d67b,SP,79.99,1
furniture_bedroom,9add47bf45ce8e8c7db6b9cf670b1e09,PR,79.9,1
furniture_bedroom,48efc9d94a9834137efd9ea76b065a38,PR,73.2,8
furniture_bedroom,276677b5d08786d5dce7c2149dcce48b,MG,53.0,2
furniture_decor,1025f0e2d44d7041d6cf58b6550e0bfa,SP,111530.45,1292
furniture_decor,77530e9772f57a62c906e1c21538ab82,PR,46169.4,380
furniture_decor,955fee9216a65b617aa5c0531780ce60,SP,38868.9,535
furniture_decor,cca3071e3e9bb7d12640c9fbe2301306,SP,36095.19,544
furniture_decor,0241d4d5d36f10f80c644447315af0bd,PR,31397.7,246
furniture_decor,391fc6631aebcf3004804e51b40bcf1e,SP,25502.63,333
furniture_decor,710e3548e02bc1d2831dfc4f1b5b14d4,PR,15643.92,79
furniture_decor,79ebd9a61bac3eaf882805ed4ecfa12a,PR,15092.79,143
furniture_decor,82e0a475a88cc9595229d8029273f045,SP,10772.02,78
furniture_decor,bd23da7354813347129d751591d1a6e2,SP,10544.3,90
furniture_decor,7c67e1448b00f6e969d365cea6b010ab,SP,10178.89,91
furniture_decor,5343d0649eca2a983820bfe93fc4d17e,SP,10000.64,111
furniture_decor,5a8e7d5003a1f221f9e1d6e411de7c23,SP,9824.3,157
furniture_decor,31344c16881c08a8a72c6d2eb29918c1,MG,9615.7,43
furniture_decor,624f4ece8da4aafb77699233d480f8ef,SP,8986.0,54
furniture_decor,270297ead4c65a6cd2593960d2af6b21,SP,8666.42,13
furniture_decor,1554a68530182680ad5c8b042c3ab563,MG,8518.21,142
furniture_decor,6edacfd9f9074789dad6d62ba7950b9c,SP,8500.7,123
furniture_decor,6c7d50c24b3ccd2fd83b44d8bb34e073,SP,7845.64,107
furniture_decor,b92e3c8f9738272ff7c59e111e108d7c,MG,7031.89,62
furniture_decor,63b464dbf392c7b80d12d932fa7cafed,SP,6781.0,39
furniture_decor,09f952a5f58d2285b0372551ae8f9b01,SP,6665.0,41
furniture_decor,4a3ca9315b744ce9f8e9374361493884,SP,6560.69,85
furniture_decor,bd4889b5e9133b35b66e42a8665cea5c,SP,6271.9,42
furniture_decor,02d35243ea2e497335cd0f076b45675d,RN,5794.0,16
furniture_decor,903037660cf848a717166eb7a06d616e,SP,5359.06,30
furniture_decor,2a261b5b644fa05f4f2700eb93544f2c,SP,5355.0,82
furniture_decor,0bf0150d5b9d60d9cd2906003332f085,SP,5335.1,57
furniture_decor,3df020b72d3d44b3af9d110fa3940b65,SP,5039.9,101
furniture_decor,b14db04aa7881970e83ffa9426897925,SP,4887.6,96
furniture_decor,30a2f535bb48308f991d0b9ad4a8c4bb,SP,4731.3,87
furniture_decor,eed78ac17f7f795a19a709745f00cd4e,SP,4349.5,56
furniture_decor,ff063b022a9a0aab91bad2c9088760b7,SP,4335.5,49
furniture_decor,c840d3fdbba0790404fdae73d253b253,PR,4313.28,13
furniture_decor,b499c00f28f4b7069ff6550af8c1348a,SP,4307.27,73
furniture_decor,0c8380b62e38e8a1e6adbeba7eb9688c,MG,4300.6,46
furniture_decor,8a32e327fe2c1b3511609d81aaf9f042,SP,4262.53,147
furniture_decor,6fc26fe110feebd80a433e1f012a84f9,SP,4150.87,72
furniture_decor,23613d49c3ac2bd302259e55c06c050c,SP,4065.5,75
furniture_decor,9add47bf45ce8e8c7db6b9cf670b1e09,PR,3729.85,35
furniture_decor,d20b021d3efdf267a402c402a48ea64b,SP,3589.38,101
furniture_decor,575df70bde3f9f2b30bf8d2e9910d725,SP,3391.75,22
furniture_decor,8c3b533c63cca56240f94f1e3a6b18ef,MG,3262.26,7
furniture_decor,5882820ef11c4c068eea0677a7a879b4,RS,3135.5,9
furniture_decor,cac4c8e7b1ca6252d8f20b2fc1a2e4af,SP,3119.37,63
furniture_decor,062ce95fa2ad4dfaedfc79260130565f,RS,3019.7,23
furniture_decor,95f83f51203c626648c875dd41874c7f,MG,2947.55,58
furniture_decor,d6b1ce66b035a475f00c017792ff9769,SP,2913.55,31
furniture_decor,9e6229250fedbe05838fef417b74e7fb,SP,2908.4,16
furniture_decor,fce62094ffe6a4009188ec44e681dfdd,SP,2892.0,8
furniture_decor,8bd0f31cf0a614c658f6763bd02dea69,SP,2875.75,25
furniture_decor,44073f8b7e41514de3b7815dd0237f4f,DF,2775.4,23
furniture_decor,78744a20ee2f80ba64f6804c25def2b8,PE,2715.0,6
furniture_decor,d93844a9c55ba7ce353388bcf849ea56,PR,2708.5,14
furniture_decor,41b39e28db005d9731d9d485a83b4c38,SP,2647.2,36
furniture_decor,244c2f1bff6afe1f2eaf9bfe9b2aed38,SP,2580.0,27
furniture_decor,ccf8813e5a7d6c84d865cd38bfc2b130,SP,2575.6,25
furniture_decor,1ce3ae5a399804d1a87e706f8a813c3e,SC,2563.0,44
furniture_decor,11305281b50fff20ae8bb473f8e11876,MG,2539.23,14
furniture_decor,157c3e4b42f81ac4a44e8b1ca2fe9876,SP,2488.5,27
furniture_decor,c31eff8334d6b3047ed34bebd4d62c36,SP,2387.78,16
furniture_decor,e5a38146df062edaf55c38afa99e42dc,SP,2281.04,24
furniture_decor,f7496d659ca9fdaf323c0aae84176632,SP,2278.59,15
furniture_decor,fffd5413c0700ac820c7069d66d98c89,SP,2233.2,12
furniture_decor,1354d51653f645349064725ed204e85e,SP,2050.0,14
furniture_decor,51702dc2a3e106c76dbff722b5bf0726,SP,2017.2,11
furniture_decor,5b51032eddd242adc84c38acab88f23d,MG,1910.0,9
furniture_decor,9dda5bbacd45e18d6485fee649205d09,MG,1842.7,21
furniture_decor,8ca1551acf9832a4cf467bbbac15851f,PR,1737.4,9
furniture_decor,53e4c6e0f4312d4d2107a8c9cddf45cd,SP,1728.47,34
furniture_decor,c5f7feb04a6a1fb3596322bfc3cf1917,SP,1720.6,11
furniture_decor,a70e9066dbfd10b6b97a3f54a1356762,PR,1716.0,4
furniture_decor,f326006815956455b2859abd58fe7e39,SP,1609.3,25
furniture_decor,715bbd5ba4e6b74cb0d2f29eb45058b0,SP,1602.6,24
furniture_decor,e6a69c4a27dfdd98ffe5aa757ad744bc,SP,1553.14,6
furniture_decor,95e03ca3d4146e4011985981aeb959b9,RJ,1513.6,23
furniture_decor,7722b1df1b0e383e000397b2c11e3e19,SP,1478.14,33
furniture_decor,7dc8c42cc750eeafea6c85712ffee9bf,SP,1473.98,8
furniture_decor,1da366cade6d8276e7d8beea7af5d4bf,MG,1418.19,36
furniture_decor,e8f6dc8e6a1dcde89d20e3995c8d90b3,SP,1395.44,27
furniture_decor,4e7c18b98d84e05cbae3ff0ff03846c2,SP,1345.0,10
furniture_decor,7139dc5186aa238b006e066d8fbab2e4,SP,1329.0,15
furniture_decor,8f78f0903005064036736c7173a5c2ed,MG,1288.4,16
furniture_decor,9b522ba7eae9e1d04082f267144583cc,SP,1259.0,1
furniture_decor,d379f449f2a3b271bc01c0782020f705,MG,1253.86,11
furniture_decor,002100f778ceb8431b7a1020ff7ab48f,SP,1234.5,55
furniture_decor,081acf3de680d554796c9cf041be7bc2,MG,1197.8,7
furniture_decor,537eb890efff034a88679788b647c564,RJ,1194.1,59
furniture_decor,5d3bb11474a06bdc23fb9e89f1164ee0,SP,1182.0,15
furniture_decor,ec4608a1f76453166bb312b2968aeaf4,SP,1181.75,35
furniture_decor,5abb8ea023c77787f2c15da891c8d384,SC,1177.0,3
furniture_decor,dbec9a0a7efeff029d4d9dce7dc4cc95,MG,1170.0,3
furniture_decor,02ecc2a19303f05e59ce133fd923fff7,SP,1158.48,6
furniture_decor,d1b9d4be4b6f9ebd85f8acd6745ba612,MG,1154.35,11
furniture_decor,dbb9b48c841a0e39e21f98e1a6b2ec3e,SP,1147.4,24
furniture_decor,6562efe88ce0826a4ca4f189f03b4b84,PR,1135.9,21
furniture_decor,8185694b58b2ba6de20fd41ae608bbea,SP,1122.3,6
furniture_decor,a3a38f4affed601eb87a97788c949667,SC,1115.3,11
furniture_decor,d12c926d74ceff0a90a21184466ce161,SP,1101.6,24
furniture_decor,e62b2d6ac10570a035a30bafcf01d263,SP,1088.9,11
furniture_decor,f205b1a3ca9a34e0f8a228bae6e4c7b3,RS,1088.0,8
furniture_decor,334cab711dee080b079fa5779b584783,SP,1069.7,26
furniture_decor,f5fea3ffed6c2e889bab72705557c63a,RJ,1059.9,3
furniture_decor,bb5bd94c8f59cc050072d2930c869cac,SP,1049.7,3
furniture_decor,1336efc61c316ddf92c899eb817f7cae,SP,1028.46,25
furniture_decor,ef9952469137ff190bacafe117f51537,MG,1002.66,5
furniture_decor,cb4a705d00e100b9732d0ca34817d441,SC,998.0,2
furniture_decor,3f2af2670e104d1bcb54022274daeac5,PR,973.6,7
furniture_decor,95ec4458365c4d11f452ccf538377619,SP,957.61,13
furniture_decor,3481aa57cd91f9f9d3fa1fa12d9a3bf7,SP,936.07,14
furniture_decor,b335c59ab742f751a85db9c411a86739,MG,920.39,13
furniture_decor,93b9a99027bd8bd6af682aff18dd19bf,SP,915.0,12
furniture_decor,7e3f87d16fb353f408d467e74fbd8014,SP,912.9,13
furniture_decor,2a7dc43cecabf23403078e2188437d1d,SP,908.64,11
furniture_decor,e250d617a0ad591ba9bd663e584a895d,SP,904.12,20
furniture_decor,f1ed6bd0a9b11b581f16c851c6a5a527,RS,891.72,9
furniture_decor,f593898ec748b7a8cb81fc04edafd98a,SP,878.41,9
furniture_decor,6a51fc556dab5f766ced6fbc860bc613,SP,871.8,2
furniture_decor,4830e40640734fc1c52cd21127c341d4,SP,869.62,17
furniture_decor,20cb7c2fde3e5bf10f0bbe7394e1c6a9,PR,861.9,51
furniture_decor,e0a366315b1b726b6c7832d664c0f530,SP,849.69,4
furniture_decor,a0d7fbb07bb5ebc3b05980e750db56f3,SP,848.99,4
furniture_decor,c37b2059d4f90d4feead554e5246565e,SP,839.3,16
furniture_decor,91543f9849d68d023e17194926598543,SC,834.0,6
furniture_decor,a425f92c199eb576938df686728acd20,PR,816.9,14
furniture_decor,52a52b9f656520e99716f5bc40f661c8,SP,783.1,8
furniture_decor,ffad1e7127fb622cb64a900751590acd,SP,777.5,9
furniture_decor,2063dd1b9f568df1c16741ea7d3e6adb,PR,763.1,3
furniture_decor,1da3aeb70d7989d1e6d9b0e887f97c23,SP,754.57,44
furniture_decor,d101c6da914ae3d53f7bee42283f2fe2,SP,746.1,9
furniture_decor,5bba18b40e8c973b0f32e748004775b0,SP,739.98,1
furniture_decor,066a6914e1ebf3ea95a216c73a986b91,PR,719.08,12
furniture_decor,05730013efda596306417c3b09302475,SC,714.0,3
furniture_decor,4a1f694197d05fe70026b016a7316b41,SP,707.81,19
furniture_decor,df560393f3a51e74553ab94004ba5c87,PR,703.08,10
furniture_decor,39d61be7a92eb77b7da367bd4845bc0e,SP,700.59,14
furniture_decor,5b179e9e8cc7ab6fd113a46ca584da81,SP,681.8,3
furniture_decor,2199e7fe213c16213bf5d6a7eadc9a5d,SP,677.8,9
furniture_decor,f7720c4fa8e3aba4546301ab80ea1f1b,PR,643.8,33
furniture_decor,cb5df0dcb9e280b1780e9d589889f2c7,SP,639.88,3
furniture_decor,1b8356dabde1d35e17cef975c3f82730,SP,631.85,15
furniture_decor,ca3bd7cd9f149df75950150d010fe4a2,SP,631.0,4
furniture_decor,49e7217cfe4e427191c378ec626d8737,MG,629.9,1
furniture_decor,3c3017960b2dbd72711a61f0400aab8f,SC,629.3,7
furniture_decor,9baf5cb77970f539089d09a38bcec5c3,SP,613.96,4
furniture_decor,b2ba3715d723d245138f291a6fe42594,SP,605.4,6
furniture_decor,21e83881401b92b49fb09a16d3852291,MG,599.95,5
furniture_decor,119d1aef1b4144adba89163f6cd9f5d4,SP,596.0,2
furniture_decor,0a85ebe4e328db81ac9109781205e2f7,SP,588.0,11
furniture_decor,4ebdc7e6cd6102a022dadc49156d4ea8,SP,583.7,19
furniture_decor,0adac9fbd9a2b63cccaac4f8756c1ca8,SP,583.2,9
furniture_decor,c6218512d16fcac0af02fe92691cf274,MG,570.0,6
furniture_decor,6dc9bec584588412a6a338830946a3e4,SP,560.0,2
furniture_decor,eb9cd5b35d95206585e2185318cb5c61,SP,550.0,3
furniture_decor,17ca9b9e9b9ef8fdb529001b49ebb50f,MG,549.67,11
furniture_decor,8d899e15a5925f097cca50faa49b15e3,SP,546.0,9
furniture_decor,08d1c9478fb0d7d7fcac9c0da4e82fc7,MG,538.0,1
furniture_decor,3ade81dab5a172b88e1871c28ae05260,SP,537.0,3
furniture_decor,866558b3bccef2dbc6d29a2b5995016f,PR,519.5,5
furniture_decor,64cc804291f90c81f02bfc2bb58ff55a,PR,517.6,2
furniture_decor,2a1348e9addc1af5aaa619b1a3679d6b,MG,512.4,16
furniture_decor,f650a9708fa1bab22bdd8d3a818cc415,SC,507.75,5
furniture_decor,e59e489e2ea74bd409b798b5daf49de3,PR,495.0,5
furniture_decor,b1a81260566c1bac3114a6d124413f27,RS,479.2,8
furniture_decor,ffdd9f82b9a447f6f8d4b91554cc7dd3,PR,474.6,3
furniture_decor,dc4a0fc896dc34b0d5bfec8438291c80,SP,472.3,7
furniture_decor,bb135baca94c82fcb731335ad5b04a03,SP,462.4,29
furniture_decor,ab3e0c171fe84a7ba7de130f19cfb485,PR,459.47,5
furniture_decor,dd88d13bea9e4c2bf47daf224f8141e5,RS,458.0,1
furniture_decor,e5899683388855d3dabe8913bbe365de,SP,452.88,3
furniture_decor,2cb6eb1b7185064167657fa09f541105,MG,437.6,3
furniture_decor,9198786624eaeb375793215cad26cfa6,SC,431.0,3
furniture_decor,3078096983cf766a32a06257648502d1,SP,419.97,3
furniture_decor,6d7f8d9d594e28796b6b3205b00f459c,PR,417.9,3
furniture_decor,bd149ed516d4c5d418d5781f8e18919f,SP,414.0,9
furniture_decor,4a23adac87cf538689fa600d976f78b2,SP,405.0,3
furniture_decor,ed9eef5be0992d413d251fadba1a410d,SP,404.1,9
furniture_decor,dd2bdf855a9172734fbc3744021ae9b9,MG,399.7,3
furniture_decor,d263fa444c1504a75cbca5cc465f592a,SP,399.0,1
furniture_decor,c52c644cc0dc85121207a27013efc6af,MG,397.8,2
furniture_decor,62760d278921b5f352461620d68a9cee,SP,397.0,3
furniture_decor,5058e8c1e82653974541e83690655b4a,SP,379.95,4
furniture_decor,b1aaae6b66ad3c40f54b389d7ea4bee0,SP,374.0,4
furniture_decor,6e0908ef4d4efadbc3cc2b74ea477cb0,RJ,373.7,7
furniture_decor,51209b446b2073894bdc0face6c73ffc,ES,359.6,4
furniture_decor,98115075dd26cb8835946fc6086f5d30,SP,345.97,3
furniture_decor,a53f60f05f822b5c621a50ff6a5cb362,MG,345.5,5
furniture_decor,62c50c1af4dfdc4149d25c5222043d39,SP,342.88,3
furniture_decor,2a73cba571d90c694b7caca072ccf6ce,SP,342.78,2
furniture_decor,b5abf4f36adc043117b4fca82c22984c,DF,339.8,2
furniture_decor,c42fd8e4d47dfb18ce5222f2dd7752f9,SP,328.0,9
furniture_decor,dfc5fb7259bb2b599ca565e6e9448f0f,SP,324.88,3
furniture_decor,08d0949a9a17c027262db1f3c450c26c,PR,324.8,12
furniture_decor,3fac58ce0ad699020c7944d53c41329c,SP,317.75,6
furniture_decor,1acde099eb406aa220b1169b188b42da,SP,311.1,10
furniture_decor,6d2f2e3b539480db1e0842b3a4e32e6e,SP,305.96,6
furniture_decor,2b3b9ce054da76a7428df143a567b156,SP,301.0,6
furniture_decor,c7a0a13cbcf29d5ce51c8f80afdc0b89,SC,299.98,2
furniture_decor,f00f5b35d0abcacbdd863672f4bb2c1a,SP,299.0,1
furniture_decor,d94a40fd42351c259927028d163af842,MG,298.0,4
furniture_decor,8b28d096634035667e8263d57ba3368c,SP,297.45,5
furniture_decor,55c96925041a14097b6a7825554f4ad5,SP,294.8,10
furniture_decor,e83e93b71371817b11d78a63ff156aee,SP,286.0,3
furniture_decor,a7f13822ceb966b076af67121f87b063,SP,281.92,2
furniture_decor,8fff28c4263ddec387f28d237fb42773,SP,280.8,2
furniture_decor,19a7c9f66ffa6452ff4b4c0cca71da27,PR,279.0,1
furniture_decor,de66a66f2dd06bb9ec37aa96987466a3,RJ,275.34,6
furniture_decor,184a67a8f9f63234d3a92340bbdb727f,SC,268.66,11
furniture_decor,3076499bbc033a927bf4a8a41bcf7fd4,SP,259.53,7
furniture_decor,7299e27ed73d2ad986de7f7c77d919fa,MG,249.99,1
furniture_decor,ba89796db68db180bd389de96b2ff3b6,SP,249.9,1
furniture_decor,4b90495391ac0bd181a80a459df1e718,RS,248.0,1
furniture_decor,422be4cc81a457fdb46f47edeb968ae5,SP,239.9,1
furniture_decor,87142160b41353c4e5fca2360caf6f92,RS,239.7,3
furniture_decor,d1a5cc844736958c11b8efab9a2b4c87,PR,237.6,1
furniture_decor,b1204cfda1d4948679db3cfc0d3cb95c,SP,232.8,2
furniture_decor,42b729f859728f5079499127a9c2ef37,SP,232.5,5
furniture_decor,c731d18cea9bf687ffee82a241c25b11,SC,230.0,1
furniture_decor,a36ac007a4d18f865c8d32c3b2402c2d,SP,219.98,2
furniture_decor,edf3fabebcc20f7463cc9c53da932ea8,SP,219.9,1
furniture_decor,37ceb404da208418c9032f0674e57804,SP,204.93,3
furniture_decor,252e76235acb79183cfca6e34f13337d,SP,204.0,3
furniture_decor,8603f0038fe0e52fedd3382d266723de,SC,200.0,1
furniture_decor,4e2627090e6e5b9fabba883a37897683,MG,199.5,5
furniture_decor,52f6f9f13ba19504c02781132a049e75,PR,199.0,1
furniture_decor,a478c7961d6a992065b24e63b366f90b,SC,199.0,1
furniture_decor,586a871d4f1221763fddb6ceefdeb95e,RS,198.0,2
furniture_decor,3be634553519fb6536a03e1358e9fdc7,SP,196.69,5
furniture_decor,f27e33c6d29b5138fa9967bcd445b6d5,SP,194.7,3
furniture_decor,b5f49fe968dff6b112861e6cd8e192ef,PR,194.7,2
furniture_decor,299c89a525fee36c567f4fe72f038100,CE,189.0,1
furniture_decor,686886775c8f6b1191c7b953fb52708c,SP,189.0,1
furniture_decor,38102b031c2a15e54623d711bfc753d3,CE,187.0,5
furniture_decor,d197aa8fbc64087f61984deef05f6227,SP,185.42,3
furniture_decor,4e922959ae960d389249c378d1c939f5,SP,184.0,3
furniture_decor,50bf89f1349bc0409a268c3a49678009,SP,179.9,1
furniture_decor,f8e2c1b59cd4225a3e4fd0d013a76b93,SP,179.8,2
furniture_decor,dcf3755cefcdc158ad0b7bdde51e871b,RS,179.8,2
furniture_decor,7040e82f899a04d1b434b795a43b4617,SP,179.8,2
furniture_decor,71593c7413973a1e160057b80d4958f6,SP,179.7,3
furniture_decor,1976a05ecf2996d6ffb7b5430e635fe7,SP,179.4,3
furniture_decor,0bae85eb84b9fb3bd773911e89288d54,SP,178.8,2
furniture_decor,aae5953b9edddf14749c0d65d60eb4b9,MG,173.0,2
furniture_decor,d93919c944be9cff128f6c9cb899eacb,SP,169.9,1
furniture_decor,7ade73f1b9b4e965f9009a4c3a7e2c15,SP,164.9,2
furniture_decor,87f3e35268860433e13d577825aada95,SP,161.7,3
furniture_decor,fc6295add6f51a0936407ead70c1001d,SP,160.0,4
furniture_decor,aa2640d851ec322526f1295bbeb20092,SP,159.98,2
furniture_decor,cf2384dd2f1dddea3f838efed0945e65,SP,159.9,1
furniture_decor,f1ce5fdecd64935c28b9ff932751d0dc,SP,158.0,2
furniture_decor,e819bcfade7b5d88a27325eb6cfd62c5,SP,155.1,9
furniture_decor,0b09101900100c0e9d312861fad5a1b9,SP,153.75,1
furniture_decor,c3251e13f1bbda6c74e37c160f991e19,SP,147.9,1
furniture_decor,2a7c6c0b0d5efde2bf75ec1e1cec2d41,PR,147.6,3
furniture_decor,782f78b632a43875dd5b53e3e49c9564,SP,146.01,3
furniture_decor,5c853bb56f70f4d14218944bae111d7a,SP,145.23,14
furniture_decor,f3041c2e75ec683697a6a5ea82192210,MG,145.0,1
furniture_decor,4736e9d642ef4257cd7622516931eb51,SP,140.95,5
furniture_decor,1e8c6a4c538f286aee9573239740a4b4,SP,140.2,2
furniture_decor,a89e143d5211473ae18db9577ee34b64,SP,140.0,2
furniture_decor,cfa5ab0e4d3fc212fd0b3410e7081c62,MG,139.99,1
furniture_decor,19d62d484cba71963c93f0f00ab42013,SC,139.9,1
furniture_decor,54aa8463e87776b5612f4bdc4bd5d4de,MG,139.8,2
furniture_decor,26e2e5033827d2ba53929f43e03d8ffe,SP,139.49,1
furniture_decor,5a9b3bcab695173c820e53934574ae80,SP,139.0,1
furniture_decor,f3da5b2ff499efb8d4a6d371d175d7dd,SP,134.94,4
furniture_decor,da6a60cc8cc724fe51be021ff8be779c,RJ,134.7,3
furniture_decor,939f6e231201f26803cb5c3a3d2940b3,SP,130.6,4
furniture_decor,e4fc40017a6d22c46a14ac2e17f87c3e,PR,129.0,1
furniture_decor,c878515173c84a492ebe50d6b493230b,PR,127.98,2
furniture_decor,fd386aa7bed2af3c7035c65506c9b4a3,SP,122.8,6
furniture_decor,bba8d0c234a52b87b3957037a215d1a4,GO,120.0,1
furniture_decor,b9a03475e6447e631b6799ec8274800f,PR,120.0,2
furniture_decor,89f69225956f951295ca4c7fb1266553,RJ,120.0,1
furniture_decor,e09887ca8c7bf8a4621ce481820414ef,SP,119.96,4
furniture_decor,d1aa1ec0839dcab73a6161130eb1f94a,PR,119.9,1
furniture_decor,63b9ae557efed31d1f7687917d248a8d,SP,119.5,5
furniture_decor,f12d3c2a14729ae461b920c11fe20fdc,SP,117.0,6
furniture_decor,ad273c9eb54ecb4532de4bf75bae9e4e,PR,115.0,1
furniture_decor,b76a1f8356322f12529c37b67d5c96c2,SP,114.9,1
furniture_decor,2c9005d8043aff18b8557ffb7b13cda4,ES,109.9,1
furniture_decor,4e42581f08e8cfc7c090f930bac4552a,SP,109.0,1
furniture_decor,f2336e113377dd21c744d9c4fc8293a9,SP,105.0,1
furniture_decor,762ed976527cddf02787edba70fffa2a,PR,100.0,2
furniture_decor,670a9dda115b5a88b18cfadee8de2332,SP,99.9,1
furniture_decor,b57e8460909fa137df7951b4a3b5ea84,RS,99.0,1
furniture_decor,0b3f27369a4d8df98f7eb91077e438ac,SP,98.67,1
furniture_decor,18a349e75d307f4b4cc646a691ed4216,SP,96.0,3
furniture_decor,7a073a40a9d3f1fee8bc45670ea1e909,PR,95.0,1
furniture_decor,443d880f15cbd3572885e1d44bf2c478,SP,94.8,2
furniture_decor,ae8bfdbf1c2a2a2dee92d799db0a31c6,PR,89.99,1
furniture_decor,a72f15980dc3e9bfd1a49ac9b2f3af65,SP,89.9,1
furniture_decor,3092c0b297aacfb4bb6e056ebe13b9b8,SP,89.8,2
furniture_decor,e63e8bfa530fb16910dd6956e592bb81,SP,89.7,3
furniture_decor,79565f7d5603b24ddf07ade262547f2f,SP,89.0,1
furniture_decor,0bfd0b434243adc5c2e1aa6baf19c6aa,RJ,84.9,1
furniture_decor,dfa0c4c6229ab200a4a1336b4d7128ff,SC,84.0,2
furniture_decor,324583d68897f5ddbaf38f6248322176,SP,84.0,3
furniture_decor,61f159ef6da2d441951d2c0efa719362,ES,79.99,1
furniture_decor,bd4ff04377f974574f7f0bf9d6ce7dde,SP,79.98,2
furniture_decor,0f519b0d2e5eb2227c93dd25038bfc01,SP,79.9,1
furniture_decor,f09e26011d833ddab11593c1a097a92a,SP,79.9,1
furniture_decor,822166ed1e47908f7cfb49946d03c726,RJ,78.68,7
furniture_decor,61b893c57e33626afb104d4112b1be76,MG,74.99,1
furniture_decor,df47da4ae86fa4db890d05aaf24e21d8,SP,74.9,1
furniture_decor,06579cb253ecd5a3a12a9e6eb6bf8f47,SP,74.9,1
furniture_decor,994f04b3718c2bab35c2adfa8afecd2a,SP,73.8,2
furniture_decor,eb5b6204dde3a6e03b5f1bb8479f055b,SP,73.8,2
furniture_decor,d4d99b60c4c94cd35acd502cec65dc8d,SP,72.9,1
furniture_decor,827f8f69dfa529c561901c4f2e0f332f,PR,70.5,2
furniture_decor,e9c2dc0dd4ac38448289be644ac94f42,SC,69.9,1
furniture_decor,7fdb0720c8d7c9075538b365dc8c3a22,PR,69.0,1
furniture_decor,373ee4a3a775a733770ca3f790b8b9ac,RJ,68.41,2
furniture_decor,eec3469d83e142f9a104886655338c37,SP,65.8,3
furniture_decor,ad738d3fcf42655ed15c4960b7b6c601,RS,65.0,1
furniture_decor,0be8ff43f22e456b4e0371b2245e4d01,SP,64.9,1
furniture_decor,f049a72cf58fd31b11f8919cade515e7,SP,62.5,1
furniture_decor,26562f211dd1364af2a8596dc945e8ae,SP,62.0,1
furniture_decor,8a87611c08849ffeeccab52aa798b6c7,PR,60.0,1
furniture_decor,8fb67a334bacec338885b4e9e1708073,PR,59.9,1
furniture_decor,0ee4fb99ac55ffbbc98795aa01b7f8fa,SP,59.9,1
furniture_decor,4e17c65a516f69d023a2ae78b84f28d6,SP,59.0,1
furniture_decor,612a743d294c27884fb7b80d2b19ba35,PR,57.8,2
furniture_decor,f9ec7093df3a7b346b7bcf7864069ca3,SP,57.0,1
furniture_decor,57c764b4a836300be881e2ff86e449f9,SP,54.9,1
furniture_decor,3db66a856d18a9cba7c9241fc5221c50,MG,52.8,2
furniture_decor,4d8809767a5bafe22909c77951fb6b41,SP,50.0,1
furniture_decor,3504c0cb71d7fa48d967e0e4c94d59d9,SP,49.98,2
furniture_decor,aac29b1b99776be73c3049939652091d,MG,49.96,4
furniture_decor,1b61fb1f0f2185d89e9a126c498e9cc7,PR,49.7,1
furniture_decor,2d50d6282f8aa2257819a77bfaa0efe0,SP,49.0,1
furniture_decor,c963a25b8671419c6ce9eebe8fd03218,RJ,49.0,1
furniture_decor,ae9690c6e8fee182c28c9ff8e11ca52c,SP,47.4,1
furniture_decor,3968920b9aa752ab98f7d5888c9252f2,SP,46.0,1
furniture_decor,e06f09ec0a4aca210779cf1cfc63cf19,SP,45.9,1
furniture_decor,7210cd29727d674c00741e5e387b3ccd,SP,45.8,2
furniture_decor,6806dad1da97bfb5a9038eac6881f706,PR,45.0,1
furniture_decor,70ee69419916dc13e3aed619061f996c,SP,45.0,1
furniture_decor,3338e7a0710a195872be80e0d2423867,SP,45.0,1
furniture_decor,9c351405b754cc5ce3e2ecf277bb034a,SP,45.0,1
furniture_decor,5415337f1863452476d42d9f14a16a61,MG,44.9,1
furniture_decor,cad9969167c09b48ae6f1d123f7fa68d,MG,43.2,2
furniture_decor,0692610d8abe24f287e9fae90ea0bbee,SP,43.0,2
furniture_decor,df683dfda87bf71ac3fc63063fba369d,RS,39.9,1
furniture_decor,2f4b9d112bfa44a214bc6cef085d17c8,ES,39.29,1
furniture_decor,634964b17796e64304cadf1ad3050fb7,RJ,37.9,1
furniture_decor,9200e6ce317b67196b6b0bad4d4bd567,RJ,36.9,1
furniture_decor,36a968b544695394e4e9d7572688598f,SP,36.9,1
furniture_decor,d29ba1220fb8634fa3a107e54497b8a4,SP,34.99,1
furniture_decor,2f74af7a0ee5636f12c2336f9fffed47,SP,34.9,1
furniture_decor,2078fe5066350e7d220c0ad3a3bbc6c1,PR,29.9,1
furniture_decor,33d677f27a69b84051204ee4ae76eaca,SC,29.8,2
furniture_decor,0336182e1b3e92f029d5354832045fdf,SP,29.8,2
furniture_decor,9996ae921c50e8dff411ac69c0b4bb8b,SP,29.7,3
furniture_decor,80146bc52c4f6af5239b23de2a20262b,SP,27.1,2
furniture_decor,ffc470761de7d0232558ba5e786e57b7,SP,25.9,1
furniture_decor,7d456afc660226829370f3173d14520c,SP,25.0,1
furniture_decor,1127b7f2594683f2510f1c2c834a486b,SP,24.89,1
furniture_decor,43753b27d77860f1654aa72e251a7878,BA,23.9,1
furniture_decor,bec568278124768c474ee90971ca94d1,SP,20.9,1
furniture_decor,0d33a55da925bbf1ff02af5f6059fc7f,SP,19.9,1
furniture_decor,bac44fa8e13424950488659b5f765c41,SP,19.9,1
furniture_decor,da8622b14eb17ae2831f4ac5b9dab84a,SP,19.9,1
furniture_decor,ad8b531ae67582f096925cff5630d0d1,PR,19.3,2
furniture_decor,6c77cd583b36a13aacccf2b3ee23e233,SP,18.9,1
furniture_decor,13e85aac53340018b40c2af68001b7e0,SP,17.8,1
furniture_decor,adcf50477d6a1f5d91bb9d54c4903cb5,MG,17.46,2
furniture_decor,c3e2398fcc7e581cda2e546557bf6968,SP,14.9,1
furniture_decor,508808d438fe2ff972ed13bb8f4a82e2,SP,10.89,1
furniture_decor,8e6cc767478edae941d9bd9eb778d77a,MG,7.12,1
furniture_living_room,1554a68530182680ad5c8b042c3ab563,MG,18379.71,89
furniture_living_room,701938c450705b8ae65fc923b70f35c7,SP,11341.46,106
furniture_living_room,1da366cade6d8276e7d8beea7af5d4bf,MG,5303.6,11
furniture_living_room,8b9d6eec4a7eb7d0f9d579ce0b38324d,RJ,4162.55,52
furniture_living_room,08cdbae123ff67ca4e36d9d641ce0119,MG,3098.99,6
furniture_living_room,ae7ab174effdead6c241e547e4ca13f0,PR,2778.6,7
furniture_living_room,cfa5ab0e4d3fc212fd0b3410e7081c62,MG,2294.93,7
furniture_living_room,870d0118f7a9d85960f29ad89d5d989a,MG,2202.1,52
furniture_living_room,cf2384dd2f1dddea3f838efed0945e65,SP,1941.6,15
furniture_living_room,e2aee0892199b1d92530e371abd825bf,PR,1636.44,5
furniture_living_room,7c67e1448b00f6e969d365cea6b010ab,SP,1609.65,16
furniture_living_room,1dcfa3835714681d4ba4a93bc1e0fd41,SP,1278.5,15
furniture_living_room,2d378dbb39815785238c0139c7647fb7,SC,1154.0,2
furniture_living_room,f1b93673502375d491780bb49d615dbc,SP,1097.79,3
furniture_living_room,cb5df0dcb9e280b1780e9d589889f2c7,SP,935.94,6
furniture_living_room,5058e8c1e82653974541e83690655b4a,SP,673.86,14
furniture_living_room,fde0cc9ea29c8ccfc0a2c22256a58c71,PR,645.0,5
furniture_living_room,44073f8b7e41514de3b7815dd0237f4f,DF,628.7,7
furniture_living_room,8f78f0903005064036736c7173a5c2ed,MG,591.6,2
furniture_living_room,099095b050cfe8eb1ddff5317587e96e,SP,529.99,1
furniture_living_room,5b0cc932433fa5184b5b94bfe6bcc256,SP,437.8,6
furniture_living_room,67bf6941ba2f1fa1d02c375766bc3e53,PR,417.0,3
furniture_living_room,723cd880edaacdb998898b67c8f9da30,SP,399.96,4
furniture_living_room,70849ca4f400aaabb62cb7462a6f1428,MG,379.77,3
furniture_living_room,7994b065a7ffb14e71c6312cf87b9de2,ES,367.2,5
furniture_living_room,9add47bf45ce8e8c7db6b9cf670b1e09,PR,359.0,2
furniture_living_room,97e4a63591ca439a2b8b7efd20e6e19e,RJ,349.95,5
furniture_living_room,7fdb0720c8d7c9075538b365dc8c3a22,PR,300.0,4
furniture_living_room,4d6fb82c629c7a5028bfd973c07b05e0,MG,278.0,2
furniture_living_room,6e4f5ff6b086632ba8dcb558fb10249e,RS,272.9,1
furniture_living_room,2d9e8987a2ea5cf88dce330249043ff1,SP,239.8,2
furniture_living_room,b92e3c8f9738272ff7c59e111e108d7c,MG,219.8,2
furniture_living_room,5abb8ea023c77787f2c15da891c8d384,SC,212.0,2
furniture_living_room,3be634553519fb6536a03e1358e9fdc7,SP,199.87,4
furniture_living_room,53e4c6e0f4312d4d2107a8c9cddf45cd,SP,185.99,1
furniture_living_room,2235cf78d3e2073a88146a9cb60f0dd0,SP,178.99,1
furniture_living_room,a0a14e50070f3225b3eabba5b85da517,PR,176.2,4
furniture_living_room,dbd66278cbfe1aa1000f90a217ca4695,SP,161.6,3
furniture_living_room,aac29b1b99776be73c3049939652091d,MG,143.9,2
furniture_living_room,c747d5b92c7648417faea95d36d763e8,CE,139.0,1
furniture_living_room,4c8b8048e33af2bf94f2eb547746a916,SP,109.9,1
furniture_living_room,3969863bb8af7f72580b3b1ffd3a17b3,SP,108.98,2
furniture_living_room,a7f13822ceb966b076af67121f87b063,SP,99.96,1
furniture_living_room,99a54764c341d5dc80b4a8fac4eba3fb,SP,89.0,1
furniture_living_room,8a207b6080964f3c1fc9d35bd6096ba4,SP,83.9,1
furniture_living_room,cac876b37d3abcd6bd76caca30277996,PR,82.8,2
furniture_living_room,d9442042130b7fe579d1295f9f4a248f,SP,82.8,2
furniture_living_room,15aac934c58d886785ac1b17953ea898,ES,80.0,3
furniture_living_room,519a7aa428f18d125a283cf8c014fdd6,SC,79.7,3
furniture_living_room,7fc87cc3e89b3d1d5cabdca32f8485aa,SP,73.8,2
furniture_living_room,fffd5413c0700ac820c7069d66d98c89,SP,66.3,1
furniture_living_room,f593898ec748b7a8cb81fc04edafd98a,SP,65.98,2
furniture_living_room,b499c00f28f4b7069ff6550af8c1348a,SP,59.99,1
furniture_living_room,d2df77822373f19934e87694d8640767,PR,56.9,1
furniture_living_room,75a4764c108403a7a0575140cb22287c,RS,39.91,1
furniture_living_room,2ff97219cb8622eaf3cd89b7d9c09824,SP,32.9,1
furniture_mattress_and_upholstery,00ee68308b45bc5e2660cd833c3f81cc,SP,1860.0,22
furniture_mattress_and_upholstery,f84a00e60c73a49e7e851c9bdca3a5bb,RJ,831.2,10
furniture_mattress_and_upholstery,11305281b50fff20ae8bb473f8e11876,MG,799.98,2
furniture_mattress_and_upholstery,191d55f7edb8524d525ed01b20fe32e8,DF,747.0,3
furniture_mattress_and_upholstery,0be8ff43f22e456b4e0371b2245e4d01,SP,129.9,1
garden_tools,1f50f920176fa81dab994f9023523100,SP,103133.11,1882
garden_tools,a1043bafd471dff536d0c462352beb48,MG,54467.65,425
garden_tools,eeb6de78f79159600292e314a77cbd18,SC,35769.9,68
garden_tools,001cca7ae9ae17fb1caed9dfb1094831,ES,22154.3,212
garden_tools,039e6ad9dae79614493083e241147386,SP,12925.0,5
garden_tools,955fee9216a65b617aa5c0531780ce60,SP,10321.93,65
garden_tools,48162d548f5b1b11b9d29d1e01f75a61,SP,10106.5,41
garden_tools,06532f10282704ef4c69168b914b77be,PR,9625.5,8
garden_tools,81a1104df0f08b59c68aa5b03cfe398e,PR,9420.88,73
garden_tools,d50d79cb34e38265a8649c383dcffd48,SP,8780.66,46
garden_tools,6c12e40690c335dbc2f68a4134d30dc1,PR,8585.0,7
garden_tools,73a63f72308aa20a46f4b1632018f196,PR,6814.15,29
garden_tools,5882820ef11c4c068eea0677a7a879b4,RS,6790.0,5
garden_tools,05feb94f19d094d4b0f9281f0b1d4c99,SP,6727.0,4
garden_tools,a4b6b9b992b46e9ef863637af96e04bc,SC,6639.0,12
garden_tools,1127b7f2594683f2510f1c2c834a486b,SP,6599.73,124
garden_tools,d6b664fa0667064c6d76394e7848d790,SP,6080.0,6
garden_tools,dfc5fb7259bb2b599ca565e6e9448f0f,SP,5799.75,31
garden_tools,ff063b022a9a0aab91bad2c9088760b7,SP,5521.0,45
garden_tools,c9a06ece156bb057372c68718ec8909b,DF,4560.0,12
garden_tools,9df5750209b83567ec144eb299d7d634,RS,4451.0,9
garden_tools,f680f85bee2d253556ac91be391d2c82,SP,3878.44,21
garden_tools,d91fb3b7d041e83b64a00a3edfb37e4f,SP,3776.8,13
garden_tools,23a0ffca143a15b9b5bbdb7d552f626a,SP,3668.52,23
garden_tools,79ed755314cfe6df0daef2c6cd3022cd,SP,3507.8,22
garden_tools,f2336e113377dd21c744d9c4fc8293a9,SP,3458.0,3
garden_tools,23c38debaffe4a25a30fdbd9b586a13f,SP,3368.73,33
garden_tools,2fdde51ad3e12f297da656d4fbd5d0b5,SC,3272.0,8
garden_tools,21e83881401b92b49fb09a16d3852291,MG,2988.1,10
garden_tools,17e34d8224d27a541263c4c64b11a56b,SP,2973.43,17
garden_tools,df560393f3a51e74553ab94004ba5c87,PR,2958.1,19
garden_tools,7901646fdd36a55f564ffaf2dbccaaf7,RJ,2957.0,14
garden_tools,e26901d5ab434ce92fd9b5c256820a4e,SP,2827.1,79
garden_tools,1444c08e64d55fb3c25f0f09c07ffcf2,BA,2749.0,1
garden_tools,7bac63f6603d382cc8d0832eb6c100a8,SP,2668.99,6
garden_tools,be9a160a9011f627c3e121d076c1ec7b,SC,2664.0,6
garden_tools,acadd4d36859671cb635527c6c977533,SP,2373.0,11
garden_tools,d379f449f2a3b271bc01c0782020f705,MG,2261.7,7
garden_tools,02ecc2a19303f05e59ce133fd923fff7,SP,2051.77,9
garden_tools,082e0bf4cb865a6533b1e8e498cc0255,SP,1993.4,22
garden_tools,1771297ac436903d1dd6b0e9279aa505,SP,1758.38,7
garden_tools,903037660cf848a717166eb7a06d616e,SP,1738.5,25
garden_tools,94e93ce877be27a515118dbfd2c2be41,SP,1729.9,7
garden_tools,e99e927c81e3f51739c94fcdfca9f10f,MG,1628.13,16
garden_tools,989becdce12ebc39863c2bceab6f3ca1,PR,1622.98,5
garden_tools,a4bd6e9adf39b63f43dc545d3ca1f53d,RJ,1548.79,3
garden_tools,f8db351d8c4c4c22c6835c19a46f01b0,SP,1520.9,51
garden_tools,f918546be4bec7104d117789ba758b2b,SP,1483.0,23
garden_tools,282f23a9769b2690c5dda22e316f9941,MG,1482.7,24
garden_tools,bc302730ea8cf49b5c74f579febb5bbf,SP,1478.99,2
garden_tools,d7827b2af99326a03b0ed9c7a24db0d3,SP,1455.0,1
garden_tools,2156f2671501a81034d7d07f217609d0,SP,1397.7,5
garden_tools,2f73e04d12cdf0c945ded66bb3fcf6c7,ES,1359.0,3
garden_tools,5d9f3746e112e696f98ea22c56b3e912,SP,1322.64,1
garden_tools,c8417879a15366a17c30af34c798c332,SP,1187.3,20
garden_tools,276677b5d08786d5dce7c2149dcce48b,MG,1174.3,7
garden_tools,4978a02ea9c8be7a9b5480680f40334e,SP,1170.75,5
garden_tools,5fd924b4836098a5be0ecf81ba054ce0,SP,1148.8,8
garden_tools,a36ac007a4d18f865c8d32c3b2402c2d,SP,1139.8,7
garden_tools,626ab1cd96932367f0eeec2e47046c12,SP,1120.0,2
garden_tools,8a87611c08849ffeeccab52aa798b6c7,PR,1093.8,8
garden_tools,71dc18fd8cbf5fd77f45dd8b427abb34,PR,1080.0,9
garden_tools,03a2a6dcbe45d639c4dc2a0d24769c40,SP,1078.41,9
garden_tools,3d8fa2f5b647373c8620330c4e077a9f,SP,1070.85,17
garden_tools,b18871c324516afa228a13e8f1ef0ae9,SP,1064.6,23
garden_tools,b7d5b4b87af9d42b601865d3f3810bff,SC,1049.0,2
garden_tools,b14db04aa7881970e83ffa9426897925,SP,1011.0,15
garden_tools,dff87e4de60c9736ce8df835951b09bc,SP,998.0,2
garden_tools,b6e1504972665f739dec4facb9943775,SP,955.78,5
garden_tools,f9244d45189d3a3605499abddeade7d5,SP,949.96,4
garden_tools,cfa5ab0e4d3fc212fd0b3410e7081c62,MG,935.94,6
garden_tools,e9729944ba65dc3ce425e0c5a22ae7b2,RJ,916.7,4
garden_tools,d1c7fa84e48cfa21a0e595167c1c500e,RS,884.9,6
garden_tools,8a9260f2b0340411d6d2a56bcf4f7378,MG,873.0,2
garden_tools,5b67882648febfb6e1225e6ad7164f6b,PR,819.98,2
garden_tools,5996cddab893a4652a15592fb58ab8db,SP,810.0,1
garden_tools,56642bcb79900e777d68e91915cb4267,SP,787.72,26
garden_tools,9535a841eecebed61a9fb1ac1cbb5597,SP,784.9,2
garden_tools,71592660bbcb6a4664e97b6f8b68babc,SP,766.32,2
garden_tools,0b36063d5818f81ccb94b54adfaebbf5,SC,765.0,15
garden_tools,a23266650e7c84bb93fbbba502137478,RS,753.5,5
garden_tools,51e4e89242cbb846c2deff3dc015650e,RS,750.58,14
garden_tools,efff9341f3f8f5237b44ff67ed36a7bf,ES,697.0,3
garden_tools,e5a38146df062edaf55c38afa99e42dc,SP,692.89,8
garden_tools,1b4c3a6f53068f0b6944d2d005c9fc89,SC,674.6,4
garden_tools,45ba18c210d42734ec52c0c1c574e9ee,SP,672.7,12
garden_tools,2c43fb513632d29b3b58df74816f1b06,MG,664.0,1
garden_tools,f7720c4fa8e3aba4546301ab80ea1f1b,PR,632.35,22
garden_tools,44073f8b7e41514de3b7815dd0237f4f,DF,624.16,7
garden_tools,259f7b5e6e482c230e5bfaa670b6bb8f,SP,610.3,9
garden_tools,3d39fbf22a665714baf62fae36029e23,SP,599.8,2
garden_tools,014c0679dd340a0e338872e7ec85666a,MG,589.0,1
garden_tools,bbad7e518d7af88a0897397ffdca1979,SP,584.32,14
garden_tools,f524ad65d7e0f1daab730ef2d2e86196,RS,578.0,2
garden_tools,aac29b1b99776be73c3049939652091d,MG,577.05,45
garden_tools,e9511df20ccd82658a30c37b7fb343af,SP,566.4,8
garden_tools,a3a38f4affed601eb87a97788c949667,SC,519.82,9
garden_tools,f19516b9ff26bfeb091b30108db4ddbd,SP,519.0,1
garden_tools,cb6c9f5888a7a090c75beaf615925792,ES,510.56,7
garden_tools,8629c241b3622ac12cd4118afdc8d394,SP,495.3,5
garden_tools,7816cd9c5b1238e320545f5bf7eb80e8,SP,489.0,1
garden_tools,80e6699fe29150b372a0c8a1ebf7dcc8,PR,475.6,4
garden_tools,feb793c88d836c3a75efa4b5a3465d70,SP,466.0,1
garden_tools,d1ef48b38baca7e831711c4a0aeb398f,PR,463.76,8
garden_tools,a5bff0f43eb51f0cad7c37fac7244c8a,SP,445.0,5
garden_tools,70eea00b476a314817cefde4aad4f89a,SP,444.5,5
garden_tools,0bb738e4d789e63e2267697c42d35a2d,SP,443.6,14
garden_tools,f63d8f293af3a6454377546bd9dd19ff,SP,425.88,12
garden_tools,f67efa3f0b6761102a7f8c6b7b571f5d,PR,411.96,4
garden_tools,a35124e2d763d7ca3fbe3b97d143200f,SP,411.5,7
garden_tools,6989574bd97d9773f10d232b6c07da59,PR,409.9,1
garden_tools,8bb48dc19fccaa8613b6229bf7f452a2,SP,397.2,8
garden_tools,ffc470761de7d0232558ba5e786e57b7,SP,391.13,5
garden_tools,8936ba0de1073ee888cb3185ae5dc661,SP,389.99,1
garden_tools,57c764b4a836300be881e2ff86e449f9,SP,389.8,2
garden_tools,9fc70243fb26800cba56e8f014797004,MG,388.6,5
garden_tools,c4fb51fb1c5b7c07bc5e67be6e7e8f6e,PR,373.0,2
garden_tools,ac6417315ae5da8f9a38ee11de6f7780,SP,367.0,4
garden_tools,270297ead4c65a6cd2593960d2af6b21,SP,365.98,2
garden_tools,bb7a14e229b1c95156719c3d9552eeee,RJ,352.7,3
garden_tools,4e85b538b0dad58852641540686d0e14,SP,352.08,3
garden_tools,b2ba3715d723d245138f291a6fe42594,SP,349.6,4
garden_tools,160e4f13fd3a64b1b86807be88b5ffb0,PR,349.0,1
garden_tools,d36b07fd3c5088e477a72d1fccfe29d4,SP,328.9,1
garden_tools,6481e96574816ead57975da2c0f6d80d,SP,324.5,1
garden_tools,1b8356dabde1d35e17cef975c3f82730,SP,319.96,4
garden_tools,c611f4ce9ce875bcc063fa97fd4d7d12,SP,319.0,1
garden_tools,9c690ceacd5c66731bf443ea810195cb,MG,311.3,7
garden_tools,3606774ec64634822d78dc2db6d37045,SP,299.8,2
garden_tools,666658b8da8370f30e1f89893b1de5e6,SP,298.0,2
garden_tools,62c50c1af4dfdc4149d25c5222043d39,SP,289.98,2
garden_tools,adbe70ab2c97442046d393988c8d1d27,SP,289.5,5
garden_tools,e628d4a53c109f09ca88098338b3a3f5,MG,285.0,1
garden_tools,ffa6adafb71b807dc13159e26431354c,PR,274.0,2
garden_tools,95e03ca3d4146e4011985981aeb959b9,RJ,268.39,7
garden_tools,9de4643a8dbde634fe55621059d92273,SC,265.93,7
garden_tools,430315b7bb4b6e4b3c978f9dfa9b0558,SP,254.0,1
garden_tools,761681a821d8275bc79f552116d06869,SP,253.73,2
garden_tools,dfc475d54e1b6dbeeb7d7d9bdaa63827,PR,251.51,1
garden_tools,9b522ba7eae9e1d04082f267144583cc,SP,248.6,5
garden_tools,a72c2f59332659e361d647515c698798,RS,246.9,2
garden_tools,16090f2ca825584b5a147ab24aa30c86,SP,239.45,5
garden_tools,8b28d096634035667e8263d57ba3368c,SP,231.2,4
garden_tools,f97e2b0650c2068227e1d366140eb62f,SP,231.0,7
garden_tools,8dfbc5ff27df12f6cef751d3b9554222,PR,226.0,4
garden_tools,36a968b544695394e4e9d7572688598f,SP,224.9,1
garden_tools,3481aa57cd91f9f9d3fa1fa12d9a3bf7,SP,210.0,2
garden_tools,bfd938b22bc99bce1ae60dc602889f52,RJ,209.7,3
garden_tools,643c01d7c56a724bec0454f4780e8a3e,SC,205.55,2
garden_tools,ab27bbbad5239bc31a34709275a70db4,SP,203.4,6
garden_tools,f26d70155c2b6326fcfa1780c8c684e4,SC,202.89,1
garden_tools,a414555ce331b8c8aea4a9cb8395194d,SP,199.96,4
garden_tools,d101c6da914ae3d53f7bee42283f2fe2,SP,191.7,3
garden_tools,5d3bb11474a06bdc23fb9e89f1164ee0,SP,188.8,1
garden_tools,5656537e588803a555b8eb41f07a944b,DF,184.45,5
garden_tools,53e4c6e0f4312d4d2107a8c9cddf45cd,SP,176.0,3
garden_tools,dee656f0f566ed1aa85bd137c943f08f,SP,169.6,4
garden_tools,9674754b5a0cb32b638cec001178f799,SP,165.8,2
garden_tools,b586cd24c010a13916af621b0325fbba,SC,159.0,1
garden_tools,2199e7fe213c16213bf5d6a7eadc9a5d,SP,157.9,1
garden_tools,76d5af76d0271110f9af36c92573f765,SP,157.3,5
garden_tools,9b1ab052f5fca308ba743ac789ebb2e1,PR,154.19,1
garden_tools,9bc484c87d79cd4874e05ca182658045,SP,154.0,1
garden_tools,3be5841cdcc46de4ed3f9116f104b2c5,SP,149.9,1
garden_tools,07bf9669d84d1f11be443a9dd938f698,SP,144.0,2
garden_tools,d9442042130b7fe579d1295f9f4a248f,SP,142.5,5
garden_tools,582d4f8675b945722eda7c0cb61ba4c7,SP,140.68,6
garden_tools,382229d1e840115ffe3dbf5ff460e417,RJ,139.7,3
garden_tools,18a349e75d307f4b4cc646a691ed4216,SP,138.89,1
garden_tools,750303a20e9c56b2a6bc45cdce0b897d,GO,138.6,5
garden_tools,01fd077212124329bac32490e8ef80d9,SP,137.0,5
garden_tools,377bc18334c78dd2f1535ef22a3ad225,PR,135.98,1
garden_tools,e601b04acf48b4576e73ddca9481f0dc,SP,133.09,5
garden_tools,5dc203c7b84a0e71e878a179de05fb9a,SP,132.0,3
garden_tools,f9a02f1922d1de564392e656d82b3fda,SP,125.9,1
garden_tools,bd0389da23d89b726abf911cccc54596,DF,124.8,2
garden_tools,e882b2a25a10b9c057cc49695f222c19,RJ,119.6,2
garden_tools,4e922959ae960d389249c378d1c939f5,SP,114.9,2
garden_tools,ac1ed5fc15901fbc92920361eb4ab350,SP,110.25,1
garden_tools,485452467ff670447e84a8370c3fc898,SC,109.9,1
garden_tools,adcf50477d6a1f5d91bb9d54c4903cb5,MG,108.34,1
garden_tools,941554c5757b73ba0e50aa7732310afc,SP,107.69,4
garden_tools,557f22c76691849db52d2abccf0015d0,GO,103.98,2
garden_tools,6a51fc556dab5f766ced6fbc860bc613,SP,99.9,1
garden_tools,c847e075301870dd144a116762eaff9a,MG,99.9,1
garden_tools,eb72802c83dc7547529c9546d1a9b8ef,SP,89.98,2
garden_tools,888faa8bfb0b159c37de6d898b961c31,SC,89.9,1
garden_tools,2a1348e9addc1af5aaa619b1a3679d6b,MG,89.9,1
garden_tools,6624bc09786f0e41ae48dfc5eeb1a9e2,MG,89.54,1
garden_tools,20fd2d2080ed85fa67fad3fcbb2c1813,PR,85.9,1
garden_tools,c731d18cea9bf687ffee82a241c25b11,SC,84.0,2
garden_tools,8c9348f33ae3dada25c99c99ade2af78,SP,82.99,1
garden_tools,8b321bb669392f5163d04c59e235e066,SP,82.4,6
garden_tools,688756f717c462a206ad854c5027a64a,SP,81.8,3
garden_tools,3969863bb8af7f72580b3b1ffd3a17b3,SP,79.8,2
garden_tools,9d489893ff6af05029671b785f54b998,SP,79.8,2
garden_tools,4a3ccda38b2129705f3fb522db62ca31,SP,72.0,4
garden_tools,0a198e95d32b1be2da9424c962a6ebfa,MG,69.99,1
garden_tools,b0398568231ba5e6734af1881671a317,ES,68.8,1
garden_tools,46ef1a25845fc051c2998d878354810c,MG,68.5,1
garden_tools,76ea5315acb3f5f7ade3cd261faf922a,SP,68.19,2
garden_tools,c9c7905cffc4ef9ff9f113554423e671,SP,65.0,2
garden_tools,56a8b450e802502ba53a9885ee38e29f,SP,62.45,1
garden_tools,4c18691b6037662be2df78a765d98ab5,SP,60.4,2
garden_tools,9c7fd21e0aa159b20da593371f08ff7c,SP,60.0,1
garden_tools,6288c69c4ce638e59925e59193f98b16,SP,59.97,3
garden_tools,f266295f49a28eee21f413e0cbb0521d,PR,59.9,1
garden_tools,2be17df1c49978426251562096c3cc09,SC,59.0,1
garden_tools,20d53aad4fe5ee93a64f8839609d3586,MG,51.9,2
garden_tools,1da3aeb70d7989d1e6d9b0e887f97c23,SP,49.99,1
garden_tools,7178f9f4dd81dcef02f62acdf8151e01,SC,49.9,1
garden_tools,8c3b533c63cca56240f94f1e3a6b18ef,MG,49.9,1
garden_tools,5f1dc28029d2c244352a68107ec2b542,SP,47.5,1
garden_tools,b74d1c09cb380e1d03a6f859c6f4224b,RJ,46.96,4
garden_tools,05a48cc8859962767935ab9087417fbb,SP,42.9,1
garden_tools,05aebce0b5c8f0d41b29b686f2d05fd3,SP,40.0,1
garden_tools,0936e1837d0c79253456bbb2ffaaef10,SP,38.9,2
garden_tools,929f342384a6607afe143d789ade1316,PR,37.5,1
garden_tools,066a6914e1ebf3ea95a216c73a986b91,PR,32.99,1
garden_tools,bd15ee794d5e640d9dd71b665b2ab15b,SP,32.9,1
garden_tools,0bae85eb84b9fb3bd773911e89288d54,SP,32.28,1
garden_tools,2646baaf662d4d92ac48f047e35db92d,SP,31.2,1
garden_tools,54a1852d1b8f10312c55e906355666ee,SP,29.99,1
garden_tools,a09a13f18ed27932d08438aa6f12756e,RS,29.9,1
garden_tools,2aa3443d7bf9d9bb11133f420d75e083,RJ,29.9,1
garden_tools,4305fe92735c8a43d154ff6dd2b8d927,MG,28.8,1
garden_tools,999f6d9a1c7c81f43be44c6b7d076210,SP,28.0,2
garden_tools,960945e1a9535cbc0cd6ddd35fbe7ae8,SP,25.5,1
garden_tools,8f0fbe2cd4d472157dc1cdef6edecaa9,SP,24.88,1
garden_tools,2ea0861cc19e94cad86438c984c52da4,SP,24.6,1
garden_tools,5b33b527da3c5b969cc99dc435cad09a,PR,24.0,1
garden_tools,acb6c2ca5c82411c1fdb88d5fd5eb95e,SP,22.9,1
garden_tools,52f0fe436a347ddad7ed5f9aa4e27eaa,SP,20.9,1
garden_tools,ea65d8b58316a6f2362f2a9e4b3e86ad,SP,14.9,1
garden_tools,6576fd3e23c88f0e5d4d23f39bba0542,SP,14.5,1
garden_tools,15aac934c58d886785ac1b17953ea898,ES,10.0,1
garden_tools,daeb5653dd96c1b11860f72209795012,MG,7.9,1
health_beauty,edb1ef5e36e0c8cd84eb3c9b003e486d,RJ,79284.55,175
health_beauty,ccc4bbb5f32a6ab2b7066a4130f114e3,PR,72471.73,187
health_beauty,f7ba60f8c3f99e7ee4042fdef03b70c4,SP,65817.0,201
health_beauty,cc419e0650a3c5ba77189a1882b7556a,SP,63920.01,1091
health_beauty,04308b1ee57b6625f47df1d56f00eedf,SC,60130.6,94
health_beauty,17f51e7198701186712e53a39c564617,SP,48019.0,61
health_beauty,620c87c171fb2a6dd6e8bb4dec959fc6,RJ,42024.3,414
health_beauty,c70c1b0d8ca86052f45a432a38b73958,SP,36537.37,338
health_beauty,06a2c3af7b3aee5d69171b0e14f0ee87,MA,36408.95,405
health_beauty,5c243662ce92d84573bfaff24c3e3700,SP,31779.05,97
health_beauty,900ba814c251a692506d7834c1218441,SP,29099.69,88
health_beauty,7e1fb0a3ebfb01ffb3a7dae98bf3238d,SP,24630.6,152
health_beauty,a416b6a846a11724393025641d4edd5e,SP,23717.32,177
health_beauty,2a5b78b41cd05baeac8df54c6606b92c,MG,19025.36,60
health_beauty,94144541854e298c2d976cb893b81343,RS,17105.68,71
health_beauty,59fb871bf6f4522a87ba567b42dafecf,SP,16625.9,95
health_beauty,01fdefa7697d26ad920e9e0346d4bd1b,PR,14921.43,131
health_beauty,abe42c5d03695b4257b5c6cbf4e6784e,RJ,13188.0,41
health_beauty,431af27f296bc6519d890aa5a05fdb11,SP,13109.5,125
health_beauty,6e386f64c84e482f0b9abf960797ee1b,SP,12938.3,30
health_beauty,955fee9216a65b617aa5c0531780ce60,SP,11979.6,119
health_beauty,bba3293d6f5d5af2f415e004e8b93ae3,SP,10883.1,16
health_beauty,e9779976487b77c6d4ac45f75ec7afe9,SP,10005.79,177
health_beauty,0df3984f9dfb3d49ac6366acbd3bbb85,MG,9660.09,83
health_beauty,e24fc9fcd865784fb25705606fe3dfe7,SP,9006.0,39
health_beauty,b2ac621f0d0322434d04a12b078b9369,PR,8665.5,28
health_beauty,db2956745b3a8e9f3785c99f34b5d25e,SP,8599.0,48
health_beauty,b18dc380845b24038cfc48006478f099,SP,7963.4,53
health_beauty,ebd2d60905fb58271facef5596b620d3,SP,7941.72,88
health_beauty,e5a38146df062edaf55c38afa99e42dc,SP,7854.78,43
health_beauty,bbf9ad41dca6603e614efcdad7aab8c4,CE,7846.0,14
health_beauty,da8622b14eb17ae2831f4ac5b9dab84a,SP,7819.17,270
health_beauty,44073f8b7e41514de3b7815dd0237f4f,DF,7409.97,49
health_beauty,2e1c9f22be269ef4643f826c9e650a52,SP,7284.88,103
health_beauty,f3b80352b986ab4d1057a4b724be19d0,DF,7185.1,87
health_beauty,679769a98cfcc6da877c8486ff1c13f3,MG,7029.0,21
health_beauty,a63bfbaa882c8f4542891b4e2246cc7f,RJ,6772.0,7
health_beauty,40d54b51e962dbe09cabbcfd33298dee,SP,6616.86,24
health_beauty,dbdd0ec73a4817971d962698f2fea022,CE,6384.0,16
health_beauty,516e7738bd8f735ac19a010ee5450d8d,RJ,6325.79,74
health_beauty,f46490624488d3ff7ce78613913a7711,SP,5802.85,91
health_beauty,57e632711dec9ec14ca7546769483e7e,SC,5661.66,56
health_beauty,d63c73efd41eb002280e7ec831424edb,SP,5598.0,2
health_beauty,916c9de0b5ad957346eeeb12f332687e,PR,5480.25,28
health_beauty,fad44952713764836814be105382aee5,RJ,5129.0,32
health_beauty,f84a00e60c73a49e7e851c9bdca3a5bb,RJ,5118.74,89
health_beauty,6061155addc1e54b4cfb51c1c2a32ad8,SP,4960.0,4
health_beauty,abcd2cb37d46c2c8fb1bf071c859fc5b,MT,4880.22,52
health_beauty,05ff92fedb5be47920fea08e501238b9,RS,4811.56,11
health_beauty,a5cba26a62b8b4d0145b68b841e62e7f,PR,4643.22,29
health_beauty,ececbfcff9804a2d6b40f589df8eef2b,SP,4583.37,69
health_beauty,70a12e78e608ac31179aea7f8422044b,SP,4556.0,44
health_beauty,13fa2a6c6b9d0f43cb588d7c82117a12,SP,4528.0,10
health_beauty,f84fa566034f5e8e880a07ec624c56af,SP,4503.73,91
health_beauty,ad420dd0c4f92f8af951ac24b86d0cf5,MG,4425.29,45
health_beauty,282c7480173bb9c01dd41cc739fec010,SP,4194.3,7
health_beauty,4869f7a5dfa277a7dca6462dcf3b52b2,SP,4173.8,20
health_beauty,bccf933e006e9b94a6184af782963e77,SP,4162.74,46
health_beauty,6ec1a01e866584bb679eb9b098345919,SP,4140.94,29
health_beauty,709e16e2b25c7474d980076c6bfc4806,SP,4040.1,58
health_beauty,bede56095ba33c42038fb85f707b8a42,SP,3973.9,2
health_beauty,b2ba3715d723d245138f291a6fe42594,SP,3960.3,17
health_beauty,b17b679f4f5ce2e03ce6968c62648246,SP,3837.78,56
health_beauty,4e17c65a516f69d023a2ae78b84f28d6,SP,3786.19,32
health_beauty,b1fecf4da1fa2689bccffa0121953643,MS,3669.64,20
health_beauty,8b2492b7ff4468839593fafeed55bad9,RJ,3660.08,45
health_beauty,1eade46fba20122dc4aefb379f8c636b,SP,3635.37,75
health_beauty,8b28d096634035667e8263d57ba3368c,SP,3532.83,69
health_beauty,9b013e03b2ab786505a1d3b5c0756754,SP,3490.48,78
health_beauty,ed46f1eb4a638113deb2a1137b5f22e9,SC,3470.0,4
health_beauty,7178f9f4dd81dcef02f62acdf8151e01,SC,3385.0,61
health_beauty,8476243f92442881ddd5b578975cf115,RS,3373.0,7
health_beauty,beadbee30901a7f61d031b6b686095ad,SP,3199.0,58
health_beauty,b90e891671cffd9557f33a97dc523645,PR,3139.0,27
health_beauty,c9aafcd0621b2207c10e32c649cada4d,SP,2997.25,52
health_beauty,cbd996ad3c1b7dc71fd0e5f5df9087e2,SP,2974.57,86
health_beauty,dd58ee93286b0821565574c570e9e1dc,PR,2948.0,2
health_beauty,fec6275253471ace26d209bbaa64cd0f,RJ,2840.0,10
health_beauty,56642bcb79900e777d68e91915cb4267,SP,2838.0,29
health_beauty,42b729f859728f5079499127a9c2ef37,SP,2818.62,98
health_beauty,11bfa66332777660bd0640ee84d47006,SP,2784.93,54
health_beauty,8f54d64f28a993550aa7943f12572959,MG,2755.5,16
health_beauty,8090490573c6c0aa343a7231ebcb8c86,SP,2750.6,13
health_beauty,458d868c9642f55f18f04e951a3fdde6,RS,2718.0,2
health_beauty,f4aba7c0bca51484c30ab7bdc34bcdd1,SP,2715.29,112
health_beauty,1b7e5006cb25dd23ce8686691013b121,SP,2636.74,11
health_beauty,b494891378bd8f4560abe576c52deacd,SP,2595.2,19
health_beauty,04aba03279157f6d4e0fe8ccaf21963c,RJ,2575.9,16
health_beauty,7ddcbb64b5bc1ef36ca8c151f6ec77df,SP,2441.9,10
health_beauty,d06d019f72a04e5497a0b64190af170c,SP,2415.93,17
health_beauty,36a968b544695394e4e9d7572688598f,SP,2237.2,31
health_beauty,fb89df7f89fd1b8f03fa2acca1ba7364,PR,2220.0,25
health_beauty,b83cedfb587e7911540e3f576d6917ce,SP,2214.96,24
health_beauty,f8db351d8c4c4c22c6835c19a46f01b0,SP,2096.8,22
health_beauty,3bfba5a77604f6dfae7e6dd7aaf65821,PR,2095.5,4
health_beauty,6aa3928696eab49a19a466e665a649fd,RJ,2075.0,22
health_beauty,ef0ace09169ac090589d85746e3e036f,RJ,2066.8,20
health_beauty,9449f25aeaf531019b76999ea49a6949,RJ,2046.45,10
health_beauty,3d2531eccfbde1d7c8db7a3a12fb267a,MG,1999.54,10
health_beauty,bf84056e679dbe9c69929847a40e338f,SP,1953.6,39
health_beauty,4c498c7345e89aebad651544829beca0,SP,1893.35,28
health_beauty,3078096983cf766a32a06257648502d1,SP,1891.45,10
health_beauty,5ab05b6d86d417796c69ffd6774ec832,SP,1886.1,12
health_beauty,e24d3429d294b2eb200b064ebb035879,SP,1878.58,22
health_beauty,b56906f7fd1696e043f1bcce164c487b,SP,1873.29,38
health_beauty,392e0502231ae2f8b29994ef6398cd77,SP,1871.7,20
health_beauty,6df688df543f90e9b38f4319e75a9d88,MG,1839.1,49
health_beauty,ca4b77513ac2040591b0d8fae6958380,SP,1772.45,15
health_beauty,cb810bd318f51b3dc3c753944d61a1fa,RJ,1750.0,1
health_beauty,0ef83d7d83ed97cd2a0049ac8be5f88a,PR,1748.95,31
health_beauty,4e922959ae960d389249c378d1c939f5,SP,1735.0,20
health_beauty,82bd0703a4aefd6b599e5bfdaed378fb,SP,1691.98,14
health_beauty,e64d65bc8dbec2accda90c58de5d1246,SP,1678.8,12
health_beauty,df0f42bc4c2142eacf0eaf2cffd0cfbb,SC,1654.0,16
health_beauty,5b8154610ebb21fb90eb587365e673df,SP,1604.41,11
health_beauty,427165bf50f8ca07efc7bdc2bfcf1688,SP,1603.5,5
health_beauty,5b85809efd0d0e4dea1a9544e1280ed9,SP,1594.7,13
health_beauty,d3f39f05462b79a4562d35893a28f159,SP,1560.0,20
health_beauty,06bb3a2fe5e7b7a845b13e8fb91bd944,MG,1536.19,18
health_beauty,01bcc9d254a0143f0ce9791b960b2a47,GO,1521.21,11
health_beauty,5debea795b07621e1f90532e18f96145,PR,1514.88,32
health_beauty,fcb5ace8bcc92f75707dc0f01a27d269,SP,1511.0,4
health_beauty,74bafed391319577bce6f4d2acc0589a,SP,1498.0,2
health_beauty,659e8466eb3ff1b0e8740d74fb7bbedd,BA,1486.8,14
health_beauty,2a61c271b1ac763450d846849783e922,SP,1456.78,22
health_beauty,4371b634e0efc0e22b09b52907d9d469,SP,1450.0,40
health_beauty,dace965ca58120f92f8d742a9fa1864b,SP,1442.0,8
health_beauty,431050a06a317f2b38168dec3dcd2b46,SP,1427.9,11
health_beauty,17eea220a40cc0d2c0c5346379682398,SP,1414.98,4
health_beauty,e81e1f9c3e762e620f3fb60a51499e16,SC,1395.0,4
health_beauty,7f7b8245c336066a1f9933c359f11d77,SP,1380.06,27
health_beauty,985c92cc412091f8529c12d7f23d3fef,MG,1368.5,12
health_beauty,ecccfa2bb93b34a3bf033cc5d1dcdc69,PR,1338.64,19
health_beauty,3d8fa2f5b647373c8620330c4e077a9f,SP,1320.0,12
health_beauty,c794dab4928dd97beb41d05514441e86,SP,1312.4,16
health_beauty,128f9bfbe4c7d5185033914b1de3d39a,SP,1277.29,16
health_beauty,729b2d09b2a0bdab221076327f13d050,SP,1249.32,38
health_beauty,d9bd94811c3338dceb4181f3dbc0c73e,SP,1217.46,10
health_beauty,093805f8f2aeb63881444571e1f48f30,SP,1215.79,27
health_beauty,0bebbb2cea103a4a020c95d43fd7d754,SP,1212.2,8
health_beauty,2e1a7d075abe038c1b2743005fe42ff1,SP,1197.2,18
health_beauty,c8e135e7b21ecbc36c1153a29d2f5a06,SP,1165.5,7
health_beauty,2a84855fd20af891be03bc5924d2b453,MG,1156.9,31
health_beauty,6b90f847357d8981edd79a1eb1bf0acb,SP,1132.89,16
health_beauty,c35672b10ad50968f567ea3f4b91e877,RJ,1110.61,18
health_beauty,5f26c1408a65b42a7224cd463bdf3292,PR,1080.0,8
health_beauty,4d6d651bd7684af3fffabd5f08d12e5a,SP,1078.4,7
health_beauty,55dedd83e501d8248880557d9073cbfd,RJ,1055.3,9
health_beauty,633ecdf879b94b5337cca303328e4a25,SP,1037.6,6
health_beauty,8c5e007d7bd5693fa1386ffefbc99f6c,SP,1029.11,24
health_beauty,76c47a299e4a8fe992316a85865acbe9,SP,1024.46,10
health_beauty,5b07547f10dd980738a1a27f685af669,SP,1017.8,13
health_beauty,55d3daac7c404d59e51c2aa2f4dc5a23,SP,996.0,2
health_beauty,31da954dc0855f2495c6310f70a2f931,SP,995.0,18
health_beauty,432c67955c0acd1fd6b0b5d678766a71,SP,988.0,2
health_beauty,e99e927c81e3f51739c94fcdfca9f10f,MG,974.71,8
health_beauty,528bcf6680c36dddf07620bd35b33a6f,SP,969.98,2
health_beauty,094ced053e257ae8cae57205592d6712,SP,960.4,11
health_beauty,bc07d855eac23aab5ac8a120f21d16b2,SP,948.25,9
health_beauty,8444e55c1f13cd5c179851e5ca5ebd00,MG,924.53,10
health_beauty,402916f742e5c740cc751493d9cf5053,MG,924.0,6
health_beauty,e5cbe890e679490127e9a390b46bbd20,SP,908.99,2
health_beauty,ae45df84722b1d15c5f32b23a095746c,SP,901.83,12
health_beauty,48985c61529077fa4f1e38bcff0f2ed3,RS,879.3,7
health_beauty,68f86ba270525243e68ae74044f992b9,RJ,876.5,12
health_beauty,2709af9587499e95e803a6498a5a56e9,SP,868.8,37
health_beauty,750303a20e9c56b2a6bc45cdce0b897d,GO,859.8,7
health_beauty,5795aebfe331fbcd02a2c4b679fb7952,SC,851.0,5
health_beauty,5f1dc28029d2c244352a68107ec2b542,SP,842.5,30
health_beauty,6eb94e1466490d327a09abf8f3552a50,SP,816.95,5
health_beauty,1da3aeb70d7989d1e6d9b0e887f97c23,SP,811.94,25
health_beauty,fe2032dab1a61af8794248c8196565c9,SP,810.5,3
health_beauty,bd4431c1a8dfa744b59e1e2a8bc99b9e,RJ,809.5,7
health_beauty,7a91bf945c6fae0779f1c61ce97fe45c,RJ,799.5,5
health_beauty,289cdb325fb7e7f891c38608bf9e0962,SP,799.4,8
health_beauty,e3a386fc36e22064434e1fa256f6a9fa,SP,793.9,17
health_beauty,d4f117125b59ce73c3302f88ee40c458,SP,783.29,17
health_beauty,5a413ade68e8f8d93071a7f52a64cb9e,SP,778.9,14
health_beauty,5bf397d04035b5f45cc41e82ec106803,SP,760.0,1
health_beauty,7c51de0ab286204ce75ff42bf7c10d92,SC,759.0,4
health_beauty,458c6fa920810ce2492da71bc26d9eec,SP,756.76,2
health_beauty,9dc79dd988ac42f4d56c340d7048420a,SP,749.6,4
health_beauty,8c91bfea4263b8fba54081460693e2a1,RS,739.0,2
health_beauty,d9e7e7778b32987280a6f2cb9a39c57d,SP,722.5,13
health_beauty,e26901d5ab434ce92fd9b5c256820a4e,SP,699.3,7
health_beauty,a1474fd46fd3430168f7ec202da39408,SP,680.0,1
health_beauty,7e93a43ef30c4f03f38b393420bc753a,SP,675.38,2
health_beauty,ce27a3cc3c8cc1ea79d11e561e9bebb6,SP,662.96,16
health_beauty,9cad4b68bb993ee401a3c5aaa2bc26dd,SP,649.3,7
health_beauty,bd1d49a326abfa9b1036772e40445430,SP,637.7,13
health_beauty,d566c37fa119d5e66c4e9052e83ee4ea,SP,625.9,11
health_beauty,dfa0c4c6229ab200a4a1336b4d7128ff,SC,616.9,4
health_beauty,6b15924333bd1a741595fe981ea04822,SP,614.32,21
health_beauty,9d5a9018aee56acb367ba9c3f05d1d6a,GO,596.65,5
health_beauty,8bd0e3abda539b9479c4b44a691be1ec,RS,596.55,13
health_beauty,f3295428338a40977a03f555246a70f4,ES,590.7,4
health_beauty,851773c885feb5e2da3b4f82bc2b17ce,SP,585.3,10
health_beauty,542917da124346b47ea1ac79a93ce454,PR,576.9,13
health_beauty,2eb70248d66e0e3ef83659f71b244378,SP,573.35,2
health_beauty,b499c00f28f4b7069ff6550af8c1348a,SP,565.86,14
health_beauty,269cff2d3c8d205c11f37a52402ea93b,SP,559.9,1
health_beauty,fa1c13f2614d7b5c4749cbc52fecda94,SP,539.89,1
health_beauty,e8a85b5f3df47be0984c55fd4064dbb4,DF,534.0,2
health_beauty,2e7ea2aafec5835e781b21d6d1faf1f1,SP,528.4,7
health_beauty,979e9f8b5b39dd243a2550c8b05aecf0,SP,525.0,4
health_beauty,6d22a1fcebb6dd08c9cd90b92a93e8d0,SC,522.1,9
health_beauty,6e13dd869aa7185f601c941423abcc8f,SP,522.0,6
health_beauty,1cbd32d00d01bb8087a5eb088612fd9c,SP,522.0,6
health_beauty,01fd077212124329bac32490e8ef80d9,SP,521.0,14
health_beauty,dbd66278cbfe1aa1000f90a217ca4695,SP,510.7,9
health_beauty,b2c97074649f92197d9387d9033dda5f,SP,502.06,8
health_beauty,a673821011d0cec28146ea42f5ab767f,SP,499.9,1
health_beauty,28fb0829fd777877cdc350d25cb5bd5b,SP,499.6,4
health_beauty,64b87978a11c1ea7501a89eabe8c2c1a,SP,489.93,7
health_beauty,2b03ac196f5ed62ac483960fe0fa3b65,SP,485.0,4
health_beauty,0ac4201fda2c68ebc0e47cb9423cf3c9,SP,479.88,12
health_beauty,b0f2a6122a90a93eb03e68653dd960e3,PR,456.6,4
health_beauty,7dc8c42cc750eeafea6c85712ffee9bf,SP,454.0,6
health_beauty,e333046ce6517bd8bb510291d44f0130,SP,453.0,6
health_beauty,08f5819815f3d06545011850bd70f0a8,SP,452.0,3
health_beauty,4a82168aaef173cbb6e46ae88728f919,PR,447.0,3
health_beauty,eb72802c83dc7547529c9546d1a9b8ef,SP,442.98,2
health_beauty,f22a247b79dd22ecd91dc8e3b2a1b07c,SP,439.94,8
health_beauty,8d956fec2e4337affcb520f56fd8cbfd,SP,432.51,15
health_beauty,ea566164622c6b439516ab18062c42cd,SP,430.34,12
health_beauty,2089a6d640999f9b9141ac719b2af596,SP,429.9,4
health_beauty,382229d1e840115ffe3dbf5ff460e417,RJ,429.19,9
health_beauty,939e6227d6964a11a70aa91243e418f2,MG,425.0,4
health_beauty,41e0fa5761c886a630994a55c12087e7,SP,423.6,5
health_beauty,02f623a8eb246f3c5f7c2f96462654e6,SP,420.0,3
health_beauty,34a557286ead8fe75c989e0afcf7d98c,SP,414.9,4
health_beauty,e3dd723429d1b23614b7fa85e2c7a853,SP,411.05,6
health_beauty,66dc1b1632bd6a3e508510c5b3492107,SP,409.7,3
health_beauty,4de6e4ba574aa9dfdc824bc44dc47fdd,PR,400.4,9
health_beauty,ceaec5548eefc6e23e6607c5435102e7,SP,399.99,1
health_beauty,ceb7b4fb9401cd378de7886317ad1b47,RJ,399.9,1
health_beauty,bfd938b22bc99bce1ae60dc602889f52,RJ,399.8,2
health_beauty,bf100ecb7997df312b285358fb32f92c,PR,393.2,8
health_beauty,2fb25ab44bdbeae6a4d816e0d0c9d500,RJ,387.1,1
health_beauty,3d5d0dc7073a299e31fa718ce1bc00b6,RJ,384.7,14
health_beauty,e4ebd3f87bf70440014f07ddda7fbe03,SP,378.5,4
health_beauty,b16d3dadc47d4eb18be3d88bad0775ce,RS,378.0,2
health_beauty,cd68562d3f44870c08922d380acae552,SP,376.5,3
health_beauty,2a1348e9addc1af5aaa619b1a3679d6b,MG,369.2,7
health_beauty,dc7192adf8ba09569261f4a8d576afe0,SP,358.0,2
health_beauty,8fd3b4468f6425810648177996c14cbd,SP,354.9,1
health_beauty,b88e7c57cb2d8b973b7dd4a2bfa14b36,PR,353.9,4
health_beauty,db4350fd57ae30082dec7acbaacc17f9,SP,352.0,9
health_beauty,7957cac1a02f45d0a4a7e45626382ec2,PR,343.0,1
health_beauty,681fce914360217db47784ae28905a96,PR,342.0,3
health_beauty,4bf2f4ee540798a61f9636d12cd9cc80,SP,340.66,2
health_beauty,5563732abe64c3036cb97ad924128dd1,SP,340.0,2
health_beauty,20b54c376b794ed028df09a3cd88e8dc,SP,339.52,2
health_beauty,a64e44665225d19dfc0277eeeaaccc57,SP,335.0,6
health_beauty,062ce95fa2ad4dfaedfc79260130565f,RS,319.6,4
health_beauty,a420f60ff1aa9acc80d0e42959f2b313,SP,315.8,10
health_beauty,08633c14ef2db992c11f840f04fad4cd,SP,303.8,12
health_beauty,3dc69bf2c42f0568a5c4791ec3fd3745,SP,300.0,2
health_beauty,0ec28cec4046a4a199b6de9b4c891d97,GO,296.6,4
health_beauty,f27e33c6d29b5138fa9967bcd445b6d5,SP,294.7,3
health_beauty,ede2977fbaf3738583170735ca403f6c,PR,289.9,1
health_beauty,777a0c55737f34ffeb78010f7542ab41,SP,289.8,4
health_beauty,10264f60a8f0a4d2f30810f5c661c673,SP,284.6,4
health_beauty,17e34d8224d27a541263c4c64b11a56b,SP,283.27,5
health_beauty,83645b1645cdee8953ee54c29ceed564,PR,282.6,5
health_beauty,58e4b302b54937e55a678c4d15111da4,PR,279.79,3
health_beauty,0570350b23eda5444f8d1d9544932058,SP,278.5,5
health_beauty,2a7dc43cecabf23403078e2188437d1d,SP,273.2,8
health_beauty,9a208dee8f95cfdf00760c4d627828ec,RJ,269.9,1
health_beauty,1b4c3a6f53068f0b6944d2d005c9fc89,SC,269.7,3
health_beauty,09883d9ab71c8fe8a9bfc7fc3075b07e,SP,269.6,4
health_beauty,483ca627d131e18f988349b1655c0acd,SP,264.0,1
health_beauty,21d59342ba150175ca2aa4f8faddeca6,SP,259.9,2
health_beauty,26d8a1c7c75d513045798992ead43aa2,PR,255.96,4
health_beauty,85ecf03781da592876b7844acc1b729f,SP,251.0,2
health_beauty,184725737946a1a938bbbd1a9e978103,SP,249.8,2
health_beauty,c70a353f02429c00775a46a75fb787da,SP,242.0,6
health_beauty,9f50216bfd01913736a55a11b55ea842,SP,240.0,2
health_beauty,4830e40640734fc1c52cd21127c341d4,SP,239.97,3
health_beauty,81336a0f57a33776419727a300249e90,SP,239.8,2
health_beauty,70f7e8018e3d46c748c92f026aa2585a,SP,239.8,2
health_beauty,2ff97219cb8622eaf3cd89b7d9c09824,SP,239.2,8
health_beauty,52f9db5cfb423382a2fa5c9e39303202,SP,233.96,4
health_beauty,615c3462099ffa940d37b17dfda19594,RJ,229.0,2
health_beauty,c68fb906c8f4b4b946d8386bfa6e5467,SP,226.88,1
health_beauty,b05b432bf68945d4d9783f9e3ca29ee8,SP,224.8,2
health_beauty,2c3d56f92f360fb89d849b84e8f50eae,SP,222.0,4
health_beauty,86bf77bdb52e615674772d5817c6212f,RS,222.0,3
health_beauty,128639473a139ac0f3e5f5ade55873a5,PR,219.9,1
health_beauty,c60b801f2d52c7f7f91de00870882a75,SP,218.0,1
health_beauty,670c26e0f1bf8d0576271d5cfaec6d2b,PR,217.4,6
health_beauty,918717417d88a9f9ae9735567e6c7682,SP,215.8,2
health_beauty,33ab10be054370c254ddfcf0a6253422,RJ,213.2,4
health_beauty,3fadb4cba4c35bce6a7eaf9872d5623a,RS,209.5,5
health_beauty,5a9c0859cb00fd8aa4db443837f0a700,SC,208.0,2
health_beauty,0761743cbffb25d7148189e9f1a5f03a,SP,202.2,6
health_beauty,28c7d8743fbc8679f484868cc0fcaefb,SP,201.5,3
health_beauty,3f84fefc07dc159b268d4a77d3e8c425,PR,200.6,3
health_beauty,dbc51f5e45d654ecc16cb68e6817ecea,SP,199.99,1
health_beauty,3fe7120d6257285ac6a3ce7cb071ccec,MG,199.98,2
health_beauty,4f0d637c1197fd65405ebd755ac9f86b,SP,199.8,2
health_beauty,4450bd8327d471c4a11a83d1445b1b62,SP,199.0,1
health_beauty,6f835fd4be26989b1b064399da346143,PR,197.8,2
health_beauty,0f7eea709efdf942b5f95c7516dbacd7,SP,195.74,3
health_beauty,7210cd29727d674c00741e5e387b3ccd,SP,194.97,3
health_beauty,42b6488f5b8246d9141712abd4b1b693,PR,189.99,1
health_beauty,778323240ce2830d68aab11794e00bfb,SP,189.98,3
health_beauty,43a1d4bab73b816e44ef4e4facd9f9b5,PR,189.9,1
health_beauty,119c7f1a00ef43fad0e57604e76a747c,SP,189.8,2
health_beauty,325f3178fb58e2a9778334621eecdbf9,SP,182.4,12
health_beauty,70bf57d811208f8923b41bbd499a67a4,SP,179.4,1
health_beauty,94ca168e8bcb407ab85c5da308863027,SP,176.8,4
health_beauty,2d2322d842118867781fc737e96d59a1,SP,176.4,10
health_beauty,c353f8fc0ce8344999f17d578eb69a5e,RS,175.98,2
health_beauty,b566ab0ef88016e00422755e305103c6,MG,175.0,2
health_beauty,0691148aee60ca47977c187804f935ae,PR,171.8,2
health_beauty,e882b2a25a10b9c057cc49695f222c19,RJ,169.9,1
health_beauty,b01c2b7b8599b325103ebcddc67413e1,RS,169.45,4
health_beauty,138dbe45fc62f1e244378131a6801526,SP,167.9,11
health_beauty,141440cad9341e553f8401c574a2aa38,PR,167.2,4
health_beauty,59cea8e446d3834393058e7e0666b6fb,PR,167.2,4
health_beauty,ff1fb4c404b2efe68b03350a8dc24122,SP,160.0,4
health_beauty,ebef8d8c92b4fd3226e5d407bbff21ac,SP,159.9,1
health_beauty,a5a1bfcf728ab0e19182959cf0771ee4,SP,159.6,2
health_beauty,c7dcd301ecfe5ab7f778ac172cf74be7,MG,157.7,3
health_beauty,1336efc61c316ddf92c899eb817f7cae,SP,155.99,4
health_beauty,fd386aa7bed2af3c7035c65506c9b4a3,SP,153.89,11
health_beauty,7e26c750b4cb9f6766f58265ff9ebe95,MG,150.0,3
health_beauty,4867209cb29b56b92893d7bde3ce8012,SP,150.0,1
health_beauty,aded58c8142dedc5494a81f948431fab,RJ,149.8,2
health_beauty,a5dd1946fb63ada8bcaa0c9cd8f11e22,PE,149.31,4
health_beauty,d8b8f2cf9ff6ba0389072541cb42498c,GO,149.0,1
health_beauty,8fbe2ee446b97e128471be4ce983dc0d,SP,148.5,3
health_beauty,ca7c6bd577e559472af1c699de9e764e,SP,148.0,8
health_beauty,4bcec44888b30ba9001234c534716d3f,SP,146.0,5
health_beauty,7bac63f6603d382cc8d0832eb6c100a8,SP,145.0,1
health_beauty,7b1222c3624aa89b9558b50a2594188c,SP,144.99,1
health_beauty,c8143b3069f6746a77421b5ce30a450c,GO,142.47,1
health_beauty,53088c75f948b48a7ece173ac17f0c12,RS,141.8,2
health_beauty,058fd0aa2bfdb2274e05e1ae971dabb6,SP,140.0,1
health_beauty,1b0b0f4f95e962d6f32fe90c759d0479,SP,139.8,2
health_beauty,4be6b962d83299498bae2190f95d6566,SP,138.9,1
health_beauty,0b64bcdb0784abc139af04077d49a20e,RS,137.6,4
health_beauty,f0e103c63864d5405b958d984b6e94c9,SP,137.5,4
health_beauty,0bae85eb84b9fb3bd773911e89288d54,SP,136.5,3
health_beauty,e601b04acf48b4576e73ddca9481f0dc,SP,134.09,5
health_beauty,d9cb0052a666de5308b32f32ad5f1b1c,SP,132.6,2
health_beauty,89c127985a8b130cfa45c1d36764017a,SP,131.99,1
health_beauty,c447f8dd3ed213f291d65ef074a268eb,SP,130.0,2
health_beauty,d1c7fa84e48cfa21a0e595167c1c500e,RS,130.0,2
health_beauty,b6f52e346160519c24a23af05410ad32,SP,129.9,1
health_beauty,1464afc72f696af775557a821c2e253f,RJ,126.59,5
health_beauty,570d4583587a5fe2d47c7be89b91ad27,SP,125.25,2
health_beauty,5b33b527da3c5b969cc99dc435cad09a,PR,124.0,1
health_beauty,698f5fa55a5f73d0740e9d9a773e8093,RJ,120.0,6
health_beauty,6879c4d287a8dd06b11f54ea8f78e4da,SP,119.97,3
health_beauty,95e03ca3d4146e4011985981aeb959b9,RJ,119.96,4
health_beauty,d32e3909cfb714fb2a6cb092c85b9c5f,SP,119.9,1
health_beauty,6b803197e03abd5056b4313306b4f29d,SP,119.0,3
health_beauty,fd312b6bf05efac6c3772d5b52205d8a,SP,118.7,4
health_beauty,aa1eb17b9fdf6dfd546e25c45c7b9235,SP,117.99,4
health_beauty,1c40343cc5d18c2d8248ac2f3366de34,SP,117.8,2
health_beauty,13dd308f81fea30cc670c656b2b46cc3,SP,117.7,3
health_beauty,430315b7bb4b6e4b3c978f9dfa9b0558,SP,117.0,3
health_beauty,92d14edfb62ee5ae7fdff70b0f4e7233,SP,116.0,5
health_beauty,4c18691b6037662be2df78a765d98ab5,SP,115.49,2
health_beauty,1d1bbb8ac1581824986f582583fff01d,SC,115.48,3
health_beauty,cac876b37d3abcd6bd76caca30277996,PR,114.7,3
health_beauty,ec5c1d94df153d473b37f880977ae58e,SP,113.09,1
health_beauty,c3f5668699a1b04c0fa61ecea1e2bff6,PR,112.0,1
health_beauty,a3a38f4affed601eb87a97788c949667,SC,108.8,2
health_beauty,bb3dca718920a4d7ec3cc9ffb025108b,SP,108.0,3
health_beauty,90b36c5aeb728d5504a39f435bef0c5f,SP,106.0,2
health_beauty,a69aa24cec11168e7e39a3fbc727e925,SP,105.97,3
health_beauty,461ff5303b6c9c1a4a07f40c5aece516,PR,102.7,3
health_beauty,be67f78487e2cecb0d55bc769709e4f5,MG,102.0,1
health_beauty,011b0eaba87386a2ae96a7d32bb531d1,SP,99.98,2
health_beauty,2dcf93836ae3ce0d7c93e2f10876467a,SP,99.8,2
health_beauty,00ab3eff1b5192e5f1a63bcecfee11c8,SP,98.0,1
health_beauty,8daab2245ebdc277c51098d01c5ad8ef,SP,95.0,1
health_beauty,376d67b61dce0c990155286e7ae486a4,SP,94.0,1
health_beauty,6bd503a8230299c9316fb0f726933927,GO,92.29,2
health_beauty,2bdb95a56a36ebbc6640337ac5eac174,SP,89.9,1
health_beauty,4aba6a02a788d3ec81c03137144d9a80,SC,89.9,1
health_beauty,889009a0ed0bb52c87819941192931b8,SP,89.9,1
health_beauty,e6a69c4a27dfdd98ffe5aa757ad744bc,SP,87.32,5
health_beauty,3febca52652e7209509ccfe61cbde40e,SP,84.0,2
health_beauty,5659d77e8d90378e39b960ad5956f64e,SP,83.48,1
health_beauty,7d456afc660226829370f3173d14520c,SP,80.0,6
health_beauty,b5b800c4065bebf4d3442311c9857344,SP,79.9,1
health_beauty,44ed138eca6214d572ce1d813fb0049b,RS,79.8,2
health_beauty,c8665a4dd081a2c436b1cd921079d0d9,SP,79.39,1
health_beauty,15b3b1b81484422eb41df68ac87f1f50,SP,78.35,2
health_beauty,9fc70243fb26800cba56e8f014797004,MG,78.0,2
health_beauty,de66a66f2dd06bb9ec37aa96987466a3,RJ,77.98,2
health_beauty,3e51f9cbe317bc3a88f2c76583811ee4,SP,76.09,1
health_beauty,ef2fbc2b607d8492bcffe657a4645434,RJ,75.8,2
health_beauty,6c12e40690c335dbc2f68a4134d30dc1,PR,75.0,3
health_beauty,974cf2cb8f4b7add98709c30df02fe10,SP,74.99,1
health_beauty,9bc484c87d79cd4874e05ca182658045,SP,74.5,2
health_beauty,aac51c486b672a9850d59f3e84b1cf88,SP,74.0,2
health_beauty,3903c788ded8dc03b5ebab37a2f3e9a1,SP,74.0,3
health_beauty,530ec6109d11eaaf87999465c6afee01,PR,73.9,1
health_beauty,f0ec6a2adb05c62655a26dd347b8dede,SP,72.0,2
health_beauty,d9b00a97818674c7f8d8b1ef0e689679,PR,69.9,1
health_beauty,4e92348462c75b6c842b994ce84a0ed4,RS,69.9,1
health_beauty,f3511c85f59f8dec53d140501ee8e7a8,PR,69.9,1
health_beauty,82cb9f452fe8334df74b22d37824b431,RS,69.0,2
health_beauty,6d988d6174a2c27441597174f8905515,PR,68.53,7
health_beauty,dc317f341ab0e22f39acbd9dbf9b4a1f,RS,66.9,1
health_beauty,f35b3c613c4f7b2275f4185d0a3c59ec,SP,66.71,1
health_beauty,8c16d1f32a54d92897cc437244442e1b,SC,65.49,1
health_beauty,eb4a59a06b3948e851a7d7a830bcbc42,BA,64.0,2
health_beauty,f049a72cf58fd31b11f8919cade515e7,SP,64.0,2
health_beauty,26b482dccfa29bd2e40703ba45523702,SP,62.9,1
health_beauty,be7a093e5b4d147b36b72bb1f9e415e5,PR,60.9,1
health_beauty,4a82c4af97ffc0fb2dc26bfdc03b1842,MG,60.0,1
health_beauty,cda598c48d7c614bc1cad7d8ff6f0010,SP,60.0,4
health_beauty,9b00ed88b7fdb95d6ff76e27c1b52d16,SP,60.0,3
health_beauty,86649b1632b1c0e6c0bcb2c90a8b75d8,PR,59.99,1
health_beauty,18e694e0e48ed6f7aa3f24aade5fd697,SP,59.97,3
health_beauty,0f0c984a4a955310903b6b6008660bad,SP,59.9,1
health_beauty,6ebf4eceee4dd9847201c82e77ef8123,RJ,59.9,1
health_beauty,3e46a38ee171c503c3b4a3f23fe3bf0c,SP,59.9,1
health_beauty,2ba91c7ad80ff88b23b7db823b43c233,SP,59.9,1
health_beauty,276677b5d08786d5dce7c2149dcce48b,MG,59.7,3
health_beauty,74c7dec0a384d8a05950e629bd23bde9,SP,57.8,2
health_beauty,c6381b1321d7d97717a5bb4ed5b77882,SP,56.0,2
health_beauty,8ab42aa58097fd4668d60cc648225d5f,GO,55.9,1
health_beauty,f3da5b2ff499efb8d4a6d371d175d7dd,SP,55.2,5
health_beauty,0b1ca3ef18a63d7eb0c8897fa0849c08,SP,55.0,1
health_beauty,a21c11ec5c3f03e7cc9f9203bff9e1c6,SP,55.0,1
health_beauty,4fe2f67634d00c021aa01f96b6f2d68e,PR,54.9,1
health_beauty,89f69225956f951295ca4c7fb1266553,RJ,54.0,1
health_beauty,720e6cf846ea7572cbb66b743fb91e6c,SP,54.0,1
health_beauty,c1552b1dab6e6f760950368ae61fb600,SP,53.8,2
health_beauty,ca77545ca4d2dfd1431bf61334e2fa3c,PR,52.9,1
health_beauty,a1bea7061f61f6fdd9a85a6325ba1033,SP,52.0,1
health_beauty,258447aad3f7b01e2643c89f64dc5647,PR,51.9,1
health_beauty,bf00385a5f7fc1ef39a13c2e9ee50a5f,SP,51.7,3
health_beauty,daeb5653dd96c1b11860f72209795012,MG,50.6,4
health_beauty,3be634553519fb6536a03e1358e9fdc7,SP,49.99,1
health_beauty,a435b009cd956ea60748b5cfbddf2e24,SP,49.99,1
health_beauty,8e2b3afb420011ef0c88c9d5f11ea526,SP,49.9,1
health_beauty,fe19dce63ae80346207c6c55713d1023,MG,49.9,1
health_beauty,7040e82f899a04d1b434b795a43b4617,SP,49.8,2
health_beauty,2ef086a599b597572aca4433b7ed6b3d,SC,49.0,1
health_beauty,0743a0239d764b9a0f959a57d07e36ab,SP,48.99,1
health_beauty,b74d1c09cb380e1d03a6f859c6f4224b,RJ,46.99,1
health_beauty,51e0557bc7b86de13e946c60ee91ce39,MG,45.8,1
health_beauty,508808d438fe2ff972ed13bb8f4a82e2,SP,43.99,1
health_beauty,7722b1df1b0e383e000397b2c11e3e19,SP,42.8,2
health_beauty,cc3d14116804f7209f3884f6367f1152,PR,40.0,1
health_beauty,d3674f271c91f824f82d24d92011f669,DF,39.9,1
health_beauty,f52c2422904463fdd7741f99045fecb6,SP,37.3,3
health_beauty,d4a5e99e0dd915df64ba55a7fbd583fd,SP,37.25,5
health_beauty,84deb808079d1be601c209c1e771b1cc,PR,34.93,2
health_beauty,52562a9f449c3dc3d53f5f5b9ed74903,RN,32.9,1
health_beauty,1d0646a72178a6fb37ee8082140e06ec,SC,30.5,1
health_beauty,b1aaae6b66ad3c40f54b389d7ea4bee0,SP,30.0,1
health_beauty,87b4428a334b8f676fd9a7f3bf544fb5,SP,29.99,1
health_beauty,4c2b230173bb36f9b240f2b8ac11786e,SP,29.99,1
health_beauty,32f83ffe11cd40f7adcf4eef171f52d9,RS,29.99,1
health_beauty,28a26ebce31d5918b181ede016fd693b,MG,29.9,1
health_beauty,a7d0f8dd44f57ef6de7f7f02e3d82630,SP,29.89,1
health_beauty,15aec03fe4cf30dfa574cf550f5ff5ff,RJ,28.9,1
health_beauty,8b181ee5518df84f18f4e1a43fe07923,SP,27.9,1
health_beauty,b026643914f651e8371425e5b8a1e780,RJ,27.9,1
health_beauty,718539d38d07dd351c76db862760e2e2,SP,25.9,1
health_beauty,7cb946b1ad19faebe28c3e86c2794ec3,MG,25.0,1
health_beauty,33fd411ed63a7c2f9005e3f065d9f85d,RS,24.9,1
health_beauty,7315baebc0572ff220d226283dc66728,SP,23.9,1
health_beauty,96e5dc09087bad639b4ee193104ec2e5,RJ,22.9,1
health_beauty,5e063e85d44b0f5c3e6ec3131103a57e,SP,22.9,1
health_beauty,bc8c8d665ec4664d286be0d521722b19,SP,22.5,1
health_beauty,c161d1327ebc3a156c09582ab2f59f6c,SP,22.0,1
health_beauty,f626e15b7314c267e4429010866f70e9,SP,20.9,1
health_beauty,e64ddbe1cbcf4f2fc3092b7c481f3f9d,SP,20.9,1
health_beauty,e0b162a693bc7f9eab00f783a31d60ea,RS,20.0,1
health_beauty,8a9260f2b0340411d6d2a56bcf4f7378,MG,20.0,1
health_beauty,455befea1bb853c75ccbca94cff26e5c,RJ,19.99,1
health_beauty,63bc58679c44e8a998792119fd7ad23e,SP,19.9,1
health_beauty,a06c8ff043abea0528ee44171e2140a2,MG,19.8,1
health_beauty,ce4755084bc097113867e6454f8f5e52,SP,18.9,1
health_beauty,0951a6e282947e09cd47969f4ed0b47f,SP,18.0,1
health_beauty,2fa13c8bd5705d279f7ed5cc9ec61c68,SP,16.9,1
health_beauty,2379bdc3888025689a9deb7b141507d5,SP,15.8,2
health_beauty,72146da5774cabf2632faedcae097a76,PR,14.99,1
health_beauty,0747d5bb69f0586cc869d8af4c50f93e,RJ,14.9,1
health_beauty,fb503a924a0b9db19d83dd0ac6dbef8c,RS,13.9,1
health_beauty,cc1f04647be106ba74e62b21f358af25,SP,11.9,1
health_beauty,08d2d642cf72b622b14dde1d2f5eb2f5,SP,5.0,1
home_appliances,d91fb3b7d041e83b64a00a3edfb37e4f,SP,35671.2,500
home_appliances,e882b2a25a10b9c057cc49695f222c19,RJ,11828.73,12
home_appliances,0adac9fbd9a2b63cccaac4f8756c1ca8,SP,6990.0,10
home_appliances,7bac63f6603d382cc8d0832eb6c100a8,SP,2796.0,4
home_appliances,e883aa812c37a7413226856f4579fe91,SP,2679.2,8
home_appliances,4559697a8f7e637227c2eeaed843baff,SP,2516.4,36
home_appliances,8de8fe3af4449ed695d2434c933ed73e,SP,2090.0,1
home_appliances,ffeee66ac5d5a62fe688b9d26f83f534,SP,1839.86,14
home_appliances,9674754b5a0cb32b638cec001178f799,SP,1418.32,24
home_appliances,397c4d0c005b6f41f90098ac724e28cb,SP,1190.0,1
home_appliances,f8db351d8c4c4c22c6835c19a46f01b0,SP,1181.4,36
home_appliances,1976a05ecf2996d6ffb7b5430e635fe7,SP,997.6,2
home_appliances,a2deecd5398f5df4987110c80a1972a3,SP,787.53,15
home_appliances,01cf7e3d21494c41fb86034f2e714fa1,PR,629.9,1
home_appliances,8759e7aedd644f487315e5860962f162,SP,627.0,3
home_appliances,ce248b21cb2adc36282ede306b7660e5,SC,619.5,5
home_appliances,7ade73f1b9b4e965f9009a4c3a7e2c15,SP,559.3,7
home_appliances,88cf19ec1fc2c58f161aee259d57142c,SP,554.97,5
home_appliances,52f9db5cfb423382a2fa5c9e39303202,SP,543.89,11
home_appliances,6e4a902d1054e4e17aa6eab87fac1c75,SP,383.8,4
home_appliances,131fcb0a0c9a47bba4474aacff0f14b7,SP,369.8,4
home_appliances,15aac934c58d886785ac1b17953ea898,ES,361.9,1
home_appliances,d1ef48b38baca7e831711c4a0aeb398f,PR,356.95,6
home_appliances,6b333a05bf188ef3e1f1662a86bd9855,DF,339.0,1
home_appliances,5b8154610ebb21fb90eb587365e673df,SP,325.49,1
home_appliances,dc50afafdfa325eadc890c7fa42a8f4e,PR,226.7,3
home_appliances,4e922959ae960d389249c378d1c939f5,SP,220.0,1
home_appliances,94e93ce877be27a515118dbfd2c2be41,SP,190.0,1
home_appliances,37515688008a7a40ac93e3b2e4ab203f,SP,185.9,1
home_appliances,23ca5f678e0b3ea6c630b30fa8bf51ea,SP,183.0,7
home_appliances,dbd66278cbfe1aa1000f90a217ca4695,SP,166.8,6
home_appliances,7dc8c42cc750eeafea6c85712ffee9bf,SP,159.0,1
home_appliances,6a8a889bde935bafa76d7848782dfaf9,SP,152.94,6
home_appliances,2d42ebcda99fd55f6f4bc2f1ca035d50,GO,120.5,2
home_appliances,bdf0d02d36a1d839d0c39c4a887cdd49,SP,120.0,7
home_appliances,23d7c96d4a1160db1c726b248601b25a,SP,119.9,1
home_appliances,7178f9f4dd81dcef02f62acdf8151e01,SC,104.7,3
home_appliances,8f119a0aee85c0c8fc534629734e94fd,SP,95.48,3
home_appliances,080102cd0a76b09e0dcf55fcacc60e05,MG,81.6,4
home_appliances,a7b7354cc588f7566a848bcbb1ce3d96,SP,79.8,2
home_appliances,d66c305afaec317ebee552073a674429,MG,59.8,2
home_appliances,a2a41aedb70551d4a85aa04dc2fced48,SP,52.79,2
home_appliances,edb58a1390adf273840030a3d6253829,SP,39.9,1
home_appliances,ceaec5548eefc6e23e6607c5435102e7,SP,39.0,1
home_appliances,741f8c587cb4248ebc5b779a0e8e0e51,SP,35.99,1
home_appliances,820cc752a266cdc6c1a1e61dd4583330,PR,35.0,1
home_appliances,a5ff20ff766e7f50bd5066f33da14413,SP,30.0,2
home_appliances,ed8cb7b190ceb6067227478e48cf8dde,SP,14.99,1
home_appliances_2,e882b2a25a10b9c057cc49695f222c19,RJ,38341.0,34
home_appliances_2,f62d7bb4a613ec758a03342d46b580b2,MG,10075.0,13
home_appliances_2,8fb791022c1fc8909664f48ab7dc636d,SP,8119.95,5
home_appliances_2,4917cee8d902e13428c3ec4b1ca6f315,SC,4841.9,29
home_appliances_2,c004e5ea15737026cecaee0447e00b75,SP,4700.0,2
home_appliances_2,ce248b21cb2adc36282ede306b7660e5,SC,4343.46,7
home_appliances_2,ad97a199236354e53fcd91a5a913e9a2,SC,4170.5,6
home_appliances_2,b839e41795b7f3ad94cc2014a52f6796,SP,4140.0,2
home_appliances_2,054694fa03fe82cec4b7551487331d74,SP,4084.0,6
home_appliances_2,13d058e4eeac2ce8217660b2f8a05812,SP,3829.77,23
home_appliances_2,ceaec5548eefc6e23e6607c5435102e7,SP,3389.77,9
home_appliances_2,01cf7e3d21494c41fb86034f2e714fa1,PR,3389.49,13
home_appliances_2,23d7c96d4a1160db1c726b248601b25a,SP,2009.7,3
home_appliances_2,6b333a05bf188ef3e1f1662a86bd9855,DF,1747.97,3
home_appliances_2,821fb029fc6e495ca4f08a35d51e53a5,SP,1595.0,1
home_appliances_2,d50d79cb34e38265a8649c383dcffd48,SP,1449.94,6
home_appliances_2,4eb61f060e7dcc1d5a80d806c35cc541,SP,1225.0,7
home_appliances_2,a414555ce331b8c8aea4a9cb8395194d,SP,1205.0,3
home_appliances_2,51ed72984a04e5dd35c2b27e77179038,SP,1071.5,5
home_appliances_2,8603f0038fe0e52fedd3382d266723de,SC,1047.0,4
home_appliances_2,9a1aea68d3efa00862ec88c0768037d0,SP,959.4,6
home_appliances_2,52d76513f0c4d97f3b99570e2c94ee31,RS,954.5,5
home_appliances_2,5d3bb11474a06bdc23fb9e89f1164ee0,SP,799.4,3
home_appliances_2,834f3294fba9f932f56edc879193f925,SP,749.0,1
home_appliances_2,86ccac0b835037332a596a33b6949ee1,SC,698.9,1
home_appliances_2,53336f97ddbe53e2a617d07b17447b95,SP,599.5,1
home_appliances_2,820c7c9eaf76d2b226b6c242bcf3f34d,SP,559.0,1
home_appliances_2,240b9776d844d37535668549a396af32,RJ,499.99,1
home_appliances_2,d17f467e4bf608a510c20d82f4ba3b6b,RS,388.35,1
home_appliances_2,6e4f5ff6b086632ba8dcb558fb10249e,RS,388.0,3
home_appliances_2,5f5a58930c3c35f3b5af264f34fb8c85,SP,278.0,2
home_appliances_2,94e93ce877be27a515118dbfd2c2be41,SP,189.9,1
home_appliances_2,820cc752a266cdc6c1a1e61dd4583330,PR,189.9,2
home_appliances_2,c68fb906c8f4b4b946d8386bfa6e5467,SP,183.38,1
home_appliances_2,b2ba3715d723d245138f291a6fe42594,SP,159.6,4
home_appliances_2,4e7c18b98d84e05cbae3ff0ff03846c2,SP,149.0,1
home_appliances_2,a513150f33f99a06569e9cd5c4bb889b,SP,128.65,1
home_appliances_2,30c7f28fd3a5897b2c82d152bb760c17,RJ,99.89,1
home_appliances_2,dee656f0f566ed1aa85bd137c943f08f,SP,95.45,3
home_appliances_2,d1ef48b38baca7e831711c4a0aeb398f,PR,89.95,5
home_appliances_2,7b7f91e98f8c6def45a1407923304402,SP,88.87,2
home_appliances_2,5194c22ed1f616ec0c0f33c571542879,MG,65.8,2
home_appliances_2,d66c305afaec317ebee552073a674429,MG,61.87,4
home_appliances_2,d66c11a9572221d92fbb8c4897db5f9b,RJ,60.18,2
home_appliances_2,52f9db5cfb423382a2fa5c9e39303202,SP,59.99,1
home_appliances_2,cfd7ddab722b902f7ac5b5f3ba6d723d,MG,45.32,2
home_comfort_2,4a3ca9315b744ce9f8e9374361493884,SP,335.4,26
home_comfort_2,3b15288545f8928d3e65a8f949a28291,SP,329.98,2
home_comfort_2,45d33f715e24d15a6ccf5c17b3a23e3c,SP,59.9,1
home_comfort_2,05aebce0b5c8f0d41b29b686f2d05fd3,SP,34.99,1
home_confort,2528513dd95219a6013d4d05176e391a,SP,26475.0,95
home_confort,4a3ca9315b744ce9f8e9374361493884,SP,24552.7,243
home_confort,11305281b50fff20ae8bb473f8e11876,MG,2469.84,16
home_confort,94e93ce877be27a515118dbfd2c2be41,SP,991.47,8
home_confort,5dceca129747e92ff8ef7a997dc4f8ca,SP,887.65,15
home_confort,520b493b57809f446cb0a233bb3e25c7,SP,621.0,19
home_confort,1900267e848ceeba8fa32d80c1a5f5a8,SP,597.94,6
home_confort,0bf0150d5b9d60d9cd2906003332f085,SP,439.5,5
home_confort,9add47bf45ce8e8c7db6b9cf670b1e09,PR,339.6,4
home_confort,7dc8c42cc750eeafea6c85712ffee9bf,SP,299.0,1
home_confort,f80edd2c5aaa505cc4b0a3b219abf4b8,SP,247.5,5
home_confort,33cbda8716511e27e556dff9d8418bf2,SC,120.7,3
home_confort,562f8cfc51f265411f487d07e9c40e7f,MG,110.0,2
home_confort,e49c26c3edfa46d227d5121a6b6e4d37,PE,94.76,1
home_confort,d20b021d3efdf267a402c402a48ea64b,SP,89.99,1
home_confort,f35becee938e982bd615edf8ef12bcfb,SP,88.89,3
home_confort,43a5d4a57af536fddc96d08be3afdfcb,MG,75.0,1
home_confort,b2ba3715d723d245138f291a6fe42594,SP,39.8,2
home_confort,2a1348e9addc1af5aaa619b1a3679d6b,MG,23.7,3
home_confort,3dfd3dc96f7f8598eca74e9ac8a2fa31,SP,8.0,1
home_construction,213b25e6f54661939f11710a6fddb871,SP,13919.5,176
home_construction,1025f0e2d44d7041d6cf58b6550e0bfa,SP,10227.5,61
home_construction,48162d548f5b1b11b9d29d1e01f75a61,SP,6096.6,28
home_construction,09f952a5f58d2285b0372551ae8f9b01,SP,5156.5,15
home_construction,37dd29b36c458d82f74a953c40c43645,SP,4536.99,8
home_construction,cb41bfbcbda0aea354a834ab222f9a59,SP,4002.0,12
home_construction,8a130737016f838139d31878787a39c9,SP,3795.73,54
home_construction,76d5af76d0271110f9af36c92573f765,SP,3387.3,11
home_construction,c64a2aec32cc408a8a4c6d7c46017f91,RS,3221.5,9
home_construction,3cfa1358a6caa965278721344c8d76f2,SP,3023.97,3
home_construction,02ecc2a19303f05e59ce133fd923fff7,SP,2053.94,9
home_construction,4a3ccda38b2129705f3fb522db62ca31,SP,1841.34,12
home_construction,95e03ca3d4146e4011985981aeb959b9,RJ,1678.8,18
home_construction,8378eb36b6b70c5734e83ad7b8cdc3b7,SC,1566.8,12
home_construction,a369d693961cb93b61ca2cc518872a85,SP,1409.0,14
home_construction,e3d3b3efac954a60d61be70b7e05b49b,SP,1282.05,3
home_construction,a478c7961d6a992065b24e63b366f90b,SC,1082.5,8
home_construction,52d76513f0c4d97f3b99570e2c94ee31,RS,979.69,4
home_construction,a99504ac23ed125aaf5302af6cc30af9,SP,978.0,1
home_construction,8648b1e89e9b349e32d3741b30ec737e,SP,880.1,10
home_construction,f7720c4fa8e3aba4546301ab80ea1f1b,PR,807.3,23
home_construction,821fb029fc6e495ca4f08a35d51e53a5,SP,778.0,2
home_construction,da4d149c0ddbac90557103ac0a0ec356,SP,730.0,1
home_construction,d9cd369bffa979d1634f8e1318bf2f1b,SP,678.0,3
home_construction,f125f3a310c2e5f822d116147de1e474,SP,616.0,3
home_construction,06532f10282704ef4c69168b914b77be,PR,595.0,1
home_construction,e433f5fd4050e3352b5d83522b7fe24b,PR,548.06,1
home_construction,c026ef0d72e9132d9fa112308090c8dc,RJ,520.0,1
home_construction,a23266650e7c84bb93fbbba502137478,RS,472.5,5
home_construction,9d5604a1f112324ad6b2aa552122e0fb,SP,421.5,17
home_construction,62c50c1af4dfdc4149d25c5222043d39,SP,419.97,3
home_construction,270297ead4c65a6cd2593960d2af6b21,SP,390.0,5
home_construction,b566ab0ef88016e00422755e305103c6,MG,385.0,2
home_construction,4978a02ea9c8be7a9b5480680f40334e,SP,377.96,4
home_construction,b44dbfbf62e52125f3c15d230569ea91,SP,338.58,7
home_construction,7178f9f4dd81dcef02f62acdf8151e01,SC,320.0,1
home_construction,2d22fc3089eb907b29ebff50581fb472,RJ,317.7,3
home_construction,fbc14c0cf93505ef89f64665ffa4a7b5,SP,249.98,2
home_construction,e0a366315b1b726b6c7832d664c0f530,SP,219.9,1
home_construction,411f3b52d857390502ee4e4d5ceabc2d,SP,203.8,2
home_construction,6bb62a4912377c7bfe7cb17b406bc7e6,SP,197.38,2
home_construction,7b98de631987e26dd6d803490c43a13c,PR,186.8,2
home_construction,964ff64dc05b13811c6d0f41e0aa5f6b,SP,180.0,1
home_construction,8ca1551acf9832a4cf467bbbac15851f,PR,170.0,2
home_construction,575df70bde3f9f2b30bf8d2e9910d725,SP,165.9,1
home_construction,5733d806668f8712c24b9abaefbfa642,SP,165.9,1
home_construction,d6b1ce66b035a475f00c017792ff9769,SP,149.9,1
home_construction,7ecef8194babfec876ca720714327841,SP,129.9,1
home_construction,412a4720f3e9431b4afa1476a1acddbe,SP,120.0,1
home_construction,7681ef142fd2c19048da7430856b5588,SP,110.0,2
home_construction,fedf2c1386e137f296b3bbf3b635e69d,SP,105.84,3
home_construction,373ee4a3a775a733770ca3f790b8b9ac,RJ,91.08,6
home_construction,18a349e75d307f4b4cc646a691ed4216,SP,89.15,3
home_construction,e62b2d6ac10570a035a30bafcf01d263,SP,85.9,1
home_construction,762ed976527cddf02787edba70fffa2a,PR,79.8,2
home_construction,a420f60ff1aa9acc80d0e42959f2b313,SP,70.0,2
home_construction,0bae85eb84b9fb3bd773911e89288d54,SP,69.81,1
home_construction,8d956fec2e4337affcb520f56fd8cbfd,SP,65.98,2
home_construction,165b1235e9e9942cb5fae67103576fb0,SP,65.1,3
home_construction,157c3e4b42f81ac4a44e8b1ca2fe9876,SP,60.0,4
home_construction,31eec405c9bb71dec8e2629a92e764fa,ES,56.9,1
home_construction,dd55f1bb788714a40e7954c3be6df745,SP,55.9,1
home_construction,cb6c9f5888a7a090c75beaf615925792,ES,29.95,1
home_construction,8f119a0aee85c0c8fc534629734e94fd,SP,22.5,1
home_construction,7e3f87d16fb353f408d467e74fbd8014,SP,20.9,1
home_construction,fd386aa7bed2af3c7035c65506c9b4a3,SP,13.5,1
home_construction,01fd077212124329bac32490e8ef80d9,SP,12.0,1
home_construction,392353362d22cc2c236e1ee81ff19890,SC,8.97,1
housewares,955fee9216a65b617aa5c0531780ce60,SP,30844.0,242
housewares,53e4c6e0f4312d4d2107a8c9cddf45cd,SP,27171.58,476
housewares,9de4643a8dbde634fe55621059d92273,SC,17294.41,74
housewares,729f06993dac8e860d4f02d7088ca48a,SP,16467.78,88
housewares,59b22a78efb79a4797979612b885db36,MG,15207.6,90
housewares,b8bc237ba3788b23da09c0f1f3a3288c,SC,13685.71,47
housewares,d94a40fd42351c259927028d163af842,MG,13525.8,106
housewares,813348c996469b40f2e028d5429d3495,SP,11205.83,202
housewares,ce7d1888639e6fb06b2749cbfdac1ff7,MG,10744.0,76
housewares,1b4c3a6f53068f0b6944d2d005c9fc89,SC,9881.11,61
housewares,ca3bd7cd9f149df75950150d010fe4a2,SP,9100.85,134
housewares,f8db351d8c4c4c22c6835c19a46f01b0,SP,9093.1,189
housewares,32b8764b4ef628b53608fc34011fcc13,SC,8884.0,38
housewares,33a17d60c64393351ebf1ef860f4e0f2,RS,8152.48,47
housewares,4bfc7a4a1cf8d4d2121c27422d9e50b5,SP,8124.4,40
housewares,0adac9fbd9a2b63cccaac4f8756c1ca8,SP,7946.56,114
housewares,b410bdd36d5db7a65dcd42b7ead933b8,GO,7726.9,44
housewares,b347677812ea483b0f528eaf8cbc09b7,PR,7189.99,20
housewares,febab0275244b9a49a623f0bd613ca2f,SP,7134.33,123
housewares,6fa9202c10491e472dffd59a3e82b2a3,SP,7014.24,3
housewares,cc63f0dd2acba93ffed4fe9f8e0321fa,SP,6928.71,62
housewares,8e6cc767478edae941d9bd9eb778d77a,MG,6823.46,113
housewares,33dd941c27854f7625b968cc6195a552,ES,6787.5,5
housewares,fffd5413c0700ac820c7069d66d98c89,SP,6762.8,48
housewares,0dd184061fb0eaa7ca37932c68ab91c5,SP,6741.92,63
housewares,e3b4998c7a498169dc7bce44e6bb6277,SP,6735.0,1
housewares,a2e874074c877c5a05abae80ad6e488f,SP,6665.5,39
housewares,aced59e9b31ef866a94f9e7f29d8d418,SP,6445.5,57
housewares,688756f717c462a206ad854c5027a64a,SP,5660.76,91
housewares,91f848e9f4be368f4318775aac733370,SP,5512.71,62
housewares,b6d44737c043328708f6749c2dbe50bd,SP,5369.6,80
housewares,4830e40640734fc1c52cd21127c341d4,SP,5112.48,123
housewares,7722b1df1b0e383e000397b2c11e3e19,SP,5043.95,102
housewares,0bae85eb84b9fb3bd773911e89288d54,SP,4531.98,77
housewares,06579cb253ecd5a3a12a9e6eb6bf8f47,SP,4465.5,69
housewares,3be634553519fb6536a03e1358e9fdc7,SP,4459.03,70
housewares,65febd49fd28ec955651299159b1f527,SP,4319.7,40
housewares,e333046ce6517bd8bb510291d44f0130,SP,4250.0,53
housewares,98dac6635aee4995d501a3972e047414,SP,4235.85,195
housewares,5c030029b5916fed0986310385ec9009,SC,4164.4,10
housewares,f76a3b1349b6df1ee875d1f3fa4340f0,SP,4160.79,24
housewares,835f0f7810c76831d6c7d24c7a646d4d,SP,4081.1,39
housewares,3ab971ce71839580d2ae5b4e40fe8044,SP,4078.9,30
housewares,b32be1695eb7ec5f10f72d9610a12527,RS,4070.0,10
housewares,e5a38146df062edaf55c38afa99e42dc,SP,3976.97,44
housewares,7dc8c42cc750eeafea6c85712ffee9bf,SP,3853.76,28
housewares,7a241947449cc45dbfda4f9d0798d9d0,MG,3834.65,37
housewares,5b179e9e8cc7ab6fd113a46ca584da81,SP,3827.2,28
housewares,ec80e49e69745ab6c14f984bf2149423,SP,3709.0,12
housewares,b19f3ca2ea475913750f25a5c37c8d8f,MG,3643.32,20
housewares,ed4311e67debd72b8610a5347a743087,SP,3636.0,26
housewares,7040e82f899a04d1b434b795a43b4617,SP,3567.3,37
housewares,218f991754f360af9c2daa5e0b8e990c,SP,3554.32,17
housewares,e26901d5ab434ce92fd9b5c256820a4e,SP,3496.4,56
housewares,f0837c8d71434931d9e38e7b79234797,RS,3446.9,23
housewares,99a54764c341d5dc80b4a8fac4eba3fb,SP,3333.16,63
housewares,994f04b3718c2bab35c2adfa8afecd2a,SP,3282.0,54
housewares,5b35136197710e16ac5e7b7c2bd4ea85,RJ,3104.2,9
housewares,4c18691b6037662be2df78a765d98ab5,SP,2958.53,59
housewares,6edacfd9f9074789dad6d62ba7950b9c,SP,2934.3,57
housewares,17ca9b9e9b9ef8fdb529001b49ebb50f,MG,2870.98,24
housewares,95e03ca3d4146e4011985981aeb959b9,RJ,2848.86,52
housewares,9baf5cb77970f539089d09a38bcec5c3,SP,2787.85,15
housewares,05feb94f19d094d4b0f9281f0b1d4c99,SP,2626.0,2
housewares,c68fb906c8f4b4b946d8386bfa6e5467,SP,2612.65,33
housewares,c2d70ce2c5d0a2eb75e78668236e6dc8,SP,2470.9,15
housewares,d25aa0aaacb370e912f8cf6efeba38b3,SC,2385.29,19
housewares,d50d79cb34e38265a8649c383dcffd48,SP,2379.86,14
housewares,49e7217cfe4e427191c378ec626d8737,MG,2372.8,13
housewares,cc5a78bbad32776dc4e3af205218368c,MG,2366.66,28
housewares,df91910b6a03bb2e3358fa6a35e32f6f,SP,2312.1,14
housewares,cfd7ddab722b902f7ac5b5f3ba6d723d,MG,2193.91,6
housewares,382229d1e840115ffe3dbf5ff460e417,RJ,2188.61,12
housewares,d32e3909cfb714fb2a6cb092c85b9c5f,SP,2169.3,7
housewares,dbb9b48c841a0e39e21f98e1a6b2ec3e,SP,2153.85,44
housewares,dfa0c4c6229ab200a4a1336b4d7128ff,SC,2103.2,41
housewares,4992e76a42cb3aad7a7047e0d3d7e729,SP,2070.6,69
housewares,2ff97219cb8622eaf3cd89b7d9c09824,SP,2060.2,43
housewares,5cbbd5a299cab112b7bf23862255e43e,PR,2012.4,17
housewares,c6381d2d013342748761e906d45aff76,RS,1967.98,25
housewares,38e679b9e0064cd94c6f035707344dae,PR,1867.24,11
housewares,276677b5d08786d5dce7c2149dcce48b,MG,1843.9,31
housewares,c679fb69a36e1d8349e8c50a217b4d58,RS,1802.7,16
housewares,397c4d0c005b6f41f90098ac724e28cb,SP,1799.0,1
housewares,b499c00f28f4b7069ff6550af8c1348a,SP,1784.76,24
housewares,01cf7e3d21494c41fb86034f2e714fa1,PR,1742.1,19
housewares,7299e27ed73d2ad986de7f7c77d919fa,MG,1650.24,79
housewares,94e93ce877be27a515118dbfd2c2be41,SP,1639.0,10
housewares,3078096983cf766a32a06257648502d1,SP,1633.1,11
housewares,cac876b37d3abcd6bd76caca30277996,PR,1629.98,22
housewares,ffdd9f82b9a447f6f8d4b91554cc7dd3,PR,1626.6,17
housewares,cd06602b43d8800bd0afad514919d35c,SP,1588.19,47
housewares,9f505651f4a6abe901a56cdc21508025,SP,1579.66,34
housewares,3785b653b1b82de85ab47dd139938091,PR,1552.0,24
housewares,dfc475d54e1b6dbeeb7d7d9bdaa63827,PR,1542.25,20
housewares,ea6b12bf9ffe2bac34602ec631d97a47,SP,1525.7,2
housewares,8a2d12a90e92f012ce5226fc6592b653,PR,1505.65,17
housewares,b33aaadd1a8891d2dfef0c4c3bdf0371,SP,1504.0,17
housewares,c7b7db6c8f3c64a7cc1afa634db21d50,SP,1489.0,1
housewares,f0b47fbbc6dee9aafe415a6e33051b3f,SP,1483.59,36
housewares,5e105f5c9f63f5f1fd75d6cb942e55b1,SP,1471.9,8
housewares,b8114f2f589a6804810f04f99b36b498,SP,1399.62,11
housewares,f7496d659ca9fdaf323c0aae84176632,SP,1389.48,7
housewares,70eea00b476a314817cefde4aad4f89a,SP,1384.0,9
housewares,edc518ba25576a0188a0e8f2c3af186f,SP,1374.2,3
housewares,520b493b57809f446cb0a233bb3e25c7,SP,1369.3,28
housewares,556a6409838156ea299c9d1f9e2dde43,PR,1362.8,4
housewares,2dcf93836ae3ce0d7c93e2f10876467a,SP,1344.0,10
housewares,186cdd1b2df32caa72cfb410bba768d3,SC,1341.45,6
housewares,8b28d096634035667e8263d57ba3368c,SP,1310.2,31
housewares,7357b52d27cbaa90f81a96cbc1279396,MG,1274.37,11
housewares,c731d18cea9bf687ffee82a241c25b11,SC,1260.0,9
housewares,671585f5a2af58b6e276bc01003c0d2b,PR,1244.0,27
housewares,7daca0837f033a41a6f3428c18657533,SP,1228.98,7
housewares,e63e8bfa530fb16910dd6956e592bb81,SP,1222.0,40
housewares,0be8ff43f22e456b4e0371b2245e4d01,SP,1207.6,25
housewares,e504a4e2efaa45cbff7e268a2c58c956,SP,1188.8,12
housewares,e256a62e0ac58c0edfba09966142d561,PR,1178.89,13
housewares,725af026f869236a8dd0ceb98564d156,MG,1177.71,8
housewares,b335c59ab742f751a85db9c411a86739,MG,1146.36,14
housewares,42fa4ee7240e9b8eb4576358ec142ba7,RS,1145.0,6
housewares,099095b050cfe8eb1ddff5317587e96e,SP,1130.93,9
housewares,0725b8c0f3f906e58f70cbe76b7c748c,SP,1122.73,16
housewares,0ed6ce5d87fd9c69eaacaeb778d67235,SP,1109.6,14
housewares,fe87f472055fbcf1d7e691c00b1560dc,SP,1085.8,6
housewares,f61c63d13f7cd800549d5acdd390ae72,SP,1014.3,17
housewares,28872dc528e978a639754bc8c2ce5a4c,RS,1009.9,1
housewares,00720abe85ba0859807595bbf045a33b,SP,1007.5,26
housewares,edd066cd02126d7800f9b66e980e9931,DF,987.7,6
housewares,ceaec5548eefc6e23e6607c5435102e7,SP,986.39,8
housewares,9261d76c62caaf0b24677c2ceb7f8f20,SC,968.7,7
housewares,f1b93673502375d491780bb49d615dbc,SP,960.24,3
housewares,870d0118f7a9d85960f29ad89d5d989a,MG,955.1,9
housewares,530ec6109d11eaaf87999465c6afee01,PR,940.1,9
housewares,69b5eaa096c3f9d1e5c398c597f567d6,SP,938.0,2
housewares,10ff823eda2b032e2c93d17a7d294736,SP,914.99,7
housewares,430315b7bb4b6e4b3c978f9dfa9b0558,SP,912.4,6
housewares,d379f449f2a3b271bc01c0782020f705,MG,907.5,11
housewares,5d3bb11474a06bdc23fb9e89f1164ee0,SP,897.8,11
housewares,594f9aaa48e5bf431f011ddc5669b0d5,MG,893.1,15
housewares,f3da5b2ff499efb8d4a6d371d175d7dd,SP,892.68,23
housewares,1f867308a0ce13133a4e639ff4de0c02,PR,875.1,13
housewares,2199e7fe213c16213bf5d6a7eadc9a5d,SP,862.8,7
housewares,ddd51ae8cda92f3995a51fc0f0f3eec7,RJ,842.7,25
housewares,0791d9fc1e30678ecf03d3e55fa108d3,MG,842.0,11
housewares,297d5eccd19fa9a83b2630071ff105e4,PR,834.97,8
housewares,7aa538dd6e114e503a2e6154ea352253,SP,829.88,3
housewares,93b9a99027bd8bd6af682aff18dd19bf,SP,824.0,6
housewares,5075aaa8404020ae6aa8bf4792099b41,MG,799.0,1
housewares,5a05a16bb50629ee31afab8a6d4c2674,RS,794.3,15
housewares,b81e3a6c866a764974fe849821abeebd,SP,786.48,8
housewares,71271995e85f5b8530be99ed54a91b89,RS,776.0,8
housewares,ce248b21cb2adc36282ede306b7660e5,SC,719.92,4
housewares,d921b68bf747894be13a97ae52b0f386,MG,715.8,5
housewares,aac29b1b99776be73c3049939652091d,MG,708.6,16
housewares,dc4a0fc896dc34b0d5bfec8438291c80,SP,694.46,11
housewares,d17f467e4bf608a510c20d82f4ba3b6b,RS,685.27,4
housewares,f5f46307a4d15880ca14fab4ad9dfc9b,SC,679.0,2
housewares,1554a68530182680ad5c8b042c3ab563,MG,677.22,15
housewares,75a4764c108403a7a0575140cb22287c,RS,676.99,8
housewares,7ade73f1b9b4e965f9009a4c3a7e2c15,SP,669.2,8
housewares,8a432f4e5b471f8da497d7dc517666e2,SP,667.0,13
housewares,6f83d9e4da896daae20b9b6b2d3ff8d2,PR,666.39,9
housewares,d66c305afaec317ebee552073a674429,MG,660.87,2
housewares,f9903dd0f812c7e771fcad47b6fff231,SC,659.98,2
housewares,2a7dc43cecabf23403078e2188437d1d,SP,658.9,11
housewares,dd2bdf855a9172734fbc3744021ae9b9,MG,652.2,8
housewares,8ff1a9df749e454105c55cda13e79143,SP,645.3,7
housewares,3d8fa2f5b647373c8620330c4e077a9f,SP,629.91,9
housewares,165b1235e9e9942cb5fae67103576fb0,SP,627.8,2
housewares,c6a7539d424a8402232c2228d7a03c5e,SP,607.5,15
housewares,c4fb51fb1c5b7c07bc5e67be6e7e8f6e,PR,605.9,11
housewares,d94ba08b99bedd6a5f6c875ecc4a6fac,PR,599.0,10
housewares,05d2173d43ea568aa0540eba70d2ca76,MG,580.0,4
housewares,2a84855fd20af891be03bc5924d2b453,MG,578.8,13
housewares,432c37c9dfba871172ec162e20118b8c,DF,575.98,16
housewares,74636e24f01da9268b0ed88dacd8513e,SP,567.0,3
housewares,9c690ceacd5c66731bf443ea810195cb,MG,560.5,5
housewares,282f23a9769b2690c5dda22e316f9941,MG,547.52,12
housewares,228e4c1a0be164f613d41c24345f9d2c,PR,539.7,5
housewares,1f7fd2a6fcd5a6fa5d8a4dabc72aaae0,RS,531.8,3
housewares,ffc470761de7d0232558ba5e786e57b7,SP,530.29,11
housewares,ad273c9eb54ecb4532de4bf75bae9e4e,PR,530.0,10
housewares,240b9776d844d37535668549a396af32,RJ,509.38,8
housewares,cbf09e831b0c11f6f23ffb51004db972,SP,507.2,8
housewares,2156f2671501a81034d7d07f217609d0,SP,499.9,1
housewares,04e38a233f726ef161074ab1c9b0399a,SP,493.0,10
housewares,b74d1c09cb380e1d03a6f859c6f4224b,RJ,487.86,13
housewares,6219ba2359cfb97f2e38fd4c321eb309,SP,487.5,6
housewares,577719699805dd125d5b6fdde5943bba,RS,484.15,6
housewares,94231344608e603693b0a8891143f65d,SP,483.0,2
housewares,cca3071e3e9bb7d12640c9fbe2301306,SP,473.1,19
housewares,5f1dc28029d2c244352a68107ec2b542,SP,469.7,13
housewares,038b75b729c8a9a04b0d07cba7eabe86,SP,467.0,2
housewares,fc4751cfe3b279c419615b9b00c1abb4,PR,453.7,1
housewares,57c764b4a836300be881e2ff86e449f9,SP,446.7,23
housewares,55bb6fe5bebe5012e2d7d9928e1128ff,SP,441.0,4
housewares,d9442042130b7fe579d1295f9f4a248f,SP,439.9,11
housewares,fdaaf5bfda82b7b80535610c831b8d09,SP,439.9,1
housewares,64c9a1db4e73e19aaafd3286dc448c96,PR,439.0,1
housewares,c8417879a15366a17c30af34c798c332,SP,438.9,12
housewares,ed859002ad59dbf8cf3602696a6c3000,PR,419.9,1
housewares,f45122a9ab94eb4f3f8953578bc0c560,SP,417.9,7
housewares,b92e3c8f9738272ff7c59e111e108d7c,MG,409.8,2
housewares,ab3e0c171fe84a7ba7de130f19cfb485,PR,403.95,5
housewares,575df70bde3f9f2b30bf8d2e9910d725,SP,399.8,2
housewares,73da1880b39c71de2b262bc7720c1494,SP,398.0,2
housewares,9b76ad3d04236f76bc71c59470305e13,SP,394.7,3
housewares,bc30de0d71bd6260b936a026b5cf7200,SP,392.37,3
housewares,c1f12f926d0ba950578b4fa41115cbb6,SP,389.7,3
housewares,138dbe45fc62f1e244378131a6801526,SP,387.2,18
housewares,b3f19518fcec265b2e97af287725f981,SP,386.92,8
housewares,3092c0b297aacfb4bb6e056ebe13b9b8,SP,383.3,7
housewares,933446e9a59dece7ae9175103820ca8f,PR,381.39,3
housewares,9853a239ab7b7ebbdc3a21248d5b8e1f,PR,381.0,5
housewares,117cfc326c6d50da67ca858ff5c0c852,RJ,379.6,4
housewares,c1849d4d32d7a6cecd5aa471809d3135,SP,359.0,1
housewares,681fce914360217db47784ae28905a96,PR,350.0,1
housewares,3968920b9aa752ab98f7d5888c9252f2,SP,341.8,7
housewares,dee656f0f566ed1aa85bd137c943f08f,SP,340.7,9
housewares,de23c3b98a88888289c6f5cc1209054a,SP,338.99,2
housewares,e06f09ec0a4aca210779cf1cfc63cf19,SP,331.2,6
housewares,7b7ed56ae755e2880f2b69632e839c1e,GO,321.5,5
housewares,15aac934c58d886785ac1b17953ea898,ES,320.0,2
housewares,f4ce8ca9fa7157e3b33f536ac9a4487d,SP,319.8,2
housewares,0509040ea3fe50071181bbc359eb7738,MG,319.05,9
housewares,7b7f91e98f8c6def45a1407923304402,SP,304.9,11
housewares,6d988d6174a2c27441597174f8905515,PR,303.2,16
housewares,daeb5653dd96c1b11860f72209795012,MG,303.0,10
housewares,7d7d2b7a51328016102d4528c411d630,SP,302.8,4
housewares,3db66a856d18a9cba7c9241fc5221c50,MG,299.8,2
housewares,bfd938b22bc99bce1ae60dc602889f52,RJ,299.4,6
housewares,bf00385a5f7fc1ef39a13c2e9ee50a5f,SP,289.4,6
housewares,d1e2fe627180431ffda076abb303c56f,RJ,289.0,1
housewares,6426d21aca402a131fc0a5d0960a3c90,SP,282.2,8
housewares,b64d51f0435e884e8de603b1655155ae,SP,281.98,15
housewares,acf974e4d5950ad143a247471b831eb9,RS,280.7,7
housewares,412a4720f3e9431b4afa1476a1acddbe,SP,278.0,6
housewares,784ba75dd9d20200c4caed3d7a77141a,SP,275.7,3
housewares,1976a05ecf2996d6ffb7b5430e635fe7,SP,269.4,3
housewares,6cd68b3ed6d59aaa9fece558ad360c0a,MG,265.19,7
housewares,f181738b150df1f37cb0bd72e705b193,SP,253.7,13
housewares,4e922959ae960d389249c378d1c939f5,SP,249.9,2
housewares,ea1776927851da2532aa70d6a32c095a,SP,249.0,1
housewares,5d0363b33554b373851fc1622e4d5f3c,SP,244.0,2
housewares,14f2b3587172b9db894c9bad8dab520b,RS,244.0,2
housewares,31be790e64fc99f8ff48ec2bd18a3104,SP,241.4,6
housewares,38102b031c2a15e54623d711bfc753d3,CE,240.0,5
housewares,be3b4b0f050a6aa1b2d901c4b77e979f,PR,239.4,6
housewares,ac6417315ae5da8f9a38ee11de6f7780,SP,239.1,2
housewares,df47da4ae86fa4db890d05aaf24e21d8,SP,235.6,4
housewares,8c16d1f32a54d92897cc437244442e1b,SC,235.0,8
housewares,9539213aa8e023c01937bef95dc006da,SP,229.1,9
housewares,960945e1a9535cbc0cd6ddd35fbe7ae8,SP,228.9,3
housewares,1c40343cc5d18c2d8248ac2f3366de34,SP,224.96,4
housewares,054694fa03fe82cec4b7551487331d74,SP,224.1,1
housewares,ed8cb7b190ceb6067227478e48cf8dde,SP,221.42,5
housewares,3504c0cb71d7fa48d967e0e4c94d59d9,SP,220.56,7
housewares,7e3dde9ffba72d5340f9aaf09b4424be,PR,220.0,1
housewares,b586cd24c010a13916af621b0325fbba,SC,219.99,1
housewares,11305281b50fff20ae8bb473f8e11876,MG,219.79,3
housewares,6548c2550b6e2d8f18053216e1c7b6f3,SP,217.7,5
housewares,fd386aa7bed2af3c7035c65506c9b4a3,SP,214.57,11
housewares,4e8dacf3d38f281ae26c3e0321d92d88,SP,209.3,7
housewares,c840d3fdbba0790404fdae73d253b253,PR,209.0,1
housewares,f52c2422904463fdd7741f99045fecb6,SP,206.8,7
housewares,eb5b6204dde3a6e03b5f1bb8479f055b,SP,201.48,12
housewares,5db42a6cd9bf1bf0d3aab9582767f168,ES,200.0,1
housewares,4a1f694197d05fe70026b016a7316b41,SP,199.96,4
housewares,45ba18c210d42734ec52c0c1c574e9ee,SP,199.9,1
housewares,2aa3443d7bf9d9bb11133f420d75e083,RJ,199.8,2
housewares,e6a69c4a27dfdd98ffe5aa757ad744bc,SP,197.2,14
housewares,1b45169b635ef59425637e9a33eb5fb3,PR,196.0,4
housewares,70a12e78e608ac31179aea7f8422044b,SP,196.0,4
housewares,f356c348fbc8df6a882823e21f5ce8b7,RS,195.18,2
housewares,152ee17e4c8aaf53dac99f3462e4999b,SC,194.96,4
housewares,9c54608f0996c32ae4743089d915f845,PR,194.8,3
housewares,709e16e2b25c7474d980076c6bfc4806,SP,194.6,4
housewares,626ab1cd96932367f0eeec2e47046c12,SP,190.0,1
housewares,33cbda8716511e27e556dff9d8418bf2,SC,189.9,1
housewares,9674754b5a0cb32b638cec001178f799,SP,189.9,1
housewares,534a01cc6df1e034e05c32028a291fa2,SP,186.6,4
housewares,715bbd5ba4e6b74cb0d2f29eb45058b0,SP,184.0,4
housewares,b2c97074649f92197d9387d9033dda5f,SP,182.65,3
housewares,46ef1a25845fc051c2998d878354810c,MG,181.91,4
housewares,a673821011d0cec28146ea42f5ab767f,SP,179.8,2
housewares,19e0f40a907ec568c34bfac15de4f4a1,SP,178.0,4
housewares,eb72802c83dc7547529c9546d1a9b8ef,SP,174.99,1
housewares,dd9661d3cda1e6feb237f0c4d8b26f2e,SC,174.0,1
housewares,888faa8bfb0b159c37de6d898b961c31,SC,170.76,4
housewares,3c3017960b2dbd72711a61f0400aab8f,SC,169.9,1
housewares,5444b12c82f21c923f2639ebc722c1ea,SP,169.9,1
housewares,6a51fc556dab5f766ced6fbc860bc613,SP,169.9,1
housewares,fadb07c842a2aef5d5a676b85f220e71,SP,169.89,2
housewares,e73bf2cea7fe4b0b4d287a7568ed1099,SC,169.0,1
housewares,8f119a0aee85c0c8fc534629734e94fd,SP,168.38,6
housewares,508808d438fe2ff972ed13bb8f4a82e2,SP,166.96,4
housewares,68ca56ce86830f3d31b1b7ec6a54da3e,PR,166.89,2
housewares,e45edf75f568ed2f93f78d060e246e25,RJ,164.3,7
housewares,adcf50477d6a1f5d91bb9d54c4903cb5,MG,162.08,2
housewares,2039c5e51785b5dde7cf93ccb3b7be2c,SP,159.9,1
housewares,2ec6e37d992a95eaddb3369dcbcc76d9,RS,159.8,2
housewares,98dddbc4601dd4443ca174359b237166,PR,158.0,2
housewares,ea65d8b58316a6f2362f2a9e4b3e86ad,SP,151.9,1
housewares,aba1721a889e04decc910aa13b768ef4,SP,151.0,1
housewares,4e17c65a516f69d023a2ae78b84f28d6,SP,150.59,9
housewares,4ebdc7e6cd6102a022dadc49156d4ea8,SP,150.0,5
housewares,3be5841cdcc46de4ed3f9116f104b2c5,SP,149.9,1
housewares,63272377184e969942f7fff221be858d,SP,149.7,2
housewares,7a188843479798ca813108fa7b959286,SP,149.7,3
housewares,b7ed9fb14c8eadb37adb9c45d67ab0fb,SP,148.0,4
housewares,8ca5b19e0263150d2c57afdde2b3d011,SP,145.8,2
housewares,537eb890efff034a88679788b647c564,RJ,143.3,7
housewares,2f9b7ce230a057a98a9f5df5893ee36c,SP,141.82,2
housewares,59bbc819b99a733f02f0d6b49d1c253d,SP,139.8,2
housewares,717b78b0950b51ed00b1471d858b0edc,SP,138.6,5
housewares,ae8bfdbf1c2a2a2dee92d799db0a31c6,PR,135.97,3
housewares,3969863bb8af7f72580b3b1ffd3a17b3,SP,134.97,3
housewares,929f342384a6607afe143d789ade1316,PR,133.0,2
housewares,7ecef8194babfec876ca720714327841,SP,132.0,2
housewares,7adbd3210a7b3cc2235e225eef33574d,SP,131.9,3
housewares,3dfd3dc96f7f8598eca74e9ac8a2fa31,SP,130.0,3
housewares,f214d28e8d8e3ef068748498ccc2f813,SP,129.99,1
housewares,5721089ba9214e80074f27d5a03fc0eb,SP,129.98,2
housewares,a420f60ff1aa9acc80d0e42959f2b313,SP,129.8,3
housewares,55d3daac7c404d59e51c2aa2f4dc5a23,SP,129.0,1
housewares,8b2d4ab22f42c5cfc338b846decfda60,PR,128.0,1
housewares,57df9869a600bd6b7c405f2a862eccfb,MG,125.0,5
housewares,76ea5315acb3f5f7ade3cd261faf922a,SP,124.7,3
housewares,902c99f1ac505c0d18778b61bcd636f7,SP,123.47,3
housewares,e8a85b5f3df47be0984c55fd4064dbb4,DF,122.0,9
housewares,6806dad1da97bfb5a9038eac6881f706,PR,120.0,5
housewares,35281d148dcf7134bae913c57db4e6da,SP,119.99,1
housewares,e9b6c33b71b67737693b4cfa68341c8d,SP,119.9,1
housewares,674207551483fec113276b67b0d871ff,SP,119.9,1
housewares,7c4402417d51474d4d0cda9557340e40,SP,119.9,1
housewares,bbad7e518d7af88a0897397ffdca1979,SP,119.8,2
housewares,4736e9d642ef4257cd7622516931eb51,SP,119.0,3
housewares,1da3aeb70d7989d1e6d9b0e887f97c23,SP,118.9,10
housewares,20a8b0dc55da94fe74d112082427c84f,SP,118.0,1
housewares,40ec8ab6cdafbcc4f544da38c67da39a,PR,117.8,2
housewares,3361277dc30b7cccdb0c286b24219756,PR,115.45,6
housewares,3d4824f20035949c710eaf111f869d39,SP,114.38,1
housewares,1e8c6a4c538f286aee9573239740a4b4,SP,110.0,1
housewares,32f1bb9dfa65bc7df5c0d9d95a616be4,SP,109.6,4
housewares,6ec1a01e866584bb679eb9b098345919,SP,107.97,3
housewares,e5d4b2b0c3bca22085f7a19a28de0c42,SC,107.9,2
housewares,077c5fae4bea9500e3737b16f71b9d3a,SP,106.8,6
housewares,d9a84e1403de8da0c3aa531d6d108ba6,SP,106.7,3
housewares,a218df5c097b0ca409cfaac1488cc7f6,SP,104.8,2
housewares,404e1ba01358af4cd63f679b2c4d1fa1,MG,104.8,3
housewares,c157bdeedcbc9a8e3c8bf0d87ff24428,SP,104.8,2
housewares,e1643dff33666ca629e3644c02738179,SP,104.0,1
housewares,e99e927c81e3f51739c94fcdfca9f10f,MG,99.99,1
housewares,54a1852d1b8f10312c55e906355666ee,SP,99.98,2
housewares,ab9db4cf53b08b828b64dccaafc2d9f0,RS,99.89,1
housewares,2d20f1cd18725c91147da0791d498022,PR,99.8,1
housewares,1fbe10c70e30765ed1de86d9f7e98409,SP,98.75,6
housewares,e3e15e2c0b9700561efac21c6be48066,SP,97.24,4
housewares,f43827dd686be3a4a80e00aa299990fb,SP,95.54,2
housewares,3d5d0dc7073a299e31fa718ce1bc00b6,RJ,95.0,5
housewares,253c025bab43881055aeecde5e2d8b77,PR,94.82,2
housewares,95ec4458365c4d11f452ccf538377619,SP,94.5,5
housewares,7f7b8245c336066a1f9933c359f11d77,SP,94.0,1
housewares,cac4c8e7b1ca6252d8f20b2fc1a2e4af,SP,92.94,6
housewares,e9779976487b77c6d4ac45f75ec7afe9,SP,90.68,8
housewares,f8f35af4634605e6693c17cc3ffff5a8,MG,90.0,1
housewares,cd6efc47efaabf134f8bdb654e10b4f1,RJ,89.99,1
housewares,d7d517afce974cd491b8d52bb5b5b1fc,SP,89.99,1
housewares,23d7c96d4a1160db1c726b248601b25a,SP,89.9,1
housewares,2ea0861cc19e94cad86438c984c52da4,SP,88.8,2
housewares,4eb61f060e7dcc1d5a80d806c35cc541,SP,88.0,1
housewares,fa7ad8ae9bcb2c4493fdf38e96b1d74f,SP,88.0,2
housewares,750303a20e9c56b2a6bc45cdce0b897d,GO,86.6,3
housewares,78ba5933c21686d1c2f64669c8c459e7,SP,85.9,1
housewares,d5c530f4884a75ae0dba9c148718d278,MG,85.4,2
housewares,7f02656561b680def9986c0795a8a080,SP,84.0,2
housewares,3d0cd21d41671c46f82cd11176bf7277,SC,83.8,1
housewares,31561f325664a8a7aba4c8d0c3a9b3db,SP,82.49,2
housewares,0432ead42b6c8a0bdf68154add917fdf,SP,79.9,1
housewares,082e0bf4cb865a6533b1e8e498cc0255,SP,79.9,1
housewares,1e483cc5c76fef08d3ca05f9a8af7d01,SP,79.8,2
housewares,1336efc61c316ddf92c899eb817f7cae,SP,79.0,2
housewares,d4ffeb15b67e81ff9af2b4252d99fb7e,SP,79.0,1
housewares,739c7d7be81f63812dea0d1b1451c651,PB,77.5,2
housewares,6481e96574816ead57975da2c0f6d80d,SP,77.0,1
housewares,0bfd0b434243adc5c2e1aa6baf19c6aa,RJ,76.4,2
housewares,c85d7b477a709c85a1e8b8f25aa1b270,SP,75.0,2
housewares,ec21206b7894c503788a684a7bc822a6,RJ,75.0,1
housewares,9c3a1c416c765687bc79a04113269929,MG,74.9,1
housewares,bb7a14e229b1c95156719c3d9552eeee,RJ,74.9,1
housewares,7bcd7c5f8631701474db233ccf1c094b,SP,72.0,1
housewares,9dda5bbacd45e18d6485fee649205d09,MG,69.9,1
housewares,d12c926d74ceff0a90a21184466ce161,SP,69.9,1
housewares,5587130f9850696ed7fafbc91c2cee44,SP,69.8,2
housewares,ffff564a4f9085cd26170f4732393726,SP,69.3,2
housewares,e5c84227854980f1db19a58958c551d9,PR,65.31,3
housewares,8d92f3ea807b89465643c219455e7369,SP,63.9,1
housewares,9e94fa26a70ede4d26226e918e8706a2,SP,62.8,1
housewares,f0ec78809fe0bc3edb11c9fe5b97b059,SP,62.6,2
housewares,9ac75591b69c3402684b6ce0310f22ee,SP,60.5,1
housewares,6c177e38df6d3f34182b1f1d427231bf,PR,59.9,1
housewares,43b2c864251aa0ce4030c746984e088a,DF,59.9,1
housewares,ccf8813e5a7d6c84d865cd38bfc2b130,SP,59.9,1
housewares,dd5450b022b2d00a2145a66331e1aef6,SC,59.0,1
housewares,fa18c782a4866d313cadab567097f8f1,MG,58.99,1
housewares,9596c870880d900012f2e8e6e30d06d7,MG,58.9,1
housewares,a49928bcdf77c55c6d6e05e09a9b4ca5,SP,57.0,3
housewares,33d677f27a69b84051204ee4ae76eaca,SC,56.7,3
housewares,f9ec7093df3a7b346b7bcf7864069ca3,SP,56.2,3
housewares,bba74270a87732727b5a3b4fd9ac1c39,MG,53.99,1
housewares,8f78f0903005064036736c7173a5c2ed,MG,53.8,2
housewares,085f6f7e049c996695fb2074fe38d45e,SP,53.1,3
housewares,84c945f15571830c1a91a33978e94009,SP,51.98,2
housewares,92c8bc6e8f925792247656fed09aad65,SP,51.9,1
housewares,23a0ffca143a15b9b5bbdb7d552f626a,SP,49.99,1
housewares,9d7a1d34a5052409006425275ba1c2b4,SP,49.99,1
housewares,e62b2d6ac10570a035a30bafcf01d263,SP,49.9,1
housewares,1cbd32d00d01bb8087a5eb088612fd9c,SP,49.24,2
housewares,417a1e6c7321084d2a0ae0d023cfad93,RS,48.9,1
housewares,440dd6ab244315c632130ecfb63827b1,SP,48.3,3
housewares,a414555ce331b8c8aea4a9cb8395194d,SP,45.99,1
housewares,3903c788ded8dc03b5ebab37a2f3e9a1,SP,45.98,2
housewares,bb135baca94c82fcb731335ad5b04a03,SP,45.0,1
housewares,5a4236931428800e9d9cc04af0987118,SP,44.97,3
housewares,e82de6494d91d3c4c54450f59b227a94,SP,42.9,1
housewares,4125d9385a25e82d2f72d3a0fd55bc3f,SP,42.9,1
housewares,066a6914e1ebf3ea95a216c73a986b91,PR,39.99,1
housewares,e883aa812c37a7413226856f4579fe91,SP,39.9,1
housewares,a2deecd5398f5df4987110c80a1972a3,SP,39.9,1
housewares,5de1c80811ce7007f62f00d971236c09,SC,39.9,1
housewares,b452cb0ae35044c4a53179c39f49fb06,SP,39.8,1
housewares,87142160b41353c4e5fca2360caf6f92,RS,39.8,2
housewares,c273175f7c6c80fb02f051e2fc6d0d72,SP,37.9,1
housewares,634964b17796e64304cadf1ad3050fb7,RJ,37.9,1
housewares,821fb029fc6e495ca4f08a35d51e53a5,SP,37.14,2
housewares,7681ef142fd2c19048da7430856b5588,SP,36.89,1
housewares,a5ff20ff766e7f50bd5066f33da14413,SP,36.59,2
housewares,bd4ff04377f974574f7f0bf9d6ce7dde,SP,34.99,1
housewares,741f8c587cb4248ebc5b779a0e8e0e51,SP,34.98,2
housewares,596849622429351f47b32e6cae1055ff,SP,34.9,1
housewares,2f74af7a0ee5636f12c2336f9fffed47,SP,34.9,1
housewares,ec2e006556300a79a5a91e4876ab3a56,SP,34.9,1
housewares,2bf28e311bba65237358230cabac3f15,PR,34.0,1
housewares,0dfbed20065e425d2eaefb101f9816c0,SP,33.99,1
housewares,822166ed1e47908f7cfb49946d03c726,RJ,32.79,1
housewares,cac4e0bc1a3269fa2b6ea5e763f6115b,SC,32.04,2
housewares,a06c8ff043abea0528ee44171e2140a2,MG,31.9,1
housewares,5def4c3732941a971cba8fdee992ede1,SP,31.0,2
housewares,9315e491484b1b0081ca166fc164108d,PR,29.99,1
housewares,7c1fea10b5b006671d608b1d7c446ec4,SP,29.9,1
housewares,528ce32f560edd11add4169f6a5b65be,SP,29.9,1
housewares,411f3b52d857390502ee4e4d5ceabc2d,SP,29.84,1
housewares,7d7866a99a8656a42c7ff6352a433410,SP,28.99,1
housewares,70c0fda4c313d87115644d39e62eec60,PE,25.99,1
housewares,b76a1f8356322f12529c37b67d5c96c2,SP,23.9,1
housewares,ef2fbc2b607d8492bcffe657a4645434,RJ,22.9,1
housewares,0bb27263628258b8111a0262769fa9db,SP,22.2,1
housewares,1d503743d2526f03f0c2c89540ee008c,SP,21.99,1
housewares,a425f92c199eb576938df686728acd20,PR,21.9,1
housewares,668bf321538e5072858eaef6087ce027,PR,19.9,1
housewares,90b57083da5d803237da74daec6dcb2b,PR,17.9,1
housewares,55029529919c0123526150bd26ca8f20,MG,17.0,1
housewares,25e6ffe976bd75618accfe16cefcbd0d,SP,15.0,1
housewares,a61cc04793308395a840807104365121,SP,14.63,1
housewares,45c20d94d9171b0bcfab3c955e47d67b,SP,12.98,2
housewares,9e25199f6ef7e7c347120ff175652c3b,SP,12.5,1
housewares,1fa2d3def6adfa70e58c276bb64fe5bb,SP,6.9,1
industry_commerce_and_business,0dd184061fb0eaa7ca37932c68ab91c5,SP,9863.0,112
industry_commerce_and_business,eeb6de78f79159600292e314a77cbd18,SC,4126.94,9
industry_commerce_and_business,955fee9216a65b617aa5c0531780ce60,SP,3760.0,33
industry_commerce_and_business,76d64c4aca3a7baf218bf93ef7fa768d,PR,3501.8,23
industry_commerce_and_business,76833248bbc0e65a0293ec62023e4396,SP,2399.98,2
industry_commerce_and_business,7681ef142fd2c19048da7430856b5588,SP,2376.0,26
industry_commerce_and_business,ff063b022a9a0aab91bad2c9088760b7,SP,2220.0,2
industry_commerce_and_business,9596c870880d900012f2e8e6e30d06d7,MG,1961.8,2
industry_commerce_and_business,0bb738e4d789e63e2267697c42d35a2d,SP,1944.7,17
industry_commerce_and_business,744dac408745240a2c2528fb1b6028f3,PR,1496.0,2
industry_commerce_and_business,282f23a9769b2690c5dda22e316f9941,MG,942.16,7
industry_commerce_and_business,52d76513f0c4d97f3b99570e2c94ee31,RS,829.84,7
industry_commerce_and_business,23c38debaffe4a25a30fdbd9b586a13f,SP,589.47,3
industry_commerce_and_business,73a63f72308aa20a46f4b1632018f196,PR,569.85,3
industry_commerce_and_business,94e93ce877be27a515118dbfd2c2be41,SP,379.9,1
industry_commerce_and_business,4b39558c138930b9e5489c93b6df5fe3,SE,360.8,1
industry_commerce_and_business,d101c6da914ae3d53f7bee42283f2fe2,SP,359.6,4
industry_commerce_and_business,2ff6b7bff164ef05590a52734e1296da,PR,270.0,2
industry_commerce_and_business,9df5750209b83567ec144eb299d7d634,RS,268.0,1
industry_commerce_and_business,fac35d150712afb921ec59ac5f39bb11,MG,240.0,2
industry_commerce_and_business,5d3bb11474a06bdc23fb9e89f1164ee0,SP,229.8,1
industry_commerce_and_business,f08a5b9dd6767129688d001acafc21e5,RS,229.0,1
industry_commerce_and_business,c4fb51fb1c5b7c07bc5e67be6e7e8f6e,PR,207.0,1
industry_commerce_and_business,9b1ab052f5fca308ba743ac789ebb2e1,PR,139.9,1
industry_commerce_and_business,761681a821d8275bc79f552116d06869,SP,101.19,1
industry_commerce_and_business,31ae0774c17fabd06ff707cc5bde005f,SP,99.99,1
industry_commerce_and_business,dd2bdf855a9172734fbc3744021ae9b9,MG,89.9,1
industry_commerce_and_business,2a6fbeaa7ab9e5d59a35841a8da71ce4,SC,70.0,1
industry_commerce_and_business,e1b12447a7563944843191754aeb5562,SP,42.99,1
kitchen_dining_laundry_garden_furniture,b32be1695eb7ec5f10f72d9610a12527,RS,7128.0,21
kitchen_dining_laundry_garden_furniture,014c0679dd340a0e338872e7ec85666a,MG,5073.0,10
kitchen_dining_laundry_garden_furniture,f80edd2c5aaa505cc4b0a3b219abf4b8,SP,3477.8,62
kitchen_dining_laundry_garden_furniture,f8db351d8c4c4c22c6835c19a46f01b0,SP,3149.3,7
kitchen_dining_laundry_garden_furniture,cd843d4cf8ef32827de0396605163ba3,MG,1915.0,5
kitchen_dining_laundry_garden_furniture,13074f016982ff2bd6c58ced8682f000,RS,1768.0,12
kitchen_dining_laundry_garden_furniture,731ef20c231d9a7103a425e83fd91271,SC,1692.0,3
kitchen_dining_laundry_garden_furniture,955fee9216a65b617aa5c0531780ce60,SP,1639.99,12
kitchen_dining_laundry_garden_furniture,07bf9669d84d1f11be443a9dd938f698,SP,1632.0,22
kitchen_dining_laundry_garden_furniture,78a4d36f65a019172c6154468831a69f,SP,1545.5,7
kitchen_dining_laundry_garden_furniture,70eea00b476a314817cefde4aad4f89a,SP,1440.0,5
kitchen_dining_laundry_garden_furniture,c3ee2331a724e6fc02c4b698b57a73f3,SP,1347.0,3
kitchen_dining_laundry_garden_furniture,2528513dd95219a6013d4d05176e391a,SP,1066.0,4
kitchen_dining_laundry_garden_furniture,cbf09e831b0c11f6f23ffb51004db972,SP,1028.0,2
kitchen_dining_laundry_garden_furniture,866558b3bccef2dbc6d29a2b5995016f,PR,999.9,1
kitchen_dining_laundry_garden_furniture,715bbd5ba4e6b74cb0d2f29eb45058b0,SP,973.0,7
kitchen_dining_laundry_garden_furniture,6c7d50c24b3ccd2fd83b44d8bb34e073,SP,853.7,21
kitchen_dining_laundry_garden_furniture,010da0602d7774602cd1b3f5fb7b709e,SP,849.5,5
kitchen_dining_laundry_garden_furniture,25be943a321c8938947bdaabca979a90,SP,769.0,5
kitchen_dining_laundry_garden_furniture,67bf6941ba2f1fa1d02c375766bc3e53,PR,627.0,3
kitchen_dining_laundry_garden_furniture,4917cee8d902e13428c3ec4b1ca6f315,SC,580.0,4
kitchen_dining_laundry_garden_furniture,1b1ae47a313a825a7ccceb8e2e30fa9d,PR,519.9,1
kitchen_dining_laundry_garden_furniture,5b179e9e8cc7ab6fd113a46ca584da81,SP,519.6,4
kitchen_dining_laundry_garden_furniture,119d1aef1b4144adba89163f6cd9f5d4,SP,498.0,2
kitchen_dining_laundry_garden_furniture,f1198c871e0171278b63f40d112caeec,SP,475.8,2
kitchen_dining_laundry_garden_furniture,b92e3c8f9738272ff7c59e111e108d7c,MG,399.7,3
kitchen_dining_laundry_garden_furniture,43402bdf22aa2310e8f99e2f94f78628,SP,379.98,2
kitchen_dining_laundry_garden_furniture,ce7d1888639e6fb06b2749cbfdac1ff7,MG,360.0,3
kitchen_dining_laundry_garden_furniture,1b938a7ec6ac5061a66a3766e0e75f90,SP,356.4,6
kitchen_dining_laundry_garden_furniture,7dea6f73af847b42cc3985bd620f994d,PR,324.0,2
kitchen_dining_laundry_garden_furniture,830379336fad8c6f3b15a4a3ddb5c66e,SP,268.0,4
kitchen_dining_laundry_garden_furniture,099095b050cfe8eb1ddff5317587e96e,SP,265.99,1
kitchen_dining_laundry_garden_furniture,f543ba3c973276f519d89d59bd46cead,SP,258.0,2
kitchen_dining_laundry_garden_furniture,8603f0038fe0e52fedd3382d266723de,SC,229.0,1
kitchen_dining_laundry_garden_furniture,a9415cf907dfa12f9ed18693244f5329,MG,210.0,2
kitchen_dining_laundry_garden_furniture,8f78f0903005064036736c7173a5c2ed,MG,179.9,1
kitchen_dining_laundry_garden_furniture,7402d13c03a7e91366337cd1de471144,PR,168.39,3
kitchen_dining_laundry_garden_furniture,cb5df0dcb9e280b1780e9d589889f2c7,SP,165.99,1
kitchen_dining_laundry_garden_furniture,d3e7d37c0df9aef383f3f2a15b0dddfb,PR,161.0,1
kitchen_dining_laundry_garden_furniture,5058e8c1e82653974541e83690655b4a,SP,159.99,1
kitchen_dining_laundry_garden_furniture,ccada0ef508e698917a6eab263375905,PR,119.9,1
kitchen_dining_laundry_garden_furniture,aac29b1b99776be73c3049939652091d,MG,108.9,1
kitchen_dining_laundry_garden_furniture,4e42581f08e8cfc7c090f930bac4552a,SP,98.0,2
kitchen_dining_laundry_garden_furniture,ae8bfdbf1c2a2a2dee92d799db0a31c6,PR,95.97,3
kitchen_dining_laundry_garden_furniture,86ff3eaef0267069cc891a2ed9d10a17,SC,82.49,1
kitchen_dining_laundry_garden_furniture,febab0275244b9a49a623f0bd613ca2f,SP,70.49,2
kitchen_dining_laundry_garden_furniture,2bf28e311bba65237358230cabac3f15,PR,70.0,2
kitchen_dining_laundry_garden_furniture,8b9d6eec4a7eb7d0f9d579ce0b38324d,RJ,69.99,1
kitchen_dining_laundry_garden_furniture,cfd7ddab722b902f7ac5b5f3ba6d723d,MG,69.9,2
kitchen_dining_laundry_garden_furniture,2a84855fd20af891be03bc5924d2b453,MG,49.9,1
kitchen_dining_laundry_garden_furniture,a673821011d0cec28146ea42f5ab767f,SP,29.9,1
kitchen_dining_laundry_garden_furniture,99a54764c341d5dc80b4a8fac4eba3fb,SP,9.6,1
la_cuisine,c731d18cea9bf687ffee82a241c25b11,SC,1935.0,13
la_cuisine,3078096983cf766a32a06257648502d1,SP,119.99,1
luggage_accessories,5dceca129747e92ff8ef7a997dc4f8ca,SP,30476.8,198
luggage_accessories,dbc22125167c298ef99da25668e1011f,MG,20991.57,272
luggage_accessories,d1b65fc7debc3361ea86b5f14c68d2e2,SP,8914.01,28
luggage_accessories,7ddcbb64b5bc1ef36ca8c151f6ec77df,SP,8737.64,36
luggage_accessories,6cd68b3ed6d59aaa9fece558ad360c0a,MG,8180.0,101
luggage_accessories,f1fd5ab1181f827ffad998c1a5de7d74,PR,6896.0,14
luggage_accessories,2a84855fd20af891be03bc5924d2b453,MG,6073.1,26
luggage_accessories,b1a81260566c1bac3114a6d124413f27,RS,5986.6,34
luggage_accessories,bfd27a966d91cfaafdb25d076585f0da,SP,5408.0,22
luggage_accessories,02f5837340d7eb4f653d676c7256523a,PR,3883.05,30
luggage_accessories,0be8ff43f22e456b4e0371b2245e4d01,SP,3794.9,33
luggage_accessories,9d5a9018aee56acb367ba9c3f05d1d6a,GO,3268.45,20
luggage_accessories,a3f0b55de503387383c7b1de3ad7f678,PR,2299.8,12
luggage_accessories,6989574bd97d9773f10d232b6c07da59,PR,2068.5,6
luggage_accessories,3f3486b61f45078d4f31ee5e43d8c5bb,SP,2059.93,29
luggage_accessories,acce39e832338debb07b02385cde5967,MG,1940.2,17
luggage_accessories,655220df33262c7e0c4949a147366f94,SP,1618.0,12
luggage_accessories,f262cbc1c910c83959f849465454ddd3,SP,1517.61,37
luggage_accessories,058cb5aeb36d7c0fcae20fc85d5e0a59,RJ,1328.0,13
luggage_accessories,4830e40640734fc1c52cd21127c341d4,SP,1077.66,17
luggage_accessories,54a1852d1b8f10312c55e906355666ee,SP,1039.96,4
luggage_accessories,dfa0c4c6229ab200a4a1336b4d7128ff,SC,793.0,9
luggage_accessories,b499c00f28f4b7069ff6550af8c1348a,SP,718.84,16
luggage_accessories,b2ba3715d723d245138f291a6fe42594,SP,664.7,3
luggage_accessories,e58a5b390e28abc0b216cfb0e07d27d7,RJ,638.0,2
luggage_accessories,6179a28a13a726c29b3bf54c070dccab,MG,600.0,2
luggage_accessories,d4ffeb15b67e81ff9af2b4252d99fb7e,SP,541.9,5
luggage_accessories,6650fcccd8cd2f7e55ffa524f30c4c59,SP,529.7,3
luggage_accessories,9d4db00d65d7760644ac0c14edb5fd86,SP,488.69,3
luggage_accessories,594f9aaa48e5bf431f011ddc5669b0d5,MG,405.6,4
luggage_accessories,5cbbd5a299cab112b7bf23862255e43e,PR,397.93,9
luggage_accessories,12a8eb0f8d1cd3270695bf2a99f55966,SP,397.0,2
luggage_accessories,f7315bb81aea4ddca2d39e249a801c98,SP,379.8,2
luggage_accessories,173d56ffbd4c56cb80fc3615487d712b,SP,358.0,2
luggage_accessories,5f5b43b2bffa8656e4bc6efeb13cc649,SP,349.9,1
luggage_accessories,f4db9b37944bcb8873e6b456ee190bbf,SP,329.97,3
luggage_accessories,cd6efc47efaabf134f8bdb654e10b4f1,RJ,326.0,2
luggage_accessories,e8dba4d70f7f2b20e775d09cae01142d,SP,299.98,2
luggage_accessories,c500367424994318b9e779ff1ae9a330,SP,299.0,1
luggage_accessories,c6bda72e4dbf5c5866b13cb1810c6d03,SP,295.7,1
luggage_accessories,fe49ee029e61e789a1f3a5525f57ba8d,SP,244.2,2
luggage_accessories,5e9f5bd34e0830569f05c9d4f56e04a8,RS,239.98,2
luggage_accessories,5f2684dab12e59f83bef73ae57724e45,SP,209.97,3
luggage_accessories,269c5fc9fcadee614364c3620c30a1f9,SP,209.6,6
luggage_accessories,dda37071807e404c5bb2a1590c66326f,SP,199.99,1
luggage_accessories,800214c63934acd05d47e84214db8ba8,SC,199.7,3
luggage_accessories,31e60bf8d103ce47932a85f5562deb16,GO,181.0,1
luggage_accessories,4dc2e811a1760953cb7c6a590b498943,SP,175.0,1
luggage_accessories,a3a38f4affed601eb87a97788c949667,SC,169.7,3
luggage_accessories,1da3aeb70d7989d1e6d9b0e887f97c23,SP,164.48,3
luggage_accessories,e06f09ec0a4aca210779cf1cfc63cf19,SP,159.9,1
luggage_accessories,41ab63a91b8b264e8c8780368bf1dd5b,MG,149.0,1
luggage_accessories,f25e239052084705e17a982bc600ab2a,SP,148.0,2
luggage_accessories,aba1721a889e04decc910aa13b768ef4,SP,136.0,2
luggage_accessories,db6a4d4b5f1f5f98820ce6ce2619e2de,SP,135.99,1
luggage_accessories,9fe7c6641c79970ab48185498f547c09,SP,130.0,1
luggage_accessories,7354220fb240bde543b3c40c060d41e7,DF,125.0,1
luggage_accessories,d57e18d5f73c7ccb7f7339b61166898d,SP,105.8,2
luggage_accessories,f3da5b2ff499efb8d4a6d371d175d7dd,SP,101.5,7
luggage_accessories,79b93a308a97792cf53ac75f46da00b5,RJ,99.9,1
luggage_accessories,3d871de0142ce09b7081e2b9d1733cb1,SP,99.0,1
luggage_accessories,0bfd0b434243adc5c2e1aa6baf19c6aa,RJ,97.5,1
luggage_accessories,9ac4f14370b1e24ddc58be041b7f99df,GO,86.25,1
luggage_accessories,6edacfd9f9074789dad6d62ba7950b9c,SP,79.8,2
luggage_accessories,85d9eb9ddc5d00ca9336a2219c97bb13,MG,70.0,1
luggage_accessories,f45122a9ab94eb4f3f8953578bc0c560,SP,69.99,1
luggage_accessories,f7ccf836d21b2fb1de37564105216cc1,SP,69.8,2
luggage_accessories,980640c45d7a4635885491d077167e4d,SP,49.99,1
luggage_accessories,daeb5653dd96c1b11860f72209795012,MG,39.9,1
luggage_accessories,d91fb3b7d041e83b64a00a3edfb37e4f,SP,36.75,1
luggage_accessories,43b2c864251aa0ce4030c746984e088a,DF,34.9,1
luggage_accessories,17998cf586426bf0f2c3726cb0a4b211,MG,19.9,1
luggage_accessories,fd386aa7bed2af3c7035c65506c9b4a3,SP,18.0,1
market_place,062ce95fa2ad4dfaedfc79260130565f,RS,3328.7,13
market_place,7d456afc660226829370f3173d14520c,SP,3202.9,35
market_place,aae3bfea055532c57fb453ed3ec80b30,SP,3057.92,50
market_place,6039e27294dc75811c0d8a39069f52c0,SP,2787.5,25
market_place,f5a590cf36251cf1162ea35bef76fe84,SP,2329.0,2
market_place,45213867cefbf2cd4c6177e10216a951,SP,1752.34,6
market_place,aafe36600ce604f205b86b5084d3d767,SC,1211.1,20
market_place,7b1222c3624aa89b9558b50a2594188c,SP,924.6,4
market_place,2a6fbeaa7ab9e5d59a35841a8da71ce4,SC,583.9,7
market_place,1bb2bdb95f4841f1bba2c0d2cd83d3c9,SP,562.79,21
market_place,9baf5cb77970f539089d09a38bcec5c3,SP,497.97,3
market_place,46dc3b2cc0980fb8ec44634e21d2718e,RJ,469.97,3
market_place,024b564ae893ce8e9bfa02c10a401ece,SP,467.4,6
market_place,4da0e408c99d2fdc2126dc9fce518060,PR,441.5,5
market_place,cac4c8e7b1ca6252d8f20b2fc1a2e4af,SP,415.96,4
market_place,0adac9fbd9a2b63cccaac4f8756c1ca8,SP,383.29,8
market_place,6d66611d7c44cc30ce351abc49a68421,SP,382.6,4
market_place,b2ba3715d723d245138f291a6fe42594,SP,374.3,7
market_place,891071be6ba827b591264c90c2ae8a63,SP,324.9,10
market_place,2199e7fe213c16213bf5d6a7eadc9a5d,SP,311.0,1
market_place,d12c926d74ceff0a90a21184466ce161,SP,305.2,10
market_place,7d13fca15225358621be4086e1eb0964,SP,287.6,2
market_place,27a56ff04b34c2ba34ce6ba4d3b9d616,SP,263.4,6
market_place,82bd0703a4aefd6b599e5bfdaed378fb,SP,249.9,1
market_place,4d600e08ecbe08258c79e536c5a42fee,PR,224.16,1
market_place,624f4ece8da4aafb77699233d480f8ef,SP,219.0,1
market_place,dd8a29ce82d5c705ba932d81494600a5,SP,205.75,2
market_place,9add47bf45ce8e8c7db6b9cf670b1e09,PR,199.9,2
market_place,b7cc6c5e001441ae8cdd5c69a480cbe4,SC,185.0,1
market_place,f41ce2e25237f9092cd8e6e7516c7a2f,SP,174.0,3
market_place,8ae520247981aa06bc94abddf5f46d34,SC,169.0,1
market_place,888faa8bfb0b159c37de6d898b961c31,SC,149.9,1
market_place,6edacfd9f9074789dad6d62ba7950b9c,SP,149.6,4
market_place,debe6615cd90cc0c2eac2b8988e1f628,SP,139.8,2
market_place,54a1852d1b8f10312c55e906355666ee,SP,136.95,5
market_place,1996942dc085d7773ba77a529b163cd0,SP,134.89,1
market_place,41b39e28db005d9731d9d485a83b4c38,SP,121.8,2
market_place,710e3548e02bc1d2831dfc4f1b5b14d4,PR,119.89,2
market_place,8c16d1f32a54d92897cc437244442e1b,SC,118.9,1
market_place,fa40cc5b934574b62717c68f3d678b6d,SP,97.0,2
market_place,ef506c96320abeedfb894c34db06f478,SP,84.98,2
market_place,c9a06ece156bb057372c68718ec8909b,DF,79.9,1
market_place,066a6914e1ebf3ea95a216c73a986b91,PR,74.9,1
market_place,916748bc99315c2d202898ae58b1617e,SP,70.0,2
market_place,ffff564a4f9085cd26170f4732393726,SP,69.0,1
market_place,085f6f7e049c996695fb2074fe38d45e,SP,68.8,1
market_place,1554a68530182680ad5c8b042c3ab563,MG,64.6,2
market_place,4e7c18b98d84e05cbae3ff0ff03846c2,SP,58.0,5
market_place,128639473a139ac0f3e5f5ade55873a5,PR,49.9,1
market_place,0ea22c1cfbdc755f86b9b54b39c16043,MG,49.8,2
market_place,7722b1df1b0e383e000397b2c11e3e19,SP,39.9,1
market_place,827f8f69dfa529c561901c4f2e0f332f,PR,32.9,1
market_place,e3b4998c7a498169dc7bce44e6bb6277,SP,32.9,1
market_place,56642bcb79900e777d68e91915cb4267,SP,31.92,1
market_place,85d9eb9ddc5d00ca9336a2219c97bb13,MG,29.9,1
market_place,fce62094ffe6a4009188ec44e681dfdd,SP,25.9,1
market_place,77dcbb67ccb3659bd58eaf5661560a30,RS,24.0,1
market_place,87142160b41353c4e5fca2360caf6f92,RS,19.9,1
market_place,8fdca8e349553f99bc738833a62c8802,SP,9.99,1
music,522620dcb18a6b31cd7bdf73665113a9,PR,1316.0,4
music,ce248b21cb2adc36282ede306b7660e5,SC,1165.97,1
music,7681ef142fd2c19048da7430856b5588,SP,1100.0,5
music,17e34d8224d27a541263c4c64b11a56b,SP,763.5,1
music,ba90964cff9b9e0e6f32b23b82465f7b,SP,598.0,2
music,89f69225956f951295ca4c7fb1266553,RJ,168.8,2
music,2d34636518ba88f5349b732fcf8ba2e4,SP,150.0,1
music,d3dcf0604eabf0224fbd5948b5e02f69,SP,149.9,1
music,3d4824f20035949c710eaf111f869d39,SP,106.81,3
music,0ea22c1cfbdc755f86b9b54b39c16043,MG,89.8,2
music,ca5832c6960267b71041f74bb39e8b12,SC,79.9,1
music,039b29ff3b3473435d0cd59040575de9,SP,79.3,5
music,1bb2bdb95f4841f1bba2c0d2cd83d3c9,SP,74.91,3
music,9ac4f14370b1e24ddc58be041b7f99df,GO,54.88,1
music,289cdb325fb7e7f891c38608bf9e0962,SP,52.9,1
music,2138ccb85b11a4ec1e37afbd1c8eda1f,SP,27.99,1
music,1c83418358f249c9d6affa52d579db0e,SP,24.9,1
music,48efc9d94a9834137efd9ea76b065a38,PR,19.8,2
music,fd386aa7bed2af3c7035c65506c9b4a3,SP,10.99,1
musical_instruments,f5a590cf36251cf1162ea35bef76fe84,SP,39649.78,106
musical_instruments,d23019c84ffae2d5ef2270367b8605fc,PR,29205.1,39
musical_instruments,7b0df942f46435babab05d49b744b2c4,SP,22241.63,31
musical_instruments,7178f9f4dd81dcef02f62acdf8151e01,SC,9099.36,20
musical_instruments,6d66611d7c44cc30ce351abc49a68421,SP,7805.2,98
musical_instruments,ce248b21cb2adc36282ede306b7660e5,SC,7489.51,43
musical_instruments,512d298ac2a96d1931b6bd30aa21f61d,RJ,7124.14,10
musical_instruments,455c5640e8c5bd1b2ee85c0158f85727,SC,5499.7,5
musical_instruments,83deb69e889cf80f82be1dc6d5f2d486,SC,5363.01,42
musical_instruments,b8630e1121437d41cb08e3c749c2c2e2,RJ,4813.0,9
musical_instruments,f021c962aaba8ef6eb527a9c2c8394d1,SC,4398.5,5
musical_instruments,244b04680fdbded0acf5aebd9c92b44a,SP,3477.7,3
musical_instruments,45213867cefbf2cd4c6177e10216a951,SP,3203.08,8
musical_instruments,f805b96fa705ba7995a221f1749dc141,PR,2744.44,7
musical_instruments,54219883e72aad869adfb2a54b7bfa0f,SP,2700.0,2
musical_instruments,522620dcb18a6b31cd7bdf73665113a9,PR,2519.4,6
musical_instruments,8fe8786ee000001ab51d030dfd4a7bf1,SC,2255.0,5
musical_instruments,955fee9216a65b617aa5c0531780ce60,SP,2220.0,24
musical_instruments,c847e075301870dd144a116762eaff9a,MG,2109.5,5
musical_instruments,fa3a0b5aabb344b9a92e3524b0202123,SP,1789.0,7
musical_instruments,1b938a7ec6ac5061a66a3766e0e75f90,SP,1599.7,3
musical_instruments,70f84699be677ec988d1fa824aef7d90,MG,1588.3,5
musical_instruments,5b97c06a046398e7005b2b7c0d707a92,MG,1519.96,4
musical_instruments,1dd33b8119b3cb1056ed5dc88cd0aaf4,SP,1513.0,8
musical_instruments,0e982cff76cc0579f632cea8a0e38c9d,SC,1307.34,12
musical_instruments,d3dcf0604eabf0224fbd5948b5e02f69,SP,1277.9,3
musical_instruments,850f4f8af5ea87287ac68de36e29107f,SP,1168.0,2
musical_instruments,734def04b237117a09321dd6d8f3f2a2,SP,1085.99,1
musical_instruments,b2eecf5ea250510da76590ca79d60e5d,SP,1060.0,11
musical_instruments,fcf16b7a8697e559f0123190bb30177d,SP,1052.8,7
musical_instruments,0b18d63d0cd1d723567903fd34a07df2,SP,1029.6,4
musical_instruments,a13aaf2d2886ab9fb30fb9a920160b8f,SC,1011.52,4
musical_instruments,34f563c82a85b99ae9e6d60db5fc2e28,RS,933.5,5
musical_instruments,d558ebe531605a1285ab2b1bc3256dfb,MG,709.0,3
musical_instruments,8b321bb669392f5163d04c59e235e066,SP,697.5,20
musical_instruments,685b870da5b52a710782c9c0fefbeb5b,SP,627.0,2
musical_instruments,9f505651f4a6abe901a56cdc21508025,SP,563.96,13
musical_instruments,3d4b1ae7539303b5704493798893e82c,SP,532.0,7
musical_instruments,b499c00f28f4b7069ff6550af8c1348a,SP,509.86,14
musical_instruments,b7cc6c5e001441ae8cdd5c69a480cbe4,SC,466.8,5
musical_instruments,06e5eefc71ec47ae763c5c6f8db7064f,RS,459.49,3
musical_instruments,70849ca4f400aaabb62cb7462a6f1428,MG,403.84,6
musical_instruments,15aac934c58d886785ac1b17953ea898,ES,379.0,3
musical_instruments,63191ead8d3b2f937cd1996fdcbbad20,SP,367.0,1
musical_instruments,35ef5aa32949680f627efec3c23e705c,SC,361.6,5
musical_instruments,52bb00821bcdd358a5a5a27e1f6be5a1,SP,349.8,2
musical_instruments,18a349e75d307f4b4cc646a691ed4216,SP,336.0,7
musical_instruments,83e197e95a1bbabc8c75e883ed016c47,RJ,299.6,4
musical_instruments,4e922959ae960d389249c378d1c939f5,SP,298.0,2
musical_instruments,2ff6b7bff164ef05590a52734e1296da,PR,278.9,1
musical_instruments,276677b5d08786d5dce7c2149dcce48b,MG,247.9,1
musical_instruments,024b564ae893ce8e9bfa02c10a401ece,SP,239.0,2
musical_instruments,6e2d3e2dc84fb30f6078f39dd3bddd6f,PR,219.0,1
musical_instruments,54065e9aef7e9e9c2dc23b7594db021a,RJ,200.0,1
musical_instruments,ce27a3cc3c8cc1ea79d11e561e9bebb6,SP,131.8,2
musical_instruments,a353b1083c9863d756d9404695016d64,ES,120.0,1
musical_instruments,527801b552d0077ffd170872eb49683b,SP,119.8,2
musical_instruments,bcf5566870987da7bc811fbc8c5b9fd9,SP,96.0,4
musical_instruments,36a968b544695394e4e9d7572688598f,SP,87.5,5
musical_instruments,9b1050e85becf3ae99c1cf4934c9bc5d,MG,85.14,2
musical_instruments,cac876b37d3abcd6bd76caca30277996,PR,67.9,1
musical_instruments,febab0275244b9a49a623f0bd613ca2f,SP,67.6,4
musical_instruments,128639473a139ac0f3e5f5ade55873a5,PR,62.7,3
musical_instruments,ff1e15b778c700abdd4d239b81ac466d,PR,59.9,1
musical_instruments,f45122a9ab94eb4f3f8953578bc0c560,SP,53.97,3
musical_instruments,e7f3bf1ecd8526eb7f3b18059e6716e5,SP,38.86,1
musical_instruments,553a440137d6e0cf776aee0bb83ac9f5,SP,35.9,1
musical_instruments,95e03ca3d4146e4011985981aeb959b9,RJ,30.0,1
musical_instruments,0ea22c1cfbdc755f86b9b54b39c16043,MG,24.9,1
musical_instruments,14a08204d03bb6b6bde8029f801ae0eb,SP,17.0,1
office_furniture,7c67e1448b00f6e969d365cea6b010ab,SP,172959.66,1233
office_furniture,17a053fcb14bd219540cbde0df490be0,SP,38743.64,144
office_furniture,a7f13822ceb966b076af67121f87b063,SP,11492.85,80
office_furniture,5058e8c1e82653974541e83690655b4a,SP,8809.02,59
office_furniture,c26a2be5b53b7db6b276280da212a779,RJ,7482.0,18
office_furniture,52ac6f920b7280e4c6d30dd94de6259b,PR,5097.4,6
office_furniture,67bf6941ba2f1fa1d02c375766bc3e53,PR,4566.0,16
office_furniture,38874e327ce94d11390b96eb42d61928,SP,3779.94,6
office_furniture,b8555308bfdb4ca1ed54325a58da9a97,SP,3047.2,28
office_furniture,f8db351d8c4c4c22c6835c19a46f01b0,SP,2587.1,19
office_furniture,955fee9216a65b617aa5c0531780ce60,SP,2032.9,6
office_furniture,7fc87cc3e89b3d1d5cabdca32f8485aa,SP,1810.3,10
office_furniture,656591be56071d4c9ef4e5fee78a578a,SP,1702.0,11
office_furniture,1ca4bdb0cd7fc48e949bac066188ed26,MG,1520.0,4
office_furniture,8bd0f31cf0a614c658f6763bd02dea69,SP,1005.59,3
office_furniture,8c16d1f32a54d92897cc437244442e1b,SC,981.7,9
office_furniture,77dcbb67ccb3659bd58eaf5661560a30,RS,960.0,1
office_furniture,17adeba047385fb0c67d8e90b4296d21,SP,809.7,3
office_furniture,6861de0f40cacb0602e473c51639f980,PR,674.0,8
office_furniture,701938c450705b8ae65fc923b70f35c7,SP,641.82,6
office_furniture,b12cfd255810394b60caef18ae163547,PR,560.0,2
office_furniture,3f3486b61f45078d4f31ee5e43d8c5bb,SP,369.9,1
office_furniture,7402d13c03a7e91366337cd1de471144,PR,359.99,1
office_furniture,a1474fd46fd3430168f7ec202da39408,SP,330.0,3
office_furniture,6879c4d287a8dd06b11f54ea8f78e4da,SP,289.9,1
office_furniture,8a87611c08849ffeeccab52aa798b6c7,PR,286.0,2
office_furniture,9da15f4a4ea758d9eeb49000dbe57e22,SP,196.9,1
office_furniture,1da366cade6d8276e7d8beea7af5d4bf,MG,195.8,2
office_furniture,c360e4787614ed31ac7a2f95d3b22dc6,SP,188.9,1
office_furniture,3586b8580d9c917874e053a1bb37b5ff,SP,146.7,3
office_furniture,4e42581f08e8cfc7c090f930bac4552a,SP,129.0,1
office_furniture,cb5df0dcb9e280b1780e9d589889f2c7,SP,109.99,1
office_furniture,e601b04acf48b4576e73ddca9481f0dc,SP,54.9,1
office_furniture,0c7f30ae9b147eca07affbef92832a6a,PR,39.9,1
party_supplies,6bbcb8924baf70b7fe2fe2097e8cd407,SC,2239.4,8
party_supplies,dbb9b48c841a0e39e21f98e1a6b2ec3e,SP,681.2,8
party_supplies,c3aad7dc65449ae90a5e9c3c6c1e78e0,SP,510.0,6
party_supplies,f88adb15807168d3c43d71021090ce4a,SP,299.8,2
party_supplies,446cc09cdbb130904da114e807dbec40,SP,252.8,3
party_supplies,537eb890efff034a88679788b647c564,RJ,175.2,8
party_supplies,2c9e548be18521d1c43cde1c582c6de8,SP,109.0,1
party_supplies,0a85ebe4e328db81ac9109781205e2f7,SP,79.9,1
party_supplies,7d7866a99a8656a42c7ff6352a433410,SP,69.9,3
party_supplies,e4f121bf6ef8b9a1d4d3e65dd0473fab,SP,40.0,1
party_supplies,891071be6ba827b591264c90c2ae8a63,SP,19.99,1
party_supplies,508808d438fe2ff972ed13bb8f4a82e2,SP,7.99,1
perfumery,620c87c171fb2a6dd6e8bb4dec959fc6,RJ,72750.2,384
perfumery,fe2032dab1a61af8794248c8196565c9,SP,65149.11,303
perfumery,cc419e0650a3c5ba77189a1882b7556a,SP,40023.43,657
perfumery,17e34d8224d27a541263c4c64b11a56b,SP,24824.83,139
perfumery,a888faf2d1baececa6baf9c3d603ee1f,PR,17765.8,55
perfumery,7178f9f4dd81dcef02f62acdf8151e01,SC,17570.76,53
perfumery,ef0ace09169ac090589d85746e3e036f,RJ,14156.5,120
perfumery,289cdb325fb7e7f891c38608bf9e0962,SP,12632.75,116
perfumery,2dee2ce60de9709b1a24083217181a1f,MT,7784.5,55
perfumery,058fd0aa2bfdb2274e05e1ae971dabb6,SP,7527.9,63
perfumery,5670f4db5b62c43d542e1b2d56b0cf7c,SP,6630.09,22
perfumery,26d8a1c7c75d513045798992ead43aa2,PR,5838.16,33
perfumery,2089a6d640999f9b9141ac719b2af596,SP,5324.34,14
perfumery,afe0067131b73e40875c9b6c10bd2e21,MG,5130.4,46
perfumery,8444e55c1f13cd5c179851e5ca5ebd00,MG,4789.57,31
perfumery,8931a84a914b3fe9b1ddaa4d704947ca,SP,4668.3,32
perfumery,f8db351d8c4c4c22c6835c19a46f01b0,SP,4570.5,45
perfumery,3c7c4a49ec3c6550809089c6a2ca9370,SP,4033.64,160
perfumery,33c51922b6e3c16b24a8f28e5833c99d,PR,3910.25,16
perfumery,4e17c65a516f69d023a2ae78b84f28d6,SP,3562.68,31
perfumery,681fce914360217db47784ae28905a96,PR,3435.33,20
perfumery,d9bd94811c3338dceb4181f3dbc0c73e,SP,3032.15,20
perfumery,0c7533c71df861ec58ad7ff999ed0e8d,SP,2989.3,73
perfumery,4c498c7345e89aebad651544829beca0,SP,2926.41,20
perfumery,fa74b2f3287d296e9fbd2cc80f2d1cf1,SP,2459.89,11
perfumery,81f89e42267213cb94da7ddc301651da,SP,2007.0,26
perfumery,65b081a070633e057c462abdd6fb9dd8,GO,1885.09,20
perfumery,d3674f271c91f824f82d24d92011f669,DF,1678.4,19
perfumery,a7c88262832dfc683781d6a421edefae,SP,1520.0,5
perfumery,7040e82f899a04d1b434b795a43b4617,SP,1467.1,19
perfumery,1c40343cc5d18c2d8248ac2f3366de34,SP,1353.37,11
perfumery,f4a04f7be452aa3bb31760bf00055dd0,SP,1312.1,18
perfumery,7a425d299613df3e613bcf9d2eaf5c49,RJ,1218.8,18
perfumery,11bfa66332777660bd0640ee84d47006,SP,1140.94,48
perfumery,cd68562d3f44870c08922d380acae552,SP,1115.0,9
perfumery,c54679b132454625907c773d273d4126,SP,1032.0,8
perfumery,e06f09ec0a4aca210779cf1cfc63cf19,SP,989.9,5
perfumery,2379bdc3888025689a9deb7b141507d5,SP,983.7,7
perfumery,4e06067cc08b3f41d837768d392c3ee3,MG,941.72,46
perfumery,a13580f0e8f782b7a543885a0ef99f08,RJ,938.94,6
perfumery,1464afc72f696af775557a821c2e253f,RJ,932.77,25
perfumery,de23c3b98a88888289c6f5cc1209054a,SP,909.93,7
perfumery,beadbee30901a7f61d031b6b686095ad,SP,874.98,8
perfumery,d3f39f05462b79a4562d35893a28f159,SP,851.3,18
perfumery,d12c926d74ceff0a90a21184466ce161,SP,850.0,20
perfumery,37be5a7c751166fbc5f8ccba4119e043,SP,797.98,4
perfumery,52956b80ae65fda598f06f6b9943e7a9,PR,792.0,3
perfumery,2305ab43e846518f58dd9d59f3f54e96,SP,788.89,3
perfumery,808d4348b916efa08e766ebad39f61eb,SP,731.1,21
perfumery,542917da124346b47ea1ac79a93ce454,PR,727.0,7
perfumery,d4ffeb15b67e81ff9af2b4252d99fb7e,SP,721.5,5
perfumery,57e632711dec9ec14ca7546769483e7e,SC,688.4,9
perfumery,89a51f50b8095ea78d5768f34c13a76f,DF,677.16,11
perfumery,d57e18d5f73c7ccb7f7339b61166898d,SP,654.3,17
perfumery,e333046ce6517bd8bb510291d44f0130,SP,653.0,7
perfumery,fe1b067411b8c5066e962aa146ccee03,SP,650.93,7
perfumery,b566ab0ef88016e00422755e305103c6,MG,648.0,1
perfumery,ea566164622c6b439516ab18062c42cd,SP,647.7,5
perfumery,c33a5c3c983090c8b78a28e65052a20d,SC,629.1,9
perfumery,8629c241b3622ac12cd4118afdc8d394,SP,620.55,7
perfumery,1d29dfba02015238dfbe2449a5eaa361,MG,612.8,12
perfumery,e9779976487b77c6d4ac45f75ec7afe9,SP,567.56,10
perfumery,094ced053e257ae8cae57205592d6712,SP,558.8,8
perfumery,95e03ca3d4146e4011985981aeb959b9,RJ,539.88,15
perfumery,6c17baf138731a4aaacc3210adf2037b,SP,538.8,5
perfumery,77fccaae319668a8ab6cd0fd16aec48c,RJ,501.0,5
perfumery,13c2ed7698b3ca92dad49e849219da59,PR,498.61,9
perfumery,5d76d80a2f5f39c891b996a1bf4c9853,SP,493.8,2
perfumery,0951a6e282947e09cd47969f4ed0b47f,SP,474.3,6
perfumery,325f3178fb58e2a9778334621eecdbf9,SP,468.3,19
perfumery,e546117ed9cafbc40239c0c78635c584,SP,456.0,2
perfumery,82bd0703a4aefd6b599e5bfdaed378fb,SP,452.4,8
perfumery,4d6d651bd7684af3fffabd5f08d12e5a,SP,415.0,1
perfumery,2709af9587499e95e803a6498a5a56e9,SP,410.76,10
perfumery,6560211a19b47992c3666cc44a7e94c0,SP,369.0,13
perfumery,0df3984f9dfb3d49ac6366acbd3bbb85,MG,361.4,6
perfumery,9dd59e43f0c9f0553244e8f9c2fb247e,PR,356.3,10
perfumery,f84fa566034f5e8e880a07ec624c56af,SP,350.36,8
perfumery,0570350b23eda5444f8d1d9544932058,SP,348.4,6
perfumery,0747d5bb69f0586cc869d8af4c50f93e,RJ,331.7,14
perfumery,a21c11ec5c3f03e7cc9f9203bff9e1c6,SP,330.0,3
perfumery,5f1dc28029d2c244352a68107ec2b542,SP,328.5,8
perfumery,2f4b0d3b9634b647d4edee577d7ebb7e,SP,326.0,10
perfumery,7210cd29727d674c00741e5e387b3ccd,SP,322.78,3
perfumery,516e7738bd8f735ac19a010ee5450d8d,RJ,317.3,10
perfumery,9b013e03b2ab786505a1d3b5c0756754,SP,313.0,3
perfumery,a435b009cd956ea60748b5cfbddf2e24,SP,311.19,2
perfumery,c3f5668699a1b04c0fa61ecea1e2bff6,PR,295.81,2
perfumery,a806a4bb063ea7ca6d374eafa50a6058,ES,294.4,6
perfumery,e0a366315b1b726b6c7832d664c0f530,SP,290.7,3
perfumery,aadfe0417e61315688b6bd7043361e25,GO,289.9,1
perfumery,4dc646b9b9e8e411ef48ba000ea3ac6f,SP,289.7,5
perfumery,e8b3a3a38279a82f0e5d006d5e5b7d2c,PR,249.9,1
perfumery,8d46553a36e68f95350a200c12f8f2e2,SP,246.6,15
perfumery,88ae906ea2acf6971f26c3e8b7cb4357,SP,246.0,3
perfumery,6bd503a8230299c9316fb0f726933927,GO,232.0,3
perfumery,42b729f859728f5079499127a9c2ef37,SP,226.5,5
perfumery,dee656f0f566ed1aa85bd137c943f08f,SP,225.4,6
perfumery,7d13fca15225358621be4086e1eb0964,SP,220.0,2
perfumery,4ea2f12dbe91deeacd2c1e74f069a6e6,SP,210.2,6
perfumery,19484c79cef6c062cb177aa4ef2fcc3c,SP,201.9,1
perfumery,6d22a1fcebb6dd08c9cd90b92a93e8d0,SC,201.6,4
perfumery,b2ba3715d723d245138f291a6fe42594,SP,199.6,4
perfumery,2e1a7d075abe038c1b2743005fe42ff1,SP,199.5,5
perfumery,4d9fea3499bdc22aa4da4e339365f215,SP,192.54,2
perfumery,1c56ffe0e9dea2657fc6e95b53f40b13,SP,183.0,3
perfumery,382229d1e840115ffe3dbf5ff460e417,RJ,179.7,3
perfumery,709e16e2b25c7474d980076c6bfc4806,SP,165.4,6
perfumery,777a0c55737f34ffeb78010f7542ab41,SP,162.7,2
perfumery,25debeafbce801fdd479539350185eee,SP,159.96,4
perfumery,6e1862e15f33d9994bc25922a85e1efc,SP,158.99,6
perfumery,1336efc61c316ddf92c899eb817f7cae,SP,156.0,4
perfumery,6601ee6383e7f452be71929f8de48bbb,SP,153.6,2
perfumery,0daf5180aa44356f60f8effa533b55a2,GO,144.8,2
perfumery,aded58c8142dedc5494a81f948431fab,RJ,139.7,3
perfumery,96f7c797de9ca20efbe14545bed63eec,SP,138.6,3
perfumery,ea846a0e7ad98a741783e886d89dfa44,SP,137.0,3
perfumery,6edacfd9f9074789dad6d62ba7950b9c,SP,136.7,3
perfumery,0f80a40c312b2472dca482cf50f5186f,SP,129.9,1
perfumery,74c7dec0a384d8a05950e629bd23bde9,SP,129.88,3
perfumery,70a12e78e608ac31179aea7f8422044b,SP,128.0,2
perfumery,94144541854e298c2d976cb893b81343,RS,115.6,4
perfumery,7d456afc660226829370f3173d14520c,SP,110.0,5
perfumery,4cc43a222a0f94910728b62b97a8c5f8,SP,108.5,1
perfumery,3d5d0dc7073a299e31fa718ce1bc00b6,RJ,108.0,1
perfumery,f1ed6bd0a9b11b581f16c851c6a5a527,RS,104.37,2
perfumery,5659d77e8d90378e39b960ad5956f64e,SP,99.0,1
perfumery,2ff97219cb8622eaf3cd89b7d9c09824,SP,94.7,3
perfumery,52b53f7061969fe471d119b6195da864,SP,90.0,1
perfumery,1cbcd2ee0afb3fc09963b87eb65e7e4f,PR,90.0,3
perfumery,c42fd8e4d47dfb18ce5222f2dd7752f9,SP,89.99,1
perfumery,5741dc2bf5044c34d0698681c5081bed,SP,89.7,3
perfumery,83645b1645cdee8953ee54c29ceed564,PR,89.0,1
perfumery,65c255b299faf2d12050937cc219c46c,SP,88.2,2
perfumery,ec5c1d94df153d473b37f880977ae58e,SP,86.58,2
perfumery,612170e34b97004b3ba37eae81836b4c,RS,86.0,1
perfumery,5566627eab3fe93fd6ee08798226101a,PR,85.5,5
perfumery,ba8e85df286308fe68a2ce83a8f8b2d6,SC,80.9,1
perfumery,7f35f9daf223da737b78738fbae4d977,SP,72.0,2
perfumery,2fa13c8bd5705d279f7ed5cc9ec61c68,SP,70.5,3
perfumery,bf84056e679dbe9c69929847a40e338f,SP,70.44,1
perfumery,4a82168aaef173cbb6e46ae88728f919,PR,65.0,1
perfumery,3968920b9aa752ab98f7d5888c9252f2,SP,63.5,1
perfumery,e9e446d01bd10a97a8ffcfc4a3a20cb2,SP,60.05,4
perfumery,431050a06a317f2b38168dec3dcd2b46,SP,59.9,1
perfumery,f35becee938e982bd615edf8ef12bcfb,SP,59.7,3
perfumery,42b6488f5b8246d9141712abd4b1b693,PR,58.0,1
perfumery,138dbe45fc62f1e244378131a6801526,SP,55.2,8
perfumery,1b4c3a6f53068f0b6944d2d005c9fc89,SC,54.9,1
perfumery,fc38b5dceee1a730fad8853453437fbd,SP,54.9,3
perfumery,1d1bbb8ac1581824986f582583fff01d,SC,51.4,1
perfumery,4de6e4ba574aa9dfdc824bc44dc47fdd,PR,50.7,5
perfumery,2c2c9832d1bb38c5b0034a3b47d313ee,RS,49.9,1
perfumery,2a1348e9addc1af5aaa619b1a3679d6b,MG,48.9,1
perfumery,a3fa18b3f688ec0fca3eb8bfcbd2d5b3,SP,47.8,2
perfumery,e8a85b5f3df47be0984c55fd4064dbb4,DF,42.0,2
perfumery,a1ed30492b3b798bc121845bc4aa7366,SP,41.8,2
perfumery,c35672b10ad50968f567ea3f4b91e877,RJ,39.96,4
perfumery,2eeb6531ee027a48d401e72bebdd87d3,SP,38.7,3
perfumery,2a84855fd20af891be03bc5924d2b453,MG,35.0,1
perfumery,0307f7565ff85b299b6e5ef162b1b1a9,SP,33.8,2
perfumery,1da3aeb70d7989d1e6d9b0e887f97c23,SP,31.98,2
perfumery,c161d1327ebc3a156c09582ab2f59f6c,SP,30.99,2
perfumery,1d0646a72178a6fb37ee8082140e06ec,SC,30.5,1
perfumery,bbad7e518d7af88a0897397ffdca1979,SP,29.9,1
perfumery,9d7a1d34a5052409006425275ba1c2b4,SP,25.98,2
perfumery,3986c0b54f6b748b75e7bd4e092aa3e5,PR,24.99,1
perfumery,7722b1df1b0e383e000397b2c11e3e19,SP,20.9,1
perfumery,643214e62b870443ccbe55ab29a4dccf,SP,19.8,2
perfumery,bd65d163ded559eb90a10cd09fec178f,SP,19.8,2
perfumery,f3862c2188522d89860c38a3ea8b550d,SP,15.5,1
perfumery,ba6b4a237f92479743cf0ca06b67a9ac,RJ,14.99,1
perfumery,e8f6dc8e6a1dcde89d20e3995c8d90b3,SP,11.9,1
perfumery,c6381b1321d7d97717a5bb4ed5b77882,SP,10.0,1
perfumery,b83cedfb587e7911540e3f576d6917ce,SP,9.99,1
pet_shop,f45122a9ab94eb4f3f8953578bc0c560,SP,18263.74,139
pet_shop,66922902710d126a0e7d26b0e3805106,MG,14362.3,156
pet_shop,5cf13accae3222c70a9cac40818ae839,MG,14273.3,155
pet_shop,70c27847eca8195c983ed7e798c56743,RJ,12077.52,98
pet_shop,6061155addc1e54b4cfb51c1c2a32ad8,SP,10673.4,29
pet_shop,dd7ddc04e1b6c2c614352b383efe2d36,SP,7952.43,122
pet_shop,fa1a9dec3a9940c072684a46728bf1fc,SC,6674.0,60
pet_shop,a5cba26a62b8b4d0145b68b841e62e7f,PR,5683.9,12
pet_shop,3f0e48d209018b466fcd3bb4ccfeb520,PR,5399.0,10
pet_shop,e9c6969d40e6a3d2d0f90013165c2b98,SP,5239.98,10
pet_shop,f25e239052084705e17a982bc600ab2a,SP,5094.0,3
pet_shop,e067ad2c1c0b48758eb1b5228bcf7a68,SP,5042.55,61
pet_shop,f789d2c4f2c2eb38fc4373e7a4b35264,MG,4809.25,48
pet_shop,729f06993dac8e860d4f02d7088ca48a,SP,4017.3,27
pet_shop,232a6014e7b10cba61c6c2b2ea6bb4b0,SP,3919.87,36
pet_shop,3361277dc30b7cccdb0c286b24219756,PR,3646.04,32
pet_shop,3c010235b7345c92f125d14ee232a76b,PR,3578.0,15
pet_shop,f8db351d8c4c4c22c6835c19a46f01b0,SP,3500.4,86
pet_shop,e24fc9fcd865784fb25705606fe3dfe7,SP,3486.0,16
pet_shop,f97e2b0650c2068227e1d366140eb62f,SP,3423.0,14
pet_shop,070d165398b553f3b4b851c216b8a358,SP,3393.16,39
pet_shop,710e3548e02bc1d2831dfc4f1b5b14d4,PR,3129.89,11
pet_shop,238fac594e170b59c6d228f5a4f4f1d9,SP,3126.0,30
pet_shop,1336efc61c316ddf92c899eb817f7cae,SP,3115.87,43
pet_shop,1987cd4be10fe09ee50454f9c354d1c6,MG,2877.7,16
pet_shop,f27e33c6d29b5138fa9967bcd445b6d5,SP,2657.7,23
pet_shop,4e922959ae960d389249c378d1c939f5,SP,2596.0,21
pet_shop,2c4c47cb51acd5ea5db5e0ae0e26542a,SP,2575.9,15
pet_shop,de0c78824586e9a5f5f04fd84e25df39,SP,2489.3,16
pet_shop,c013e57c075a06e5b5c48ee03c525719,SP,1971.55,45
pet_shop,f67efa3f0b6761102a7f8c6b7b571f5d,PR,1929.83,17
pet_shop,f5f1f2c5f923f36ad79ea1d07185ddc9,SP,1912.15,13
pet_shop,834f8533b2ecb6598dd004ff3de7203a,SP,1819.93,23
pet_shop,c3e1abd72a42fe690fcd89cf5720fe29,SP,1798.61,13
pet_shop,c5f7e746b7e6d07def6c0dae9903279b,PR,1429.0,11
pet_shop,af3ef48d0e13835e529c29ac573c63e5,SP,1303.75,20
pet_shop,c8c1bea22194a4eefa2dc9a9fa89f536,SC,1266.0,13
pet_shop,30a81d8cf85fb2ada1b1b094c9583a95,SP,1245.42,20
pet_shop,afa6714acee029b2dfdf357e5579cc03,SP,1196.0,2
pet_shop,718539d38d07dd351c76db862760e2e2,SP,1193.1,43
pet_shop,700f03c207639c22d933381ff60b35c2,SP,1189.86,4
pet_shop,d4910f1cdcfdabd48d6b316e395d4a23,SP,1146.88,12
pet_shop,6d66611d7c44cc30ce351abc49a68421,SP,1140.1,19
pet_shop,2e90cb1677d35cfe24eef47d441b7c87,SP,1138.95,17
pet_shop,6c6cc59a5c00cacc5054ca06d65cc282,RS,1107.0,1
pet_shop,b55638ad525e906c698fa2ce742c1742,SC,1094.8,12
pet_shop,76d5af76d0271110f9af36c92573f765,SP,1027.72,30
pet_shop,282f23a9769b2690c5dda22e316f9941,MG,1016.46,9
pet_shop,db46ca7bce82b11f7e247539271fc390,RJ,933.97,16
pet_shop,7a2d2949aea47fab95fd98d6c9f618b1,PR,912.99,9
pet_shop,f1b854361f4e15d5851b494df66f22b2,RJ,899.35,3
pet_shop,7dc9a3355bae96dd82008b313d3a456c,MG,899.0,1
pet_shop,340636a908b13bbe0f4fb63fbe1d0c03,SP,823.2,6
pet_shop,c8cc60ffd415254af5d9b9f34f32c369,SP,722.2,9
pet_shop,2ba91c7ad80ff88b23b7db823b43c233,SP,680.5,5
pet_shop,54a1852d1b8f10312c55e906355666ee,SP,641.9,10
pet_shop,655220df33262c7e0c4949a147366f94,SP,627.0,3
pet_shop,8e29d051f810eb22959ede205b462b9f,SP,599.8,2
pet_shop,3f9be91358837bff69df67edfa3e42e8,PR,569.7,7
pet_shop,a254c682cc01e119f83530446f1df9a9,SP,569.4,7
pet_shop,a72c2f59332659e361d647515c698798,RS,556.0,4
pet_shop,b2ba3715d723d245138f291a6fe42594,SP,419.8,2
pet_shop,35fb511489d9ee3ee27a76debce9df06,PR,414.5,7
pet_shop,61b18775be84fb700a6b2d0ba097bf66,SP,334.5,5
pet_shop,382229d1e840115ffe3dbf5ff460e417,RJ,328.9,11
pet_shop,d2f3e277560ed4c6361284429b00f037,SP,310.5,5
pet_shop,5ee7fd217d08dfe5d3e2f51f96a12c9a,SP,298.0,2
pet_shop,1b938a7ec6ac5061a66a3766e0e75f90,SP,289.9,1
pet_shop,ce20a2ec1514c25e16f2b5b39bc818f0,SP,287.0,7
pet_shop,26b482dccfa29bd2e40703ba45523702,SP,281.88,3
pet_shop,a420f60ff1aa9acc80d0e42959f2b313,SP,278.0,2
pet_shop,8160255418d5aaa7dbdc9f4c64ebda44,SP,275.3,3
pet_shop,b56906f7fd1696e043f1bcce164c487b,SP,275.2,4
pet_shop,c8660dcf9ba70575f45d80fe28c27713,SP,270.0,6
pet_shop,58c851d1a3c7cd3da329eb59453fed44,SP,268.99,2
pet_shop,0af977692321d895349eded183341d28,SP,257.75,2
pet_shop,1900267e848ceeba8fa32d80c1a5f5a8,SP,255.96,4
pet_shop,e88f7a2995ba184710d339c5c4bf2e30,SP,251.6,2
pet_shop,880eda903e719a5f179f7e9fceb3a69d,SP,249.0,1
pet_shop,2ff97219cb8622eaf3cd89b7d9c09824,SP,245.4,6
pet_shop,404e1ba01358af4cd63f679b2c4d1fa1,MG,239.2,8
pet_shop,d9bd94811c3338dceb4181f3dbc0c73e,SP,238.95,2
pet_shop,08ad4ac1388e4420ca531c3edfc46198,SP,221.62,7
pet_shop,1c5e4e49b9079480255b49d50aac1aa9,SP,216.79,1
pet_shop,661ad5fcc28cdfb8bcadb12bb2272475,SC,209.93,7
pet_shop,5b85809efd0d0e4dea1a9544e1280ed9,SP,209.9,1
pet_shop,a673821011d0cec28146ea42f5ab767f,SP,209.7,3
pet_shop,10cdd491d1dbea8fb4ead97b19c334ce,MG,208.9,3
pet_shop,3092c0b297aacfb4bb6e056ebe13b9b8,SP,206.6,4
pet_shop,e5a38146df062edaf55c38afa99e42dc,SP,202.88,2
pet_shop,2c43fb513632d29b3b58df74816f1b06,MG,194.0,2
pet_shop,59cd88080b93f3c18508673122d26169,SP,183.39,5
pet_shop,478bfe564db21eeb44386606aa30b650,MG,182.7,3
pet_shop,9c57bc60cfad5ee62d35d3f1ce4593a1,PR,180.0,1
pet_shop,b5abf4f36adc043117b4fca82c22984c,DF,179.9,1
pet_shop,0ea22c1cfbdc755f86b9b54b39c16043,MG,179.4,6
pet_shop,99cd94252748d2bdde08e17858233602,SP,159.8,2
pet_shop,3c88ed2e76a2247933a15daa7161eb1c,SP,155.0,1
pet_shop,49f8d2ea7b718d0ce587d34207caf2b4,SP,149.9,1
pet_shop,3d700782d7818f2c1e0d7a9e9d75fc00,SP,149.7,3
pet_shop,15ac3c501e2599e4917316fde5c5669a,SP,144.2,1
pet_shop,4992e76a42cb3aad7a7047e0d3d7e729,SP,140.5,5
pet_shop,d921b68bf747894be13a97ae52b0f386,MG,139.9,1
pet_shop,57a834594e1e9e9219603bfec184eadc,RS,139.0,1
pet_shop,f664f98bfda2eaf266a23ff144e7a872,SP,119.0,1
pet_shop,4c4d546adf3c3868fe19c9ec6e9ffda9,PR,111.7,3
pet_shop,b494891378bd8f4560abe576c52deacd,SP,99.9,1
pet_shop,247587846358bb1d2e4c6522020b36fe,SP,99.0,1
pet_shop,dfa0c4c6229ab200a4a1336b4d7128ff,SC,92.9,2
pet_shop,226b05fe067266c59c15dae208213d06,PR,83.9,1
pet_shop,52454f90d4c30c016768db02f88c1a74,SP,80.5,5
pet_shop,4677a5437afda5fa7140b927b07be1cc,PR,79.9,1
pet_shop,bbf4a892cac7b82422baa711dffb8997,PR,70.0,1
pet_shop,249f0e9905a6e06ad6c6bea7547ab9f6,RJ,69.95,1
pet_shop,f3055483058c84d75ca2a3314fb4deef,BA,67.5,1
pet_shop,85e7c62c1d6ea078c3897424f867a7c8,SC,60.0,2
pet_shop,289cdb325fb7e7f891c38608bf9e0962,SP,59.9,1
pet_shop,86bf77bdb52e615674772d5817c6212f,RS,59.8,2
pet_shop,d2e753bb80b7d4faa77483ed00edc8ca,BA,58.0,1
pet_shop,c4b911d06343b21dd906651f8101cb49,SP,57.99,1
pet_shop,48efc9d94a9834137efd9ea76b065a38,PR,50.4,6
pet_shop,7ade73f1b9b4e965f9009a4c3a7e2c15,SP,50.0,1
pet_shop,9140ef75cc8211c4035935e80e567204,PR,49.9,1
pet_shop,17998cf586426bf0f2c3726cb0a4b211,MG,49.9,1
pet_shop,1da3aeb70d7989d1e6d9b0e887f97c23,SP,47.98,2
pet_shop,cc5a78bbad32776dc4e3af205218368c,MG,44.24,1
pet_shop,3a3c180dd702a725bd0ba4117689239e,PR,41.9,1
pet_shop,edc518ba25576a0188a0e8f2c3af186f,SP,39.96,2
pet_shop,929f342384a6607afe143d789ade1316,PR,38.9,1
pet_shop,baeda7047354773262ba2405f97038ba,SP,35.0,1
pet_shop,f3da5b2ff499efb8d4a6d371d175d7dd,SP,34.26,1
pet_shop,c97aa4ee7420f937da13b7f9e2228b99,RS,29.9,1
pet_shop,6c9875b2f94ba781186f0c1aed8d1687,SP,25.0,4
pet_shop,609e1a9a6c2539919b8205cf7c4e6ff0,SC,12.9,1
pet_shop,4965a7002cca77301c82d3f91b82e1a9,SP,8.49,1
pet_shop,e9779976487b77c6d4ac45f75ec7afe9,SP,7.09,1
pet_shop,741f8c587cb4248ebc5b779a0e8e0e51,SP,5.99,1
security_and_services,48162d548f5b1b11b9d29d1e01f75a61,SP,183.29,1
security_and_services,4e922959ae960d389249c378d1c939f5,SP,100.0,1
signaling_and_security,55d3daac7c404d59e51c2aa2f4dc5a23,SP,3355.6,25
signaling_and_security,52d76513f0c4d97f3b99570e2c94ee31,RS,2919.4,6
signaling_and_security,014c0679dd340a0e338872e7ec85666a,MG,1396.0,4
signaling_and_security,8ea394aed8138685abe1eb9f25e1021d,SP,1340.0,2
signaling_and_security,cd68562d3f44870c08922d380acae552,SP,1335.0,11
signaling_and_security,56e361f411e38dcef17cdc2a3d99628b,SP,1050.0,6
signaling_and_security,02c988090b766852e088c69d7fb3b551,SP,972.46,13
signaling_and_security,4deebb3199eeafb282ae33229144f94b,SP,779.7,5
signaling_and_security,213b25e6f54661939f11710a6fddb871,SP,750.95,9
signaling_and_security,e81e1f9c3e762e620f3fb60a51499e16,SC,740.0,1
signaling_and_security,1c40343cc5d18c2d8248ac2f3366de34,SP,639.8,2
signaling_and_security,53e4c6e0f4312d4d2107a8c9cddf45cd,SP,604.99,3
signaling_and_security,6e1862e15f33d9994bc25922a85e1efc,SP,573.5,8
signaling_and_security,6481e96574816ead57975da2c0f6d80d,SP,557.8,22
signaling_and_security,1025f0e2d44d7041d6cf58b6550e0bfa,SP,525.0,5
signaling_and_security,612170e34b97004b3ba37eae81836b4c,RS,444.1,9
signaling_and_security,a4bd6e9adf39b63f43dc545d3ca1f53d,RJ,299.8,2
signaling_and_security,48b6c3f4c6a93171da04b75313f2130f,SP,290.26,2
signaling_and_security,1f50f920176fa81dab994f9023523100,SP,272.3,7
signaling_and_security,8c9348f33ae3dada25c99c99ade2af78,SP,230.0,1
signaling_and_security,d6ab728cf30867cf3f1a2e216ae2f9b7,SP,216.0,1
signaling_and_security,0725b8c0f3f906e58f70cbe76b7c748c,SP,194.76,4
signaling_and_security,b67d6c666e8dce1d078c882825e12704,SP,190.54,2
signaling_and_security,72146da5774cabf2632faedcae097a76,PR,185.95,5
signaling_and_security,70a12e78e608ac31179aea7f8422044b,SP,174.0,2
signaling_and_security,ffc470761de7d0232558ba5e786e57b7,SP,169.98,2
signaling_and_security,2646baaf662d4d92ac48f047e35db92d,SP,150.05,5
signaling_and_security,4e922959ae960d389249c378d1c939f5,SP,150.0,2
signaling_and_security,3f8247d0f772ffa58560e5c682521ad5,SC,139.9,1
signaling_and_security,8c16d1f32a54d92897cc437244442e1b,SC,124.98,2
signaling_and_security,2c9e548be18521d1c43cde1c582c6de8,SP,90.8,12
signaling_and_security,23c38debaffe4a25a30fdbd9b586a13f,SP,86.5,1
signaling_and_security,dcb7367a92f5ffb89f1e2152ed260285,SP,79.9,1
signaling_and_security,f8db351d8c4c4c22c6835c19a46f01b0,SP,77.8,2
signaling_and_security,3db66a856d18a9cba7c9241fc5221c50,MG,74.9,1
signaling_and_security,db1f0f7c7e5e87f40b62226f020bb297,PR,59.01,3
signaling_and_security,8f119a0aee85c0c8fc534629734e94fd,SP,43.5,1
signaling_and_security,99a54764c341d5dc80b4a8fac4eba3fb,SP,32.0,1
signaling_and_security,404e1ba01358af4cd63f679b2c4d1fa1,MG,29.9,1
signaling_and_security,85cc55e048b6bcc90c75afe7f0e72f72,RJ,29.49,1
signaling_and_security,430315b7bb4b6e4b3c978f9dfa9b0558,SP,29.0,1
signaling_and_security,e1b12447a7563944843191754aeb5562,SP,28.99,1
signaling_and_security,efff9341f3f8f5237b44ff67ed36a7bf,ES,25.0,1
signaling_and_security,2199e7fe213c16213bf5d6a7eadc9a5d,SP,22.62,1
signaling_and_security,b64d51f0435e884e8de603b1655155ae,SP,17.1,1
signaling_and_security,4e85b538b0dad58852641540686d0e14,SP,9.9,1
small_appliances,59417c56835dd8e2e72f91f809cd4092,SP,36459.0,18
small_appliances,ba90964cff9b9e0e6f32b23b82465f7b,SP,15175.9,15
small_appliances,b32be1695eb7ec5f10f72d9610a12527,RS,15078.0,13
small_appliances,b839e41795b7f3ad94cc2014a52f6796,SP,12788.0,15
small_appliances,f9244d45189d3a3605499abddeade7d5,SP,9531.49,15
small_appliances,ad97a199236354e53fcd91a5a913e9a2,SC,7687.4,9
small_appliances,4e7c18b98d84e05cbae3ff0ff03846c2,SP,7625.9,73
small_appliances,05ff92fedb5be47920fea08e501238b9,RS,7525.34,18
small_appliances,ff4ea69c2a729e83e63c7579e4ef8170,SP,7017.0,9
small_appliances,cc3d14116804f7209f3884f6367f1152,PR,5378.0,27
small_appliances,23d7c96d4a1160db1c726b248601b25a,SP,4215.6,14
small_appliances,054694fa03fe82cec4b7551487331d74,SP,3688.0,8
small_appliances,31da954dc0855f2495c6310f70a2f931,SP,3588.0,12
small_appliances,397c4d0c005b6f41f90098ac724e28cb,SP,3289.0,2
small_appliances,9674754b5a0cb32b638cec001178f799,SP,3112.12,68
small_appliances,bb7a14e229b1c95156719c3d9552eeee,RJ,2762.5,7
small_appliances,052577151711aec5c744fe12e66db3e1,SC,2748.0,4
small_appliances,0015a82c2db000af6aaaf3ae2ecb0532,SP,2685.0,3
small_appliances,820cc752a266cdc6c1a1e61dd4583330,PR,2577.9,12
small_appliances,2d2c62bef4c8ba0dd74e0e228e808539,SP,1704.0,7
small_appliances,59fb871bf6f4522a87ba567b42dafecf,SP,1665.91,9
small_appliances,41ab63a91b8b264e8c8780368bf1dd5b,MG,1594.79,6
small_appliances,b2a6d334e2833acea353624840e25a0e,SP,1477.78,18
small_appliances,b43d8b707f887a30f4675391098354a0,SP,1274.0,3
small_appliances,a20d8058c866dbaeca014d2cd20ac62e,SP,1194.0,2
small_appliances,0307f7565ff85b299b6e5ef162b1b1a9,SP,1029.0,1
small_appliances,9da1ca0bef29ee170e541927a5aeabdc,SP,989.7,3
small_appliances,e883aa812c37a7413226856f4579fe91,SP,978.6,14
small_appliances,430315b7bb4b6e4b3c978f9dfa9b0558,SP,937.0,3
small_appliances,32e5635e63cb374eb63afdd242fb6134,RJ,910.0,1
small_appliances,e1c76f339ebd5460999f25a2aa8c92c5,SP,899.9,1
small_appliances,4830e40640734fc1c52cd21127c341d4,SP,897.0,13
small_appliances,95e03ca3d4146e4011985981aeb959b9,RJ,831.92,8
small_appliances,2d42ebcda99fd55f6f4bc2f1ca035d50,GO,801.0,9
small_appliances,5bf397d04035b5f45cc41e82ec106803,SP,765.0,3
small_appliances,01cf7e3d21494c41fb86034f2e714fa1,PR,748.9,2
small_appliances,f45122a9ab94eb4f3f8953578bc0c560,SP,737.97,3
small_appliances,33cbbec1e7e1044aaf11d152172c776f,RS,730.67,16
small_appliances,ceaec5548eefc6e23e6607c5435102e7,SP,719.8,2
small_appliances,9e9b539eb2806acee3f5c28085c1db9f,MG,718.0,2
small_appliances,6a8a889bde935bafa76d7848782dfaf9,SP,707.88,24
small_appliances,82cb9f452fe8334df74b22d37824b431,RS,671.2,14
small_appliances,2a6fbeaa7ab9e5d59a35841a8da71ce4,SC,633.0,15
small_appliances,d66c305afaec317ebee552073a674429,MG,631.37,9
small_appliances,dc317f341ab0e22f39acbd9dbf9b4a1f,RS,608.7,2
small_appliances,3d4824f20035949c710eaf111f869d39,SP,591.07,1
small_appliances,c68fb906c8f4b4b946d8386bfa6e5467,SP,570.89,3
small_appliances,160e4f13fd3a64b1b86807be88b5ffb0,PR,537.0,3
small_appliances,81783131d2a97c8d44d406a4be81b5d9,SP,502.0,1
small_appliances,7299e27ed73d2ad986de7f7c77d919fa,MG,449.95,10
small_appliances,52f9db5cfb423382a2fa5c9e39303202,SP,431.93,7
small_appliances,a2e874074c877c5a05abae80ad6e488f,SP,385.13,2
small_appliances,4be6b962d83299498bae2190f95d6566,SP,369.9,11
small_appliances,62c50c1af4dfdc4149d25c5222043d39,SP,359.99,1
small_appliances,042573af89b6d931f672efaf789d8358,SP,354.98,2
small_appliances,d1ef48b38baca7e831711c4a0aeb398f,PR,349.46,11
small_appliances,e333046ce6517bd8bb510291d44f0130,SP,348.0,2
small_appliances,955fee9216a65b617aa5c0531780ce60,SP,320.0,1
small_appliances,8b28d096634035667e8263d57ba3368c,SP,311.4,3
small_appliances,bc39d8938f90a3a2b98193723ed59774,SP,306.8,2
small_appliances,6b333a05bf188ef3e1f1662a86bd9855,DF,297.0,3
small_appliances,2fb25ab44bdbeae6a4d816e0d0c9d500,RJ,295.98,4
small_appliances,240b9776d844d37535668549a396af32,RJ,289.99,1
small_appliances,d50d79cb34e38265a8649c383dcffd48,SP,281.97,3
small_appliances,8f119a0aee85c0c8fc534629734e94fd,SP,275.96,12
small_appliances,be9a160a9011f627c3e121d076c1ec7b,SC,270.0,1
small_appliances,30c7f28fd3a5897b2c82d152bb760c17,RJ,259.8,2
small_appliances,d91fb3b7d041e83b64a00a3edfb37e4f,SP,244.0,3
small_appliances,45d33f715e24d15a6ccf5c17b3a23e3c,SP,238.97,1
small_appliances,e6a69c4a27dfdd98ffe5aa757ad744bc,SP,238.54,4
small_appliances,740205fedfe4e90ca6857bc77db0f2b4,SP,229.9,1
small_appliances,8ed8ea9a57c862f2c18c2fe41f601d56,SC,219.9,1
small_appliances,198c7ea11960a9844b544d9bcdca860c,MG,218.87,13
small_appliances,2f4b9d112bfa44a214bc6cef085d17c8,ES,198.0,2
small_appliances,dc50afafdfa325eadc890c7fa42a8f4e,PR,197.5,1
small_appliances,7cf4ea70955b00d6b3c22542598e2715,SP,189.9,1
small_appliances,7a241947449cc45dbfda4f9d0798d9d0,MG,178.0,2
small_appliances,eb72802c83dc7547529c9546d1a9b8ef,SP,169.99,1
small_appliances,b2ba3715d723d245138f291a6fe42594,SP,159.9,1
small_appliances,c731d18cea9bf687ffee82a241c25b11,SC,153.0,1
small_appliances,a4e634166243bbb3a13fa584463fa468,SP,139.65,1
small_appliances,dd2bdf855a9172734fbc3744021ae9b9,MG,129.9,1
small_appliances,750303a20e9c56b2a6bc45cdce0b897d,GO,129.0,1
small_appliances,2bd05d410a8fd26dc4184a15f4f2f588,MG,127.74,3
small_appliances,3078096983cf766a32a06257648502d1,SP,119.99,1
small_appliances,5cf13accae3222c70a9cac40818ae839,MG,109.9,1
small_appliances,f61c63d13f7cd800549d5acdd390ae72,SP,109.0,1
small_appliances,85044848b1b767db2a4a58526adef4b4,SP,104.9,1
small_appliances,3d5d0dc7073a299e31fa718ce1bc00b6,RJ,100.0,2
small_appliances,e5a38146df062edaf55c38afa99e42dc,SP,98.72,1
small_appliances,eaaa46e98c9e61f6764dd1d7a2ab8b3e,RN,98.0,1
small_appliances,44073f8b7e41514de3b7815dd0237f4f,DF,90.3,1
small_appliances,dadc51ef321949ec9a3ab25cd902e23d,SP,85.0,1
small_appliances,cfd7ddab722b902f7ac5b5f3ba6d723d,MG,79.9,1
small_appliances,c9e5ad1f6647f5dbd1172adf6ae3cada,RS,72.94,1
small_appliances,e882b2a25a10b9c057cc49695f222c19,RJ,72.09,1
small_appliances,edb65fe661681b1c0de8bd47c8655855,SP,69.0,1
small_appliances,5d0363b33554b373851fc1622e4d5f3c,SP,67.9,1
small_appliances,f0b47fbbc6dee9aafe415a6e33051b3f,SP,59.99,1
small_appliances,6e4a902d1054e4e17aa6eab87fac1c75,SP,56.1,1
small_appliances,eb5b6204dde3a6e03b5f1bb8479f055b,SP,38.26,2
small_appliances,7722b1df1b0e383e000397b2c11e3e19,SP,34.9,1
small_appliances,41958cbd3335433c8740300e8cd600d5,SP,32.99,1
small_appliances,07d75e33f2750d97d467fb57e4dfdd8a,SP,22.5,1
small_appliances,4c18691b6037662be2df78a765d98ab5,SP,15.0,1
small_appliances_home_oven_and_coffee,ba90964cff9b9e0e6f32b23b82465f7b,SP,25222.6,17
small_appliances_home_oven_and_coffee,f62d7bb4a613ec758a03342d46b580b2,MG,14590.0,19
small_appliances_home_oven_and_coffee,ceaec5548eefc6e23e6607c5435102e7,SP,3849.0,7
small_appliances_home_oven_and_coffee,88cf19ec1fc2c58f161aee259d57142c,SP,753.0,8
small_appliances_home_oven_and_coffee,89c127985a8b130cfa45c1d36764017a,SP,712.89,2
small_appliances_home_oven_and_coffee,2d2c62bef4c8ba0dd74e0e228e808539,SP,516.0,3
small_appliances_home_oven_and_coffee,dc7192adf8ba09569261f4a8d576afe0,SP,433.0,4
small_appliances_home_oven_and_coffee,099095b050cfe8eb1ddff5317587e96e,SP,379.98,2
small_appliances_home_oven_and_coffee,c9c7905cffc4ef9ff9f113554423e671,SP,369.99,1
small_appliances_home_oven_and_coffee,23d7c96d4a1160db1c726b248601b25a,SP,214.9,1
small_appliances_home_oven_and_coffee,d91fb3b7d041e83b64a00a3edfb37e4f,SP,163.29,6
small_appliances_home_oven_and_coffee,a2e874074c877c5a05abae80ad6e488f,SP,87.16,1
small_appliances_home_oven_and_coffee,d1ef48b38baca7e831711c4a0aeb398f,PR,77.2,2
small_appliances_home_oven_and_coffee,8b28d096634035667e8263d57ba3368c,SP,46.8,2
small_appliances_home_oven_and_coffee,5194c22ed1f616ec0c0f33c571542879,MG,29.9,1
sports_leisure,218d46b86c1881d022bce9c68a7d4b15,SP,54056.28,410
sports_leisure,c3cfdc648177fdbbbb35635a37472c53,PR,42388.38,305
sports_leisure,4d6d651bd7684af3fffabd5f08d12e5a,SP,42094.0,387
sports_leisure,c3867b4666c7d76867627c2f7fb22e21,SP,37153.4,259
sports_leisure,70eea00b476a314817cefde4aad4f89a,SP,27087.15,93
sports_leisure,76d5af76d0271110f9af36c92573f765,SP,25807.28,103
sports_leisure,8f2ce03f928b567e3d56181ae20ae952,SP,21712.9,175
sports_leisure,e9779976487b77c6d4ac45f75ec7afe9,SP,21643.63,319
sports_leisure,821fb029fc6e495ca4f08a35d51e53a5,SP,16777.28,24
sports_leisure,955fee9216a65b617aa5c0531780ce60,SP,15865.89,136
sports_leisure,54a1852d1b8f10312c55e906355666ee,SP,14943.8,177
sports_leisure,87b740daf17b5d1be335a64164ec6842,SP,14699.87,13
sports_leisure,4c2b230173bb36f9b240f2b8ac11786e,SP,14562.28,345
sports_leisure,cf8ab1616079e2793aa29d524df01bb1,SP,14391.0,9
sports_leisure,46dc3b2cc0980fb8ec44634e21d2718e,RJ,13959.44,56
sports_leisure,440dd6ab244315c632130ecfb63827b1,SP,13648.6,92
sports_leisure,d05ae8f7a5bd1d2a690a44cd079e4e27,RJ,13436.0,81
sports_leisure,530ec6109d11eaaf87999465c6afee01,PR,11628.21,90
sports_leisure,ccb83a794700270fde70898fe9ff368b,SC,11062.0,12
sports_leisure,c864036feaab8c1659f65ea4faebe1da,PR,10454.2,58
sports_leisure,80e6699fe29150b372a0c8a1ebf7dcc8,PR,10099.36,89
sports_leisure,06df0c10d34e459d9672bc77388742eb,PR,9070.0,30
sports_leisure,7b07b3c7487f0ea825fc6df75abd658b,SP,8785.85,94
sports_leisure,6d803cb79cc31c41c4c789a75933b3c7,SP,8711.4,66
sports_leisure,e7df4cd29ab5abab70fb0783ddb53987,SP,7940.9,11
sports_leisure,7008613ea464bad5cb9b83456e1e6a8f,SC,7777.0,156
sports_leisure,5b925e1d006e9476d738aa200751b73b,SP,7748.5,63
sports_leisure,52f976b17ea7f2f087f56dcc419328f6,PR,7630.0,6
sports_leisure,f8db351d8c4c4c22c6835c19a46f01b0,SP,7606.7,83
sports_leisure,4aba391bc3b88717ce08eb11e44937b2,BA,7456.87,29
sports_leisure,cd68562d3f44870c08922d380acae552,SP,7404.0,48
sports_leisure,08633c14ef2db992c11f840f04fad4cd,SP,6964.8,74
sports_leisure,a3a38f4affed601eb87a97788c949667,SC,6645.87,60
sports_leisure,669ae81880e08f269a64487cfb287169,SC,6489.63,123
sports_leisure,4371b634e0efc0e22b09b52907d9d469,SP,6474.0,65
sports_leisure,750303a20e9c56b2a6bc45cdce0b897d,GO,6410.7,32
sports_leisure,066a6914e1ebf3ea95a216c73a986b91,PR,6389.14,45
sports_leisure,6b243f80ed07b10f0e8aa0f21a205f3c,PR,6260.1,89
sports_leisure,670c26e0f1bf8d0576271d5cfaec6d2b,PR,6124.2,81
sports_leisure,989becdce12ebc39863c2bceab6f3ca1,PR,6099.9,12
sports_leisure,5b67882648febfb6e1225e6ad7164f6b,PR,5993.5,28
sports_leisure,02f623a8eb246f3c5f7c2f96462654e6,SP,5958.0,41
sports_leisure,751bdc4d83a466c7206cd42e8f426b03,SP,5707.12,52
sports_leisure,9616352088dcf83a7c06637f4ebf1c80,PR,5703.0,98
sports_leisure,dbc22125167c298ef99da25668e1011f,MG,5678.15,54
sports_leisure,2e1c9f22be269ef4643f826c9e650a52,SP,5267.82,68
sports_leisure,ea566164622c6b439516ab18062c42cd,SP,4929.0,3
sports_leisure,0691148aee60ca47977c187804f935ae,PR,4727.2,40
sports_leisure,aaed1309374718fdd995ee4c58c9dfcd,SC,4657.5,61
sports_leisure,d566c37fa119d5e66c4e9052e83ee4ea,SP,4519.8,62
sports_leisure,376a891762bbdecbc02b4b6adec3fdda,GO,4179.73,51
sports_leisure,3c03b12bab54d8b37d79d914bfdb1aa0,RJ,4170.34,40
sports_leisure,8d956fec2e4337affcb520f56fd8cbfd,SP,4127.68,84
sports_leisure,ef990a83bbea832f36ebe81376335aa8,SC,4050.59,40
sports_leisure,6b3bd31ad8fcda4b2635ec9f3ff2ecdf,RJ,4029.0,42
sports_leisure,55a5b51f93f2b70ea513f5a047b0262a,MG,4002.3,41
sports_leisure,f35b3c613c4f7b2275f4185d0a3c59ec,SP,3980.54,8
sports_leisure,50c9975695009e5e6473912e83a6d1da,MG,3964.4,68
sports_leisure,7f152321c60a266edc53af1925ef96c1,SC,3919.8,20
sports_leisure,14d7985702e72162bbf13b6beb74ab2b,SP,3887.0,38
sports_leisure,2e13c71026e1a39ba5cc1b86dcb679aa,SP,3793.0,28
sports_leisure,5d9dc90a686a8fddacffab6bab5653a3,SP,3761.94,12
sports_leisure,165fc07beebdcb6190fba8a06db2a449,PR,3743.0,7
sports_leisure,a44fb5a447105f8469bdf16bf9159f25,RS,3706.1,19
sports_leisure,2745f798279e0ed033addcc1474776d7,SP,3668.53,32
sports_leisure,e2aee0892199b1d92530e371abd825bf,PR,3657.38,28
sports_leisure,7f2617c58d5d06806987308b45654351,SP,3656.8,23
sports_leisure,6a0cbc8af2e8abd1bdfb777943d174c6,SP,3534.6,31
sports_leisure,6750d71153f00fc58829af2a8ef1bcf1,RJ,3514.0,6
sports_leisure,6d66611d7c44cc30ce351abc49a68421,SP,3431.5,35
sports_leisure,0509040ea3fe50071181bbc359eb7738,MG,3373.0,88
sports_leisure,54c04bdb5ec46762f8f08c7e8f86ed4a,SC,3281.66,19
sports_leisure,33ac3e28642ab8bda860a2f693000e78,SP,3281.05,33
sports_leisure,3db66a856d18a9cba7c9241fc5221c50,MG,3255.2,48
sports_leisure,e89c4adbe7b1d0819dbb636e16461cf1,SP,3181.3,25
sports_leisure,b1ac6ea7895bc3dd6f0f6f4abbdd2821,RS,3139.0,41
sports_leisure,8ae520247981aa06bc94abddf5f46d34,SC,3095.0,10
sports_leisure,2089a6d640999f9b9141ac719b2af596,SP,3076.58,26
sports_leisure,612a743d294c27884fb7b80d2b19ba35,PR,2999.9,1
sports_leisure,1da3aeb70d7989d1e6d9b0e887f97c23,SP,2930.31,77
sports_leisure,730937bf88cb151eb2eb849f642fc213,SP,2821.2,26
sports_leisure,3fd1e727ba94cfe122d165e176ce7967,SP,2805.2,38
sports_leisure,cb3dd9ce66268c7a3ca7241ac70ab58c,SP,2801.78,50
sports_leisure,df56d7b40d437f88407c5f78b63bc328,PR,2791.28,25
sports_leisure,0be8ff43f22e456b4e0371b2245e4d01,SP,2782.2,69
sports_leisure,a17f621c590ea0fab3d5d883e1630ec6,SP,2759.25,79
sports_leisure,f67efa3f0b6761102a7f8c6b7b571f5d,PR,2746.9,10
sports_leisure,7e1fb0a3ebfb01ffb3a7dae98bf3238d,SP,2718.93,22
sports_leisure,0ef83d7d83ed97cd2a0049ac8be5f88a,PR,2672.06,24
sports_leisure,4305fe92735c8a43d154ff6dd2b8d927,MG,2658.1,19
sports_leisure,6f229cc508fc6915ed5c499efd93baa4,RJ,2654.8,14
sports_leisure,dee656f0f566ed1aa85bd137c943f08f,SP,2641.61,34
sports_leisure,96804ea39d96eb908e7c3afdb671bb9e,MG,2638.8,24
sports_leisure,9906e7aa42a3c067b7c9a564d01c4320,PR,2619.0,16
sports_leisure,c9c7905cffc4ef9ff9f113554423e671,SP,2597.89,30
sports_leisure,4da0e408c99d2fdc2126dc9fce518060,PR,2584.5,49
sports_leisure,f7ba60f8c3f99e7ee4042fdef03b70c4,SP,2578.0,29
sports_leisure,5bc55dbe2f12b6af6d83ed46023e0dc8,MG,2492.1,19
sports_leisure,5eeb9c756d9780b96283e5a2ac6da334,SP,2471.0,9
sports_leisure,7c67e1448b00f6e969d365cea6b010ab,SP,2385.92,18
sports_leisure,e81e1f9c3e762e620f3fb60a51499e16,SC,2330.99,13
sports_leisure,9a84ba99f5367fdbd4598363496f1ea2,GO,2284.98,16
sports_leisure,4e922959ae960d389249c378d1c939f5,SP,2269.0,6
sports_leisure,9b013e03b2ab786505a1d3b5c0756754,SP,2255.52,59
sports_leisure,d13e50eaa47b4cbe9eb81465865d8cfc,SP,2250.43,11
sports_leisure,cea729054f157f5870bdd321a958d994,SP,2230.1,24
sports_leisure,54065e9aef7e9e9c2dc23b7594db021a,RJ,2224.0,2
sports_leisure,7ddcbb64b5bc1ef36ca8c151f6ec77df,SP,2182.84,16
sports_leisure,fdaaf5bfda82b7b80535610c831b8d09,SP,2149.0,14
sports_leisure,7bac63f6603d382cc8d0832eb6c100a8,SP,2141.96,8
sports_leisure,9bcdfa7b615b3abb9461d9e3ad9886ae,SC,2126.07,20
sports_leisure,78c99c6dff4eeae5be99bf635ed21e3f,SP,2030.88,39
sports_leisure,87142160b41353c4e5fca2360caf6f92,RS,1963.5,19
sports_leisure,634964b17796e64304cadf1ad3050fb7,RJ,1910.0,5
sports_leisure,3d39fbf22a665714baf62fae36029e23,SP,1904.4,6
sports_leisure,2a7dc43cecabf23403078e2188437d1d,SP,1876.57,10
sports_leisure,fcb5ace8bcc92f75707dc0f01a27d269,SP,1857.2,13
sports_leisure,0dd184061fb0eaa7ca37932c68ab91c5,SP,1842.0,18
sports_leisure,e5475dcab1e07b63d7f6e902d8f5eda8,SP,1835.0,10
sports_leisure,38e679b9e0064cd94c6f035707344dae,PR,1827.27,19
sports_leisure,91f5779a8731baca4809fdeade81803f,RJ,1821.96,4
sports_leisure,d6ab728cf30867cf3f1a2e216ae2f9b7,SP,1786.0,13
sports_leisure,71039d19d4303bf9054d69e9a9236699,SP,1769.3,7
sports_leisure,7299e27ed73d2ad986de7f7c77d919fa,MG,1739.89,11
sports_leisure,099095b050cfe8eb1ddff5317587e96e,SP,1728.99,2
sports_leisure,522620dcb18a6b31cd7bdf73665113a9,PR,1726.9,4
sports_leisure,6b536a23086fba0d58c08d68814397f6,RJ,1680.8,20
sports_leisure,44f091b5abab8018f682fce8124b85e5,SP,1680.1,6
sports_leisure,412a4720f3e9431b4afa1476a1acddbe,SP,1660.1,15
sports_leisure,7e93a43ef30c4f03f38b393420bc753a,SP,1614.22,7
sports_leisure,41b86b552e54e3a7009596125aa8b167,SP,1595.3,11
sports_leisure,7586919161935337bf6b6d7ff5779648,RJ,1589.91,17
sports_leisure,9b00ed88b7fdb95d6ff76e27c1b52d16,SP,1567.88,48
sports_leisure,373ee4a3a775a733770ca3f790b8b9ac,RJ,1555.04,8
sports_leisure,d354c38a7182125a748cb10474fe963b,RJ,1540.34,19
sports_leisure,ccc4bbb5f32a6ab2b7066a4130f114e3,PR,1532.89,5
sports_leisure,1b8356dabde1d35e17cef975c3f82730,SP,1519.69,31
sports_leisure,f326006815956455b2859abd58fe7e39,SP,1477.96,4
sports_leisure,3f3486b61f45078d4f31ee5e43d8c5bb,SP,1399.9,10
sports_leisure,0cbcee27c791afa0cdcb08587a2013a8,MG,1376.0,9
sports_leisure,8e2b3afb420011ef0c88c9d5f11ea526,SP,1334.6,10
sports_leisure,b90e891671cffd9557f33a97dc523645,PR,1310.0,12
sports_leisure,f08c008c8a8d31417763738a1788a2a8,PR,1291.72,23
sports_leisure,9ed65337433adfbedefd23dd76eaa494,SP,1262.6,6
sports_leisure,9140bd1d9de28b197dce077bdd687438,SP,1258.87,8
sports_leisure,b8578d2d823bd8e251f6fdd02b40902d,SC,1255.6,9
sports_leisure,67225bff54a172ff67579aaf583efd78,PA,1238.0,8
sports_leisure,2d518637f53161b973e01f56ea4bb88e,SP,1219.89,13
sports_leisure,adcf50477d6a1f5d91bb9d54c4903cb5,MG,1137.26,33
sports_leisure,81336a0f57a33776419727a300249e90,SP,1135.05,17
sports_leisure,d12c926d74ceff0a90a21184466ce161,SP,1124.78,32
sports_leisure,2eb70248d66e0e3ef83659f71b244378,SP,1102.39,1
sports_leisure,c88f62b4c386a59281014d677864d016,PR,1099.0,1
sports_leisure,77fccaae319668a8ab6cd0fd16aec48c,RJ,1087.0,6
sports_leisure,bba74270a87732727b5a3b4fd9ac1c39,MG,1058.78,22
sports_leisure,921323538c9f1c4e816f2720eac02bea,SP,1057.06,13
sports_leisure,a36b125ac6d5fdbc7f50de85c9157bdc,SP,1038.73,17
sports_leisure,d650b663c3b5f6fb392b6326366efa9a,SP,1027.0,3
sports_leisure,7d13fca15225358621be4086e1eb0964,SP,1013.0,2
sports_leisure,b33e7c55446eabf8fe1a42d037ac7d6d,SP,1006.99,2
sports_leisure,bc47d5d1490df2b36add65d733eafaba,SP,1004.8,25
sports_leisure,2ff6b7bff164ef05590a52734e1296da,PR,989.89,2
sports_leisure,c8025364abeecb115431bf95c11a747f,RS,928.0,2
sports_leisure,3ab971ce71839580d2ae5b4e40fe8044,SP,924.0,8
sports_leisure,3f9c56764fabca627406093dcb3ef0b4,RJ,909.3,7
sports_leisure,973f21788dfab357250f69a8dcb7ddee,MG,909.0,21
sports_leisure,c878515173c84a492ebe50d6b493230b,PR,894.89,5
sports_leisure,4ef4c39cf3c24f326434cf0b2e48046a,SP,891.0,9
sports_leisure,1782ce2db72c3dda627d5e7c898104e1,SP,885.8,5
sports_leisure,6b9b80d53ba3676eafe60268a810b5a1,SP,882.7,10
sports_leisure,41da412d33e8da4f22baf55cb1bde82c,ES,862.9,21
sports_leisure,fa1c13f2614d7b5c4749cbc52fecda94,SP,854.7,3
sports_leisure,66dc1b1632bd6a3e508510c5b3492107,SP,854.39,11
sports_leisure,70a12e78e608ac31179aea7f8422044b,SP,852.0,6
sports_leisure,2dd1fb6f0e42a2243b8a01e40cd41216,PR,845.89,5
sports_leisure,a420f60ff1aa9acc80d0e42959f2b313,SP,844.0,9
sports_leisure,1bb3812d5f0747a3ab7348f199001a10,SP,834.4,9
sports_leisure,a2e874074c877c5a05abae80ad6e488f,SP,824.59,3
sports_leisure,a67780aba9dd436e7ac0aa1f889e73ec,SP,820.4,5
sports_leisure,0aa124728afc1131dff5655f4c6f487b,MG,799.0,1
sports_leisure,888faa8bfb0b159c37de6d898b961c31,SC,792.54,9
sports_leisure,9d681c7e12db302cb261e721040dde65,PR,785.6,14
sports_leisure,b2ba3715d723d245138f291a6fe42594,SP,781.1,9
sports_leisure,b5e3e38609125694d2ea2417522a60b7,SC,775.06,15
sports_leisure,0ff83046c3fa22efee8ecf291888b191,RS,768.9,11
sports_leisure,ba6ce6de456f6c11d08c17701ba5c26f,SP,744.35,7
sports_leisure,8132b9bd16876e1b0f8808d43825dd48,SC,727.9,3
sports_leisure,7a2d2949aea47fab95fd98d6c9f618b1,PR,726.0,3
sports_leisure,52562a9f449c3dc3d53f5f5b9ed74903,RN,714.2,8
sports_leisure,ca77545ca4d2dfd1431bf61334e2fa3c,PR,707.1,9
sports_leisure,365e4bce19bda0082c3d15d83fdb8bcd,SP,706.5,6
sports_leisure,b4b447d715f9ab302a188fb43d3e96b3,SP,685.93,5
sports_leisure,4e6015589b781adaa5ce7f1892d06bb1,SP,684.0,3
sports_leisure,2f09f7d37a97956d11cc1a7cadd5262b,SP,680.0,6
sports_leisure,04e38a233f726ef161074ab1c9b0399a,SP,675.7,13
sports_leisure,4830e40640734fc1c52cd21127c341d4,SP,674.87,20
sports_leisure,8c0de775f52fe41590b376a3b7c50f68,SP,672.7,9
sports_leisure,e644cbadf7eeb30d0d29f335ce7d52ec,SP,663.94,6
sports_leisure,318f287a62ab7ac10b703ac37435a231,SP,652.5,29
sports_leisure,5d043cd5512d4bd2f88e5ccdd5736c38,SP,650.0,1
sports_leisure,aba1721a889e04decc910aa13b768ef4,SP,635.0,3
sports_leisure,39c763cca83e654764b7a4a650fb9b7c,GO,632.0,10
sports_leisure,93dc87703c046b603023e75222018b45,MG,627.0,3
sports_leisure,a5a1bfcf728ab0e19182959cf0771ee4,SP,614.16,4
sports_leisure,262237171f48e85819065498cac80d7b,SC,599.0,10
sports_leisure,8090490573c6c0aa343a7231ebcb8c86,SP,598.68,4
sports_leisure,b32be1695eb7ec5f10f72d9610a12527,RS,598.0,2
sports_leisure,1b1ae47a313a825a7ccceb8e2e30fa9d,PR,579.5,5
sports_leisure,83353a83fd769dfafa4f21a72b15e3e5,SP,579.5,5
sports_leisure,729b2d09b2a0bdab221076327f13d050,SP,572.79,23
sports_leisure,95e03ca3d4146e4011985981aeb959b9,RJ,572.1,17
sports_leisure,9599519be538b98748162a2b48248960,SP,570.0,3
sports_leisure,a35ef466c6fd6d052f5d241240d3c5e2,RS,569.9,3
sports_leisure,432c37c9dfba871172ec162e20118b8c,DF,569.0,4
sports_leisure,b499c00f28f4b7069ff6550af8c1348a,SP,565.95,5
sports_leisure,35b96509602ec4b7da831b5cd73ff2c2,RS,558.9,2
sports_leisure,e8dba4d70f7f2b20e775d09cae01142d,SP,555.93,7
sports_leisure,385799a1cddbd26dfeb9157356a42282,SP,551.94,6
sports_leisure,612170e34b97004b3ba37eae81836b4c,RS,549.9,1
sports_leisure,bb2afe2061d53c6968aa0cffa233a8ec,SP,549.4,6
sports_leisure,fe1bbc5feda5c8979a8a1b3b2512d5a6,MG,544.82,9
sports_leisure,6560211a19b47992c3666cc44a7e94c0,SP,531.0,7
sports_leisure,45d33f715e24d15a6ccf5c17b3a23e3c,SP,530.22,10
sports_leisure,c447f8dd3ed213f291d65ef074a268eb,SP,525.0,6
sports_leisure,b6dc74ed30f124f95227bed4e43a3bed,PR,518.96,13
sports_leisure,f80edd2c5aaa505cc4b0a3b219abf4b8,SP,507.4,6
sports_leisure,5e49e3a44bdeb5aab2684258bbd4f525,SC,507.0,3
sports_leisure,2f74af7a0ee5636f12c2336f9fffed47,SP,490.9,11
sports_leisure,3d8fa2f5b647373c8620330c4e077a9f,SP,488.98,7
sports_leisure,6c12e40690c335dbc2f68a4134d30dc1,PR,479.2,8
sports_leisure,28f10b1c5e5abb9d4857745bede6147c,SP,475.0,11
sports_leisure,67883baaae6134ee81b271a542613728,SP,469.0,1
sports_leisure,ee2fbacc2fc3794e656cc4d933d59ce7,SP,464.97,3
sports_leisure,cbd996ad3c1b7dc71fd0e5f5df9087e2,SP,461.9,11
sports_leisure,8648b1e89e9b349e32d3741b30ec737e,SP,452.6,5
sports_leisure,f5f46307a4d15880ca14fab4ad9dfc9b,SC,449.95,5
sports_leisure,8a40ae794fa3f9892cee24bd5af0488b,PR,449.9,1
sports_leisure,638cba8be1fb599bbb76fd6948351eb3,SP,445.9,17
sports_leisure,c0e6839516f5398edc34adf5f1d53d1a,SP,432.92,3
sports_leisure,f7df46c1e0ec44eed5c6726478da4a17,RS,429.7,3
sports_leisure,6b90f847357d8981edd79a1eb1bf0acb,SP,419.4,6
sports_leisure,2aa3443d7bf9d9bb11133f420d75e083,RJ,417.3,7
sports_leisure,55029529919c0123526150bd26ca8f20,MG,410.95,5
sports_leisure,d7485b33791774c36108f8c69602d48d,PR,399.82,10
sports_leisure,b248792ac0b60ec3f93d80af1b4fae47,SP,396.6,8
sports_leisure,0249d282d911d23cb8b869ab49c99f53,SP,393.0,11
sports_leisure,a7ecf689b40a44361e259b28939023e4,ES,389.0,1
sports_leisure,94d76e96eedd976258cd3278ce56d5f2,SP,385.61,1
sports_leisure,e58a5b390e28abc0b216cfb0e07d27d7,RJ,384.6,5
sports_leisure,382229d1e840115ffe3dbf5ff460e417,RJ,376.27,7
sports_leisure,70125af26c2d6d4ef401a1d02ae7701f,GO,371.2,8
sports_leisure,2b03ac196f5ed62ac483960fe0fa3b65,SP,358.1,3
sports_leisure,9198786624eaeb375793215cad26cfa6,SC,357.5,5
sports_leisure,24c1de8d9551c0b4fbc53317d53efda8,PB,355.0,1
sports_leisure,9b00cad94ef3078faf6fba2e792c158f,MG,354.9,1
sports_leisure,17e34d8224d27a541263c4c64b11a56b,SP,354.56,10
sports_leisure,ff1e15b778c700abdd4d239b81ac466d,PR,354.4,6
sports_leisure,138dbe45fc62f1e244378131a6801526,SP,353.06,13
sports_leisure,52092ddbd3a58c450a4459bf051b2287,SP,351.7,6
sports_leisure,b26741d31a563d769b4af0465ab20c56,SC,349.0,1
sports_leisure,bd15ee794d5e640d9dd71b665b2ab15b,SP,341.9,11
sports_leisure,a2e85714b56b1cb6bb24a9a6e6cad36f,SP,339.7,3
sports_leisure,7c4618c82226628831613e95e9c22f44,SP,333.93,13
sports_leisure,76d336555bb25f3165d2f0d6da719c40,SP,330.0,2
sports_leisure,8b2d4ab22f42c5cfc338b846decfda60,PR,330.0,8
sports_leisure,86ff3eaef0267069cc891a2ed9d10a17,SC,327.26,6
sports_leisure,ffa6adafb71b807dc13159e26431354c,PR,327.0,3
sports_leisure,3be634553519fb6536a03e1358e9fdc7,SP,324.51,16
sports_leisure,2ff97219cb8622eaf3cd89b7d9c09824,SP,324.0,10
sports_leisure,f52c2422904463fdd7741f99045fecb6,SP,323.69,3
sports_leisure,eb9267cccc90f1b49c8d2f9887c7dd97,PE,319.9,1
sports_leisure,7bcd7c5f8631701474db233ccf1c094b,SP,319.0,3
sports_leisure,57d2ba47f7a3209aa347532ae75c1165,SC,318.0,2
sports_leisure,f9ec7093df3a7b346b7bcf7864069ca3,SP,316.0,2
sports_leisure,da20530872245d6cd9d2f5725613c430,RS,314.96,3
sports_leisure,acb6c2ca5c82411c1fdb88d5fd5eb95e,SP,313.4,6
sports_leisure,e1b12447a7563944843191754aeb5562,SP,311.98,5
sports_leisure,0f0c984a4a955310903b6b6008660bad,SP,309.91,3
sports_leisure,b16d3dadc47d4eb18be3d88bad0775ce,RS,309.2,8
sports_leisure,dbbcfe2c8d026742134ac3e28ccde274,PR,308.59,4
sports_leisure,c76d418370990614e89e956c7a7567d9,SP,305.24,2
sports_leisure,709e16e2b25c7474d980076c6bfc4806,SP,301.4,6
sports_leisure,f00e21b1e91a79653163b7fd8f293ff1,SP,299.9,1
sports_leisure,3969863bb8af7f72580b3b1ffd3a17b3,SP,299.4,6
sports_leisure,a1bea7061f61f6fdd9a85a6325ba1033,SP,299.0,1
sports_leisure,615005a3ef192c00c6f0e977cee3d2bc,SP,286.5,11
sports_leisure,74871d19219c7d518d0090283e03c137,SP,286.24,4
sports_leisure,a45314082d50d578a4721c9787ce09ab,SP,285.0,1
sports_leisure,1430239a858e7682bbc43b20758af153,SP,279.3,7
sports_leisure,916748bc99315c2d202898ae58b1617e,SP,275.4,28
sports_leisure,5f1dc28029d2c244352a68107ec2b542,SP,269.7,3
sports_leisure,883dd81e82754ac2c65e9790a7db8c9a,PR,269.6,4
sports_leisure,f9bbdd976532d50b7816d285a22bd01e,SP,268.0,2
sports_leisure,5236605f4d4b0b3e4df85b850393fca0,SP,265.3,5
sports_leisure,ff1fb4c404b2efe68b03350a8dc24122,SP,260.0,1
sports_leisure,5e25c632f9db6cfb8bc100421c2737b6,SC,259.0,1
sports_leisure,ae45ad30c2d2e5913094769690a239d2,SP,251.8,2
sports_leisure,001e6ad469a905060d959994f1b41e4f,RJ,250.0,1
sports_leisure,5d505d2298ad549e4e4e835562fa0c1e,SP,249.8,2
sports_leisure,9c3c24eca51c52b91c1de727d2a2ae06,RS,248.5,5
sports_leisure,baa49d93c8c8841e27400a300f5d74b2,SC,246.4,6
sports_leisure,4049512728d969bec69f84088b012416,MG,241.84,6
sports_leisure,101a3a003516bc11253298b2fad3cb65,SP,240.0,1
sports_leisure,537eb890efff034a88679788b647c564,RJ,239.2,8
sports_leisure,a7f13822ceb966b076af67121f87b063,SP,229.96,1
sports_leisure,0bae85eb84b9fb3bd773911e89288d54,SP,229.2,6
sports_leisure,fadb07c842a2aef5d5a676b85f220e71,SP,228.86,5
sports_leisure,403aa86912527d730337ffcb0fb096ab,MG,224.99,1
sports_leisure,cee48807215b30a12ca2ca10ffb5f250,SP,223.8,2
sports_leisure,6806dad1da97bfb5a9038eac6881f706,PR,223.0,2
sports_leisure,3442f8959a84dea7ee197c632cb2df15,SP,218.7,3
sports_leisure,d921b68bf747894be13a97ae52b0f386,MG,215.0,1
sports_leisure,74636e24f01da9268b0ed88dacd8513e,SP,209.0,1
sports_leisure,1de62b6f2fd96227629786db492433db,SP,208.8,2
sports_leisure,c24173065483e421f9e5e7f599de101d,SP,207.95,5
sports_leisure,c68fb906c8f4b4b946d8386bfa6e5467,SP,207.76,2
sports_leisure,8b28d096634035667e8263d57ba3368c,SP,207.3,7
sports_leisure,3289d8c3eef4873f91ce0b1343c0dd58,SP,199.99,1
sports_leisure,8060d731897e33b5c5ae575ce1e209e1,SP,199.5,5
sports_leisure,b9ca8e8baa5d4aa038394a700f63e69f,SP,194.97,3
sports_leisure,1e47defeeadeca0e9a18fa5a9311e735,SP,193.6,2
sports_leisure,db4350fd57ae30082dec7acbaacc17f9,SP,190.99,3
sports_leisure,90b57083da5d803237da74daec6dcb2b,PR,189.0,1
sports_leisure,b00af24704019bd2e1b335e70ad11f7c,BA,189.0,1
sports_leisure,6edacfd9f9074789dad6d62ba7950b9c,SP,188.6,4
sports_leisure,710e3548e02bc1d2831dfc4f1b5b14d4,PR,185.96,4
sports_leisure,c32fc744b9160ac853450488e3cfea93,SP,185.7,3
sports_leisure,68ca56ce86830f3d31b1b7ec6a54da3e,PR,183.0,1
sports_leisure,18a349e75d307f4b4cc646a691ed4216,SP,182.32,1
sports_leisure,7ad41305e96a6cab8294cd65891e9a86,SP,180.0,2
sports_leisure,b1204cfda1d4948679db3cfc0d3cb95c,SP,178.4,4
sports_leisure,15aac934c58d886785ac1b17953ea898,ES,177.0,3
sports_leisure,f0e103c63864d5405b958d984b6e94c9,SP,175.0,1
sports_leisure,b906dd0e57f282c7089171b6ed07982e,PR,175.0,2
sports_leisure,f92d8c817434bd2d84d4e9c61322b7fa,SP,174.84,5
sports_leisure,23ff42c4bf1f8f16cddb19d8b972974a,MG,174.7,3
sports_leisure,9ac4f14370b1e24ddc58be041b7f99df,GO,173.38,3
sports_leisure,f5f2ab9bdb6b30c14c61be68c5ed37da,SP,171.9,1
sports_leisure,4869f7a5dfa277a7dca6462dcf3b52b2,SP,169.0,1
sports_leisure,e882b2a25a10b9c057cc49695f222c19,RJ,167.5,4
sports_leisure,aac51c486b672a9850d59f3e84b1cf88,SP,164.56,3
sports_leisure,b67d6c666e8dce1d078c882825e12704,SP,162.3,6
sports_leisure,edf96ef93ed595084bbcbd9224bd2894,SP,160.0,1
sports_leisure,ba6b68b55fe8704377a7d43c8e5c0185,MG,159.98,2
sports_leisure,4736e9d642ef4257cd7622516931eb51,SP,151.96,5
sports_leisure,c398bc00a606d33758afd91f4e64fd15,RJ,150.0,2
sports_leisure,d8c7ba53e7e38711eaef8c2849d6d2e1,PR,149.95,5
sports_leisure,25debeafbce801fdd479539350185eee,SP,142.88,3
sports_leisure,1336efc61c316ddf92c899eb817f7cae,SP,142.0,4
sports_leisure,085f6f7e049c996695fb2074fe38d45e,SP,140.9,1
sports_leisure,657969cca82e884d272385ec0ef06edd,RS,139.7,3
sports_leisure,f114dca2828bf718548db175ebe2cfcd,PR,139.0,1
sports_leisure,fb8904a8ea99f8831b64ce27db2c1765,SP,139.0,1
sports_leisure,8cb7c5ddf41f4d506eba76e9a4702a25,GO,138.0,2
sports_leisure,8cbac7e12637ed9cffa18c7875207478,SC,137.5,7
sports_leisure,86ccac0b835037332a596a33b6949ee1,SC,135.87,3
sports_leisure,0c7f30ae9b147eca07affbef92832a6a,PR,129.9,1
sports_leisure,94e93ce877be27a515118dbfd2c2be41,SP,129.8,2
sports_leisure,402916f742e5c740cc751493d9cf5053,MG,128.0,2
sports_leisure,834f8533b2ecb6598dd004ff3de7203a,SP,127.84,2
sports_leisure,391bbd13b6452244774beff1824006ed,SP,127.8,2
sports_leisure,dc7192adf8ba09569261f4a8d576afe0,SP,126.0,2
sports_leisure,1b4c3a6f53068f0b6944d2d005c9fc89,SC,119.9,1
sports_leisure,910a922b426b7ff95eaee129ad6c0e1f,SP,119.8,2
sports_leisure,e3e290b38963293022cdcd6db8328103,SP,119.8,2
sports_leisure,b7e1750c1157341d2abd0251e07c186b,SP,119.7,3
sports_leisure,e627629ba868740e287800f1a9be81c2,SP,119.4,2
sports_leisure,93bef6edaa84956e8e575016449b6351,SP,115.0,1
sports_leisure,c826c40d7b19f62a09e2d7c5e7295ee2,SP,110.77,1
sports_leisure,28d162ab86bb49d719c32f0ee6186eaa,SP,109.99,1
sports_leisure,4be9ae93c4fc0f41713d71a4194ee1b3,MG,109.9,1
sports_leisure,3504c0cb71d7fa48d967e0e4c94d59d9,SP,109.78,4
sports_leisure,04aa0a1c5ce6b222003403a3e11c3cc0,SP,109.0,1
sports_leisure,db7ed69a53aa9fb1c01930ba54a88bbe,SP,109.0,1
sports_leisure,92992bec39dde5766f590d3b1f46d465,SP,109.0,1
sports_leisure,e88165a185134e13fdfc85d4fa654db8,SP,108.0,2
sports_leisure,3bb32fedaa74e4ad20f4ce067733bd31,SC,103.7,3
sports_leisure,80f2cf9abf6b5a0e5c612b5eea6646e6,SP,99.9,1
sports_leisure,dd2bdf855a9172734fbc3744021ae9b9,MG,99.8,2
sports_leisure,cda598c48d7c614bc1cad7d8ff6f0010,SP,99.8,2
sports_leisure,1c742ac33582852aaf3bcfbf5893abcf,MG,97.9,1
sports_leisure,e62b2d6ac10570a035a30bafcf01d263,SP,94.1,4
sports_leisure,ebef8d8c92b4fd3226e5d407bbff21ac,SP,93.8,2
sports_leisure,ce27a3cc3c8cc1ea79d11e561e9bebb6,SP,90.0,2
sports_leisure,6d04126aba80df143fd038e711b8fd96,RJ,89.99,1
sports_leisure,8dd386be0767c330276ea6a3f96532d3,SC,89.98,2
sports_leisure,c1f12f926d0ba950578b4fa41115cbb6,SP,89.9,1
sports_leisure,fd386aa7bed2af3c7035c65506c9b4a3,SP,89.33,3
sports_leisure,a2b911e9ad40dc7d61c142a4683e2d85,RJ,85.9,1
sports_leisure,27a56ff04b34c2ba34ce6ba4d3b9d616,SP,85.89,2
sports_leisure,cb5ff1b9715e99589f3e0c7a6afab9e3,PR,85.0,4
sports_leisure,b5dd7151a92ccaaa282cbe9681a05f44,SP,85.0,1
sports_leisure,6824a69c9ea0313eba299dd4a2dba09a,MG,84.4,1
sports_leisure,c714262700f93defc16bf17a51a4cb23,SP,83.99,1
sports_leisure,c0f3eea2e14555b6faeea3dd58c1b1c3,SP,79.99,1
sports_leisure,52f0fe436a347ddad7ed5f9aa4e27eaa,SP,79.96,4
sports_leisure,cd233f8bfa30ebfd651f47ee7d054951,SP,79.9,1
sports_leisure,aa17b35ce4de7b565be3249ba838944f,SP,79.8,2
sports_leisure,96e5dc09087bad639b4ee193104ec2e5,RJ,79.0,1
sports_leisure,6cd68b3ed6d59aaa9fece558ad360c0a,MG,75.3,3
sports_leisure,117cfc326c6d50da67ca858ff5c0c852,RJ,75.0,1
sports_leisure,63ffcb71394dd8ea3872ed9ffda17c74,RJ,72.7,3
sports_leisure,ac6417315ae5da8f9a38ee11de6f7780,SP,72.5,1
sports_leisure,22c32ec35d0116ef02c281798a25bf8b,PR,72.0,4
sports_leisure,a5dd1946fb63ada8bcaa0c9cd8f11e22,PE,70.31,3
sports_leisure,b6c6854d4d92a5f6f46be8869da3fa1a,SP,69.9,1
sports_leisure,fe9d9cf8631285d5982c6e2cf27fb114,MG,69.9,1
sports_leisure,0cab2da43793a6f3c5ed8514c5f54627,PR,69.9,1
sports_leisure,062ce95fa2ad4dfaedfc79260130565f,RS,68.9,1
sports_leisure,b43d8b707f887a30f4675391098354a0,SP,68.0,1
sports_leisure,55bb6fe5bebe5012e2d7d9928e1128ff,SP,67.0,1
sports_leisure,e8f6dc8e6a1dcde89d20e3995c8d90b3,SP,65.7,3
sports_leisure,52831e5990d0771cb4951d6f12928167,SP,65.0,1
sports_leisure,01fd077212124329bac32490e8ef80d9,SP,65.0,2
sports_leisure,5656537e588803a555b8eb41f07a944b,DF,64.89,1
sports_leisure,6a3139c7bf09ece22a4713d956acbe5e,SP,61.9,1
sports_leisure,7963e546f34e098b578f9ad102494601,SP,60.99,1
sports_leisure,7681ef142fd2c19048da7430856b5588,SP,60.0,1
sports_leisure,800214c63934acd05d47e84214db8ba8,SC,59.9,1
sports_leisure,9e17b9d64683aebcbb9ee362d06463b4,SP,59.8,2
sports_leisure,d9a84e1403de8da0c3aa531d6d108ba6,SP,59.6,4
sports_leisure,042573af89b6d931f672efaf789d8358,SP,58.5,1
sports_leisure,fac1a9017ade7bdc94058fc1c969f355,SP,55.99,1
sports_leisure,f789d2c4f2c2eb38fc4373e7a4b35264,MG,54.99,1
sports_leisure,ea65d8b58316a6f2362f2a9e4b3e86ad,SP,52.9,1
sports_leisure,e601b04acf48b4576e73ddca9481f0dc,SP,52.49,1
sports_leisure,fce62094ffe6a4009188ec44e681dfdd,SP,51.8,2
sports_leisure,20a7efa9721046319bdde5d60b6b5365,SP,51.7,1
sports_leisure,deaadd805612bf94faaa9fa702516e11,SP,50.0,1
sports_leisure,44ed138eca6214d572ce1d813fb0049b,RS,49.99,1
sports_leisure,be8e909810184b9b19e886129149d8e5,SP,49.99,1
sports_leisure,d4f91e8be86b38da2ee35bc489645a9d,SP,49.99,1
sports_leisure,6426d21aca402a131fc0a5d0960a3c90,SP,49.9,1
sports_leisure,f4aba7c0bca51484c30ab7bdc34bcdd1,SP,49.9,1
sports_leisure,e1a210d482714ce337763a19aef94ba4,PR,49.9,1
sports_leisure,7b3447b497e55af8c15fc7bd89d7b81a,SP,49.9,1
sports_leisure,b81e3a6c866a764974fe849821abeebd,SP,49.67,3
sports_leisure,ce33c6211beaa8fef4cae8b52db39862,SP,49.0,1
sports_leisure,e8a85b5f3df47be0984c55fd4064dbb4,DF,45.0,1
sports_leisure,ed49da7cadefc454d6a67de249eab240,SP,43.0,2
sports_leisure,6561d6bf844e464b4019442692b40e02,SP,41.9,1
sports_leisure,c200c73f9d7e5a08ca439d6a0803da7c,PR,40.0,2
sports_leisure,0761743cbffb25d7148189e9f1a5f03a,SP,39.0,1
sports_leisure,e116c7455dd26a4d8c3e92532583905f,SP,36.76,2
sports_leisure,0725b8c0f3f906e58f70cbe76b7c748c,SP,36.72,6
sports_leisure,1d139e3a3b14025640d8df1b230aace0,SP,36.49,2
sports_leisure,891071be6ba827b591264c90c2ae8a63,SP,35.0,1
sports_leisure,3a52d63a8f9daf5a28f3626d7eb9bd28,SP,35.0,1
sports_leisure,44073f8b7e41514de3b7815dd0237f4f,DF,35.0,1
sports_leisure,cb6c9f5888a7a090c75beaf615925792,ES,34.99,1
sports_leisure,902c99f1ac505c0d18778b61bcd636f7,SP,34.49,1
sports_leisure,5cbbd5a299cab112b7bf23862255e43e,PR,33.33,1
sports_leisure,4fe2f67634d00c021aa01f96b6f2d68e,PR,31.9,1
sports_leisure,56f413900b5166ab4d730e9ac0b12cb0,SP,31.8,2
sports_leisure,e4f121bf6ef8b9a1d4d3e65dd0473fab,SP,30.0,1
sports_leisure,ffc470761de7d0232558ba5e786e57b7,SP,29.99,1
sports_leisure,fc906263ca5083d09dce42fe02247800,MG,29.9,1
sports_leisure,5f5b43b2bffa8656e4bc6efeb13cc649,SP,29.9,1
sports_leisure,26f6b7ab07be3e9e69ce82a6552efc19,RJ,29.9,1
sports_leisure,9d4db00d65d7760644ac0c14edb5fd86,SP,29.8,1
sports_leisure,f1fdf2d13186575751aa25876536d85c,SP,26.3,1
sports_leisure,3078096983cf766a32a06257648502d1,SP,25.99,1
sports_leisure,4ebdc7e6cd6102a022dadc49156d4ea8,SP,25.0,1
sports_leisure,2c54051840f19eca309a5423cf22df36,PR,23.7,2
sports_leisure,f9f68daa2af419d38f745478bcb3da1a,SP,22.4,2
sports_leisure,eb1bf309f4f6af9a97e9ddac3fdbeabe,SP,22.3,1
sports_leisure,f09b760d23495ac9a7e00d29b769007c,SP,21.9,1
sports_leisure,98f52e1020fe788c10c0418de4393fec,RJ,21.6,1
sports_leisure,d93b8458c6fe139d85cfa5eadbf55bd2,SP,19.9,1
sports_leisure,45ba18c210d42734ec52c0c1c574e9ee,SP,18.99,1
sports_leisure,2ea0861cc19e94cad86438c984c52da4,SP,17.9,1
sports_leisure,1c40343cc5d18c2d8248ac2f3366de34,SP,15.99,1
sports_leisure,dfa0c4c6229ab200a4a1336b4d7128ff,SC,15.9,1
sports_leisure,40d54b51e962dbe09cabbcfd33298dee,SP,15.5,1
sports_leisure,3d5d0dc7073a299e31fa718ce1bc00b6,RJ,15.0,1
sports_leisure,61f159ef6da2d441951d2c0efa719362,ES,14.99,1
sports_leisure,918717417d88a9f9ae9735567e6c7682,SP,10.0,1
sports_leisure,e06f09ec0a4aca210779cf1cfc63cf19,SP,9.99,1
sports_leisure,95cca791657aabeff15a07eb152d7841,PR,9.99,1
sports_leisure,bf00385a5f7fc1ef39a13c2e9ee50a5f,SP,9.9,1
sports_leisure,8b321bb669392f5163d04c59e235e066,SP,9.9,1
stationery,3d871de0142ce09b7081e2b9d1733cb1,SP,80133.8,834
stationery,b2ba3715d723d245138f291a6fe42594,SP,14401.2,88
stationery,aba1721a889e04decc910aa13b768ef4,SP,13181.3,86
stationery,de23c3b98a88888289c6f5cc1209054a,SP,10346.15,71
stationery,dbc22125167c298ef99da25668e1011f,MG,5772.56,89
stationery,2a84855fd20af891be03bc5924d2b453,MG,4998.8,67
stationery,968268a686aa05d1f529fb07dff08130,SP,4527.3,11
stationery,2c9e548be18521d1c43cde1c582c6de8,SP,3963.24,134
stationery,b561927807645834b59ef0d16ba55a24,SP,3777.89,82
stationery,5f5b43b2bffa8656e4bc6efeb13cc649,SP,3148.5,26
stationery,bfd27a966d91cfaafdb25d076585f0da,SP,3113.0,22
stationery,acce39e832338debb07b02385cde5967,MG,2807.9,27
stationery,cd6efc47efaabf134f8bdb654e10b4f1,RJ,2667.0,21
stationery,9596c870880d900012f2e8e6e30d06d7,MG,2660.85,8
stationery,b19f3ca2ea475913750f25a5c37c8d8f,MG,2559.59,4
stationery,955fee9216a65b617aa5c0531780ce60,SP,2501.74,49
stationery,323ce52b5b81df2cd804b017b7f09aa7,SP,2442.2,28
stationery,77e4abfd739aed9c46480f90f81c0eb4,DF,2342.0,8
stationery,6cd68b3ed6d59aaa9fece558ad360c0a,MG,2283.7,35
stationery,0d85bbda9889ce1f7e63778d24f346eb,MG,2234.9,31
stationery,77a515caa36327151d1cc6c32a9f00e1,SP,2217.39,26
stationery,d1b65fc7debc3361ea86b5f14c68d2e2,SP,2209.26,11
stationery,b1a81260566c1bac3114a6d124413f27,RS,2118.9,11
stationery,ac3508719a1d8f5b7614b798f70af136,RS,2039.35,17
stationery,594f9aaa48e5bf431f011ddc5669b0d5,MG,1754.4,16
stationery,dd4d95ba2d15c071e6c695e2ef6ce169,ES,1748.0,4
stationery,bafc5aa11e413978be29040f51342e70,MG,1679.55,9
stationery,02dcd3e8e25bee036e32512bcf175493,MG,1491.9,17
stationery,7ecd59e5e20407131822c1a68ac59c1f,DF,1466.71,29
stationery,3586b8580d9c917874e053a1bb37b5ff,SP,1378.0,40
stationery,fd386aa7bed2af3c7035c65506c9b4a3,SP,1333.0,24
stationery,788e857f317e53de488d393e65a80f45,SP,1210.0,11
stationery,17ca9b9e9b9ef8fdb529001b49ebb50f,MG,1139.73,9
stationery,8b655f0855926bcb49f5835d38dfddf6,SP,1089.5,5
stationery,41c9d3997dd3c072c31139dc5bb5761f,MG,998.8,3
stationery,e06f09ec0a4aca210779cf1cfc63cf19,SP,987.8,3
stationery,59fb871bf6f4522a87ba567b42dafecf,SP,949.95,5
stationery,0be8ff43f22e456b4e0371b2245e4d01,SP,918.9,11
stationery,cc5a78bbad32776dc4e3af205218368c,MG,899.24,2
stationery,8ae520247981aa06bc94abddf5f46d34,SC,878.9,2
stationery,e0878efa0e0b7e5313ac0b43bc04c081,PR,867.8,13
stationery,eba88037e1dca898cd02881f67ced679,SP,838.1,6
stationery,f8db351d8c4c4c22c6835c19a46f01b0,SP,831.3,7
stationery,0aa2205ca24f113f4658a5c536667426,SP,815.62,11
stationery,0725b8c0f3f906e58f70cbe76b7c748c,SP,796.1,10
stationery,95ec4458365c4d11f452ccf538377619,SP,795.75,12
stationery,5962468f885ea01a1b6a97a218797b0a,PR,791.0,9
stationery,46dc3b2cc0980fb8ec44634e21d2718e,RJ,789.98,2
stationery,ef30892870c278497523264be1be2241,SP,783.2,9
stationery,1b4c3a6f53068f0b6944d2d005c9fc89,SC,751.84,7
stationery,8cc6a0e5738e61a87b03c78b2ba9db4b,MG,724.2,8
stationery,6eb94e1466490d327a09abf8f3552a50,SP,695.0,5
stationery,1da3aeb70d7989d1e6d9b0e887f97c23,SP,685.65,35
stationery,4830e40640734fc1c52cd21127c341d4,SP,672.9,20
stationery,293dee954235e4e4e43f129313625ebe,DF,644.96,4
stationery,55bb6fe5bebe5012e2d7d9928e1128ff,SP,636.55,7
stationery,f1ed6bd0a9b11b581f16c851c6a5a527,RS,626.68,7
stationery,7e93a43ef30c4f03f38b393420bc753a,SP,549.99,1
stationery,f3da5b2ff499efb8d4a6d371d175d7dd,SP,524.1,6
stationery,014d9a685fd57276679edd00e07089e5,PR,519.91,9
stationery,2cb6eb1b7185064167657fa09f541105,MG,515.5,2
stationery,dbb9b48c841a0e39e21f98e1a6b2ec3e,SP,487.93,7
stationery,189ca3538ce9f920cacf0f982cbe223b,SP,419.0,5
stationery,b7ed9fb14c8eadb37adb9c45d67ab0fb,SP,418.0,7
stationery,e8b3a3a38279a82f0e5d006d5e5b7d2c,PR,415.4,6
stationery,5275ca25d0358ca73864e0ae41be1320,SP,409.6,4
stationery,93dc87703c046b603023e75222018b45,MG,398.0,2
stationery,42fa4ee7240e9b8eb4576358ec142ba7,RS,359.7,3
stationery,d12c926d74ceff0a90a21184466ce161,SP,353.0,9
stationery,55c26bcb609f480eb7868594245febb5,SP,344.6,4
stationery,b9ec22de23f18567de0e09d776ca0309,DF,341.98,2
stationery,d197aa8fbc64087f61984deef05f6227,SP,333.67,4
stationery,980640c45d7a4635885491d077167e4d,SP,323.67,4
stationery,9cf787a239c1aa29dbd76f153dc13f9a,SP,316.0,4
stationery,c9c7905cffc4ef9ff9f113554423e671,SP,315.0,7
stationery,fcb5ace8bcc92f75707dc0f01a27d269,SP,304.42,14
stationery,9d7a1d34a5052409006425275ba1c2b4,SP,300.25,8
stationery,32fdd5d44ecb43dfd6a24b9369eca144,MG,299.5,5
stationery,fe49ee029e61e789a1f3a5525f57ba8d,SP,292.0,2
stationery,38e6dada03429a47197d5d584d793b41,SP,285.8,4
stationery,612170e34b97004b3ba37eae81836b4c,RS,284.65,2
stationery,8444e55c1f13cd5c179851e5ca5ebd00,MG,271.25,1
stationery,7fc87cc3e89b3d1d5cabdca32f8485aa,SP,269.8,2
stationery,2ff6b7bff164ef05590a52734e1296da,PR,264.8,2
stationery,6edacfd9f9074789dad6d62ba7950b9c,SP,257.5,5
stationery,8185694b58b2ba6de20fd41ae608bbea,SP,250.0,2
stationery,59cea8e446d3834393058e7e0666b6fb,PR,249.9,1
stationery,0bae85eb84b9fb3bd773911e89288d54,SP,249.61,7
stationery,f12d3c2a14729ae461b920c11fe20fdc,SP,247.45,5
stationery,5cbbd5a299cab112b7bf23862255e43e,PR,246.4,10
stationery,0cab2da43793a6f3c5ed8514c5f54627,PR,239.8,2
stationery,0691148aee60ca47977c187804f935ae,PR,235.28,2
stationery,41ab63a91b8b264e8c8780368bf1dd5b,MG,229.79,1
stationery,bdb3edbaee43a761e2d4f258dc08f348,SP,229.6,4
stationery,0e44d110fa6a54e121cb2c095a77762f,SP,223.32,6
stationery,784ba75dd9d20200c4caed3d7a77141a,SP,215.89,11
stationery,8d956fec2e4337affcb520f56fd8cbfd,SP,214.73,7
stationery,891071be6ba827b591264c90c2ae8a63,SP,209.97,8
stationery,1caf283236cd69af44cbc09a0a1e7d32,RJ,206.13,7
stationery,6f892e20a171e98efe17fdb971ff319b,SP,199.8,2
stationery,05e107217c7266362fd44b75b2cd4cc4,SP,193.38,8
stationery,97e995629983723d11830a829bc2b246,SP,184.8,2
stationery,edc518ba25576a0188a0e8f2c3af186f,SP,176.42,2
stationery,c0aff2da32c17759d30b22fb0af6649d,SC,173.8,4
stationery,1cbd32d00d01bb8087a5eb088612fd9c,SP,173.48,2
stationery,a3a38f4affed601eb87a97788c949667,SC,169.8,2
stationery,2ff97219cb8622eaf3cd89b7d9c09824,SP,155.8,2
stationery,8b321bb669392f5163d04c59e235e066,SP,152.6,14
stationery,f1fd5ab1181f827ffad998c1a5de7d74,PR,149.99,1
stationery,91f5779a8731baca4809fdeade81803f,RJ,149.5,2
stationery,23d7c96d4a1160db1c726b248601b25a,SP,148.8,2
stationery,fcdd820084f17e9982427971e4e9d47f,SP,143.99,1
stationery,6bbcb8924baf70b7fe2fe2097e8cd407,SC,143.1,3
stationery,95e03ca3d4146e4011985981aeb959b9,RJ,128.0,2
stationery,f00e21b1e91a79653163b7fd8f293ff1,SP,125.9,1
stationery,89757206b887aed36f3e18d858460fea,SP,120.5,2
stationery,bf0045791395e66460eb04749c68672a,SP,119.8,2
stationery,68ca56ce86830f3d31b1b7ec6a54da3e,PR,119.8,2
stationery,9d4db00d65d7760644ac0c14edb5fd86,SP,118.9,1
stationery,6879c4d287a8dd06b11f54ea8f78e4da,SP,117.8,2
stationery,527801b552d0077ffd170872eb49683b,SP,111.7,3
stationery,f262cbc1c910c83959f849465454ddd3,SP,110.92,8
stationery,76de363de16dacc923eec8daf91df504,SC,110.0,1
stationery,9803a40e82e45418ab7fb84091af5231,GO,105.0,1
stationery,537eb890efff034a88679788b647c564,RJ,102.5,5
stationery,80cfd480be3eb6d6267139f5cb793555,SP,99.9,1
stationery,3dbbce181edfaa4a597ec858c382d2ec,PR,99.9,3
stationery,3076499bbc033a927bf4a8a41bcf7fd4,SP,99.8,2
stationery,634964b17796e64304cadf1ad3050fb7,RJ,99.8,2
stationery,062c325cd6a2b87845fab56b4ec2eeae,SP,95.34,1
stationery,2aafae69bf4c41fbd94053d9413e87ee,RS,94.0,2
stationery,dfa0c4c6229ab200a4a1336b4d7128ff,SC,86.0,4
stationery,2b5ed0c9139dae8883a200dfcb272ece,SP,85.41,4
stationery,688756f717c462a206ad854c5027a64a,SP,81.0,4
stationery,497709c2976a8fa308730a2dec5b0726,SP,76.0,2
stationery,d52cbce9845184537284a23c3bc3da0e,SC,75.0,4
stationery,0ea22c1cfbdc755f86b9b54b39c16043,MG,74.8,2
stationery,08d2d642cf72b622b14dde1d2f5eb2f5,SP,74.0,9
stationery,3968920b9aa752ab98f7d5888c9252f2,SP,72.0,1
stationery,e601b04acf48b4576e73ddca9481f0dc,SP,69.9,1
stationery,4c1c7281388a33dd06daac44f9fadbd1,SP,67.88,1
stationery,0ddefe3c7a032b91f4e25b9c3a08fca1,SP,67.6,4
stationery,447d377bdb757058acb569025ee18a93,RS,64.99,1
stationery,715bbd5ba4e6b74cb0d2f29eb45058b0,SP,64.9,2
stationery,5a8e7d5003a1f221f9e1d6e411de7c23,SP,59.9,1
stationery,1336efc61c316ddf92c899eb817f7cae,SP,59.0,1
stationery,c8417879a15366a17c30af34c798c332,SP,58.0,2
stationery,0adac9fbd9a2b63cccaac4f8756c1ca8,SP,57.9,1
stationery,2009a095de2a2a41626f6c6d7722678d,SP,56.79,3
stationery,d85efbc8eff2b7adf524e2820569adc8,SP,55.0,1
stationery,9cea4682e16655f7da87f406902e989e,PR,54.3,2
stationery,abc015ebac1d283a323ca9db35ede4b9,SP,54.0,1
stationery,bf3c6d2a28b2b5501e6c15448982dcc9,SP,53.7,3
stationery,45ba18c210d42734ec52c0c1c574e9ee,SP,49.98,2
stationery,acb6c2ca5c82411c1fdb88d5fd5eb95e,SP,49.9,1
stationery,670a9dda115b5a88b18cfadee8de2332,SP,49.9,1
stationery,f0b47fbbc6dee9aafe415a6e33051b3f,SP,49.9,1
stationery,6ddc28b61be28373b4503a1f61cf98a9,SP,48.9,1
stationery,1e483cc5c76fef08d3ca05f9a8af7d01,SP,44.99,1
stationery,013900e863eace745d3ec7614cab5b1a,PR,44.9,1
stationery,42ef3192a9ff87a22d1867b74b3ee205,SP,44.8,2
stationery,ab75b89cc49c9ab3160d0c91565a442a,SP,37.98,2
stationery,3092c0b297aacfb4bb6e056ebe13b9b8,SP,27.9,1
stationery,26d6bbee02420494d471c9f6436929c0,PR,25.49,1
stationery,26f6b7ab07be3e9e69ce82a6552efc19,RJ,24.9,1
stationery,544863df86ed3b78a04e0820d41430ee,ES,23.9,1
stationery,5def4c3732941a971cba8fdee992ede1,SP,23.9,1
stationery,7e3f87d16fb353f408d467e74fbd8014,SP,20.9,1
stationery,ae8bfdbf1c2a2a2dee92d799db0a31c6,PR,17.99,1
stationery,e819bcfade7b5d88a27325eb6cfd62c5,SP,17.9,1
stationery,741f8c587cb4248ebc5b779a0e8e0e51,SP,12.99,1
stationery,48efc9d94a9834137efd9ea76b065a38,PR,10.9,1
stationery,7178f9f4dd81dcef02f62acdf8151e01,SC,9.9,1
tablets_printing_image,0db783cfcd3b73998abc6e10e59a102f,SP,4993.8,53
tablets_printing_image,e62b2d6ac10570a035a30bafcf01d263,SP,1062.16,20
tablets_printing_image,403aa86912527d730337ffcb0fb096ab,MG,889.99,1
tablets_printing_image,ce27a3cc3c8cc1ea79d11e561e9bebb6,SP,435.97,3
tablets_printing_image,e9d99831abad74458942f21e16f33f92,SP,101.79,3
tablets_printing_image,36a968b544695394e4e9d7572688598f,SP,44.7,3
telephony,53243585a1d6dc2643021fd1853d8905,BA,55904.3,257
telephony,ea8482cd71df3c1969d7b9473ff13abc,SP,36536.75,1178
telephony,75d34ebb1bd0bd7dde40dd507b8169c3,BA,14754.33,67
telephony,240b9776d844d37535668549a396af32,RJ,11982.83,24
telephony,7202e2ba20579a9bd1acb29e61fe71f6,SP,11511.2,48
telephony,c4d51195486dc781531876a7d00453d8,SP,10692.98,16
telephony,2138ccb85b11a4ec1e37afbd1c8eda1f,SP,9890.63,368
telephony,d71d863e5ef30d94e440c11be17dcd8f,SP,9519.0,11
telephony,99eaacc9e6046db1c82b163c5f84869f,SP,9250.69,46
telephony,ef506c96320abeedfb894c34db06f478,SP,8962.68,314
telephony,562fc2f2c2863ab7e79a9e4388a58a14,SP,8814.2,270
telephony,ade45994b717ccee333492330fbf037b,PR,7196.0,10
telephony,87e24fc7052259b1f7f607d61c10d8be,SP,7023.69,6
telephony,6c177e38df6d3f34182b1f1d427231bf,PR,6899.99,46
telephony,92eb0f42c21942b6552362b9b114707d,SP,6218.69,339
telephony,6f892e20a171e98efe17fdb971ff319b,SP,6039.0,50
telephony,0873d9f8f36123f8d910f4760e788cfb,SP,5875.59,5
telephony,70a12e78e608ac31179aea7f8422044b,SP,5600.3,70
telephony,4e922959ae960d389249c378d1c939f5,SP,4716.65,46
telephony,612170e34b97004b3ba37eae81836b4c,RS,4313.3,9
telephony,822bad9bc42b51213ba522fe87b7ab5d,SC,3894.0,14
telephony,7d76b645482be4a332374e8223836592,SP,3781.23,184
telephony,e70053bf73d1b5863932e53a9fa47496,SP,3424.0,5
telephony,8476243f92442881ddd5b578975cf115,RS,3336.0,4
telephony,42bde9fef835393bb8a8849cb6b7f245,DF,2915.0,15
telephony,0db783cfcd3b73998abc6e10e59a102f,SP,2894.6,59
telephony,c72de06d72748d1a0dfb2125be43ba63,BA,2670.0,3
telephony,db4350fd57ae30082dec7acbaacc17f9,SP,2634.37,129
telephony,c9c7905cffc4ef9ff9f113554423e671,SP,2544.81,45
telephony,8d956fec2e4337affcb520f56fd8cbfd,SP,2435.34,50
telephony,1b4c3a6f53068f0b6944d2d005c9fc89,SC,1939.05,32
telephony,b76dba6c951ab00dc4edf0a1aa88037e,SP,1870.85,123
telephony,3a4127e1ba7208ea37044c5092aae170,SP,1842.7,5
telephony,403aa86912527d730337ffcb0fb096ab,MG,1644.94,6
telephony,33c51922b6e3c16b24a8f28e5833c99d,PR,1631.0,2
telephony,850913d59ce317156b00f3705f1c3edb,SP,1602.0,24
telephony,3a734b715d333a2588a3d54a0c9b8746,SP,1392.0,11
telephony,e7d5b006eb624f13074497221eb37807,SP,1379.54,46
telephony,7040e82f899a04d1b434b795a43b4617,SP,1329.4,46
telephony,5656537e588803a555b8eb41f07a944b,DF,1308.81,29
telephony,7813ea3ebd9411dc600b4dd01f7a97b9,SP,1293.5,8
telephony,4eeb99008a0f59d2c7759c59f9a346eb,SP,1282.0,2
telephony,0afccdb8a34ee5c79f7c06faf2b4d56e,MG,1225.5,25
telephony,327b89b872c14d1c0be7235ef4871685,AM,1177.0,3
telephony,1ca7077d890b907f89be8c954a02686a,SP,1084.99,28
telephony,a066df7361163e7ddc5d7452dd17448b,SP,1078.3,17
telephony,4869f7a5dfa277a7dca6462dcf3b52b2,SP,1047.8,3
telephony,cd68562d3f44870c08922d380acae552,SP,1032.8,21
telephony,17e34d8224d27a541263c4c64b11a56b,SP,1014.61,7
telephony,b2ba3715d723d245138f291a6fe42594,SP,899.7,3
telephony,400f221ab83037c0ea78f1267da9624d,SP,865.0,1
telephony,2eb70248d66e0e3ef83659f71b244378,SP,859.7,3
telephony,f262cbc1c910c83959f849465454ddd3,SP,791.39,12
telephony,18a349e75d307f4b4cc646a691ed4216,SP,734.16,29
telephony,f61c63d13f7cd800549d5acdd390ae72,SP,729.0,2
telephony,0887a9f087bcd5d9f6642b52f897fc6c,SP,729.0,7
telephony,596849622429351f47b32e6cae1055ff,SP,688.2,9
telephony,8444e55c1f13cd5c179851e5ca5ebd00,MG,653.4,6
telephony,5882f40daf39bc2a465e0cb453ddc222,SP,640.0,1
telephony,59fb871bf6f4522a87ba567b42dafecf,SP,599.97,3
telephony,7178f9f4dd81dcef02f62acdf8151e01,SC,597.0,3
telephony,eebb3372362aa9a46975164bed19a7e7,SP,591.92,8
telephony,582d4f8675b945722eda7c0cb61ba4c7,SP,589.0,1
telephony,634964b17796e64304cadf1ad3050fb7,RJ,544.1,10
telephony,66dc1b1632bd6a3e508510c5b3492107,SP,523.8,11
telephony,54065e9aef7e9e9c2dc23b7594db021a,RJ,499.0,1
telephony,07017df32dc5f2f1d2801e579548d620,PB,488.5,6
telephony,e62b2d6ac10570a035a30bafcf01d263,SP,478.25,9
telephony,f27e33c6d29b5138fa9967bcd445b6d5,SP,447.0,10
telephony,d4e4b5192cba4e0e66eb12a9d347239d,PR,441.8,12
telephony,ea566164622c6b439516ab18062c42cd,SP,439.98,9
telephony,89bc797e2e29667aa035d4368f9b7f92,SP,407.3,20
telephony,29fe9f200d3fa0c668d2aa1ec7e08dfb,SC,400.0,5
telephony,fe4cd9461203cee790d36792420b310f,MG,391.15,3
telephony,8b28d096634035667e8263d57ba3368c,SP,385.56,9
telephony,a13580f0e8f782b7a543885a0ef99f08,RJ,365.96,4
telephony,ed4acab38528488b65a9a9c603ff024a,SP,361.89,2
telephony,9c7fd21e0aa159b20da593371f08ff7c,SP,329.7,3
telephony,08d2d642cf72b622b14dde1d2f5eb2f5,SP,320.0,1
telephony,a36b125ac6d5fdbc7f50de85c9157bdc,SP,314.93,7
telephony,7c1fea10b5b006671d608b1d7c446ec4,SP,313.9,11
telephony,9d39404483343dd55c7ae254494d8388,SP,293.2,10
telephony,e8f6dc8e6a1dcde89d20e3995c8d90b3,SP,289.0,10
telephony,36a968b544695394e4e9d7572688598f,SP,286.01,8
telephony,95b293867b5862941c9cd74f756a3c68,SP,281.4,6
telephony,dd55f1bb788714a40e7954c3be6df745,SP,279.4,6
telephony,06e5eefc71ec47ae763c5c6f8db7064f,RS,272.01,1
telephony,9baf5cb77970f539089d09a38bcec5c3,SP,249.95,5
telephony,8a40ae794fa3f9892cee24bd5af0488b,PR,239.96,4
telephony,b7ba853e9551f4558440881fd3e5c815,RS,239.9,1
telephony,52f0fe436a347ddad7ed5f9aa4e27eaa,SP,227.95,5
telephony,1838dd9b8977065acf51d95e0053ea7a,MG,219.8,2
telephony,e8b3a3a38279a82f0e5d006d5e5b7d2c,PR,207.8,2
telephony,c12b92bf1c350f3e6bf88d3596219c86,SP,189.9,1
telephony,9674754b5a0cb32b638cec001178f799,SP,183.78,2
telephony,5dc203c7b84a0e71e878a179de05fb9a,SP,179.0,1
telephony,cc419e0650a3c5ba77189a1882b7556a,SP,175.0,25
telephony,b37c4c02bda3161a7546a4e6d222d5b2,SP,175.0,1
telephony,bff9deb0ec77d437f3305a79cf25529e,SP,161.95,5
telephony,bc302730ea8cf49b5c74f579febb5bbf,SP,161.93,7
telephony,3442033154be05bac582e173ef54fd12,SP,161.0,1
telephony,c522be04e020c1e7b79f3acff36513d5,SP,159.98,2
telephony,6902157ee16728322d61a1321fa79e58,SP,159.8,2
telephony,bd0a1b0aadca9a83d9304f7e8ff5fbd5,SP,150.6,4
telephony,d3891911c2feae53c52fea2bd14054e5,SP,141.0,2
telephony,818d28f936e791926d33bcb6ee94ef79,SP,139.5,5
telephony,bd0389da23d89b726abf911cccc54596,DF,137.8,2
telephony,fa14641f57b655e933124a9ea49cd7a5,SP,124.97,3
telephony,1da3aeb70d7989d1e6d9b0e887f97c23,SP,119.98,2
telephony,2a1348e9addc1af5aaa619b1a3679d6b,MG,104.7,3
telephony,bf00385a5f7fc1ef39a13c2e9ee50a5f,SP,103.6,6
telephony,59b22a78efb79a4797979612b885db36,MG,99.0,1
telephony,8a43128d7f9a3db592b866e6861a6cce,SP,94.9,1
telephony,1cbd50a8c52e6cf8e315c5709fab386f,PR,94.69,3
telephony,c990d6cf976a5718aaedc539f383ab88,SP,94.4,6
telephony,9f50216bfd01913736a55a11b55ea842,SP,90.0,2
telephony,e1b12447a7563944843191754aeb5562,SP,88.5,3
telephony,385799a1cddbd26dfeb9157356a42282,SP,81.99,1
telephony,e644cbadf7eeb30d0d29f335ce7d52ec,SP,79.99,1
telephony,a1bea7061f61f6fdd9a85a6325ba1033,SP,79.98,2
telephony,ba6b4a237f92479743cf0ca06b67a9ac,RJ,79.9,1
telephony,8b321bb669392f5163d04c59e235e066,SP,79.5,5
telephony,a90a5da8b09e44264a177c0374a5ac87,PR,74.7,3
telephony,430315b7bb4b6e4b3c978f9dfa9b0558,SP,69.0,3
telephony,c4f7fee5b0db50e87766f5a4d1b1b758,SP,63.99,1
telephony,a425f92c199eb576938df686728acd20,PR,59.5,1
telephony,02a2272692e13558373c66db98f05e2e,RJ,54.98,2
telephony,d594982fd877af63ace38ea1fca27c76,SP,53.9,1
telephony,e9d99831abad74458942f21e16f33f92,SP,49.99,1
telephony,1d503743d2526f03f0c2c89540ee008c,SP,49.99,1
telephony,b2a6d334e2833acea353624840e25a0e,SP,49.8,2
telephony,955fee9216a65b617aa5c0531780ce60,SP,48.0,1
telephony,fcb5ace8bcc92f75707dc0f01a27d269,SP,45.6,1
telephony,41ab63a91b8b264e8c8780368bf1dd5b,MG,45.0,1
telephony,6a53b90c3ad9e0b56d9fe5c69165fff5,PR,39.98,2
telephony,85044848b1b767db2a4a58526adef4b4,SP,39.8,2
telephony,e49c26c3edfa46d227d5121a6b6e4d37,PE,39.8,2
telephony,e595809a6c31ec4314fd06ef198c244d,SC,39.0,1
telephony,c13fb473e7cb8b83ccd543c094df0608,SP,34.9,1
telephony,28f10b1c5e5abb9d4857745bede6147c,SP,30.0,1
telephony,6edacfd9f9074789dad6d62ba7950b9c,SP,29.7,3
telephony,e0487761face83d64fcada2408959a36,SP,25.5,1
telephony,ce69a8021d18961dd2a40269b7c2c293,PR,24.9,1
telephony,dee656f0f566ed1aa85bd137c943f08f,SP,19.9,1
telephony,82921991ff5b557b045605b8bbf08d49,SP,18.9,1
telephony,15aac934c58d886785ac1b17953ea898,ES,18.0,1
telephony,d79e8478eed9999493990b44955fb22e,RJ,14.99,1
telephony,c18309219e789960add0b2255ca4b091,RJ,9.9,1
telephony,45d33f715e24d15a6ccf5c17b3a23e3c,SP,9.89,1
toys,46dc3b2cc0980fb8ec44634e21d2718e,RJ,80796.99,374
toys,850f4f8af5ea87287ac68de36e29107f,SP,19022.76,115
toys,b94cc9f10ddc85e4ba73a6f7974e7101,RJ,15547.7,23
toys,de23c3b98a88888289c6f5cc1209054a,SP,14376.62,99
toys,fa40cc5b934574b62717c68f3d678b6d,SP,13807.43,297
toys,7299e27ed73d2ad986de7f7c77d919fa,MG,13444.29,85
toys,7aa4334be125fcdd2ba64b3180029f14,SP,12846.84,189
toys,3d871de0142ce09b7081e2b9d1733cb1,SP,12471.8,244
toys,a3a38f4affed601eb87a97788c949667,SC,10956.52,109
toys,ac3508719a1d8f5b7614b798f70af136,RS,10326.9,83
toys,76d64c4aca3a7baf218bf93ef7fa768d,PR,10090.8,32
toys,b2ba3715d723d245138f291a6fe42594,SP,9719.0,60
toys,7b1222c3624aa89b9558b50a2594188c,SP,9033.93,17
toys,5f2684dab12e59f83bef73ae57724e45,SP,8401.4,66
toys,86bb7c4b535e49a541baf3266b1c95b1,SP,8162.4,16
toys,a49928bcdf77c55c6d6e05e09a9b4ca5,SP,7810.9,91
toys,25e6ffe976bd75618accfe16cefcbd0d,SP,7786.5,84
toys,0432ead42b6c8a0bdf68154add917fdf,SP,7597.5,86
toys,725c32fa80c2faacc4fc88450d27314e,SP,7566.01,90
toys,4c03b9dd4c11ee2cb35c96c49efc9420,SP,6458.6,48
toys,9d4db00d65d7760644ac0c14edb5fd86,SP,6441.35,67
toys,bacb1f0ed56ad24198f5810d2b3fe9a5,SP,4835.16,30
toys,adbc26658d6c7b4b6219f9d934598091,PR,4698.7,34
toys,8cc6a0e5738e61a87b03c78b2ba9db4b,MG,4439.4,6
toys,ff1fb4c404b2efe68b03350a8dc24122,SP,4296.0,32
toys,e0878efa0e0b7e5313ac0b43bc04c081,PR,4197.5,16
toys,42bde9fef835393bb8a8849cb6b7f245,DF,4169.0,24
toys,f8db351d8c4c4c22c6835c19a46f01b0,SP,4105.8,52
toys,54219883e72aad869adfb2a54b7bfa0f,SP,4050.0,3
toys,bfd27a966d91cfaafdb25d076585f0da,SP,3792.0,36
toys,3c4e0452bff7a2a788179488d3d77032,PR,3619.6,34
toys,406822777a0b9eb5c50e442dd4cd3ec5,SP,3498.18,46
toys,48436dade18ac8b2bce089ec2a041202,SP,3432.23,24
toys,4a3ca9315b744ce9f8e9374361493884,SP,3291.38,55
toys,f00e21b1e91a79653163b7fd8f293ff1,SP,3204.59,26
toys,fde0cc9ea29c8ccfc0a2c22256a58c71,PR,2980.0,27
toys,c8b3445d737de6befde0c88ede534a5e,SP,2849.14,26
toys,dd533b429f380718b70ad9922c294bae,SP,2702.37,39
toys,58f1a6197ed863543e0136bdedb3fce2,MG,2661.0,14
toys,a2b5b6105ea5942300631d2e76f4ffe0,SP,2626.89,14
toys,8f119a0aee85c0c8fc534629734e94fd,SP,2612.89,49
toys,d98eec89afa3380e14463da2aabaea72,RS,2584.57,49
toys,a673821011d0cec28146ea42f5ab767f,SP,2512.23,29
toys,5160d23075764e18e07c1f4a87fad743,SP,2429.0,39
toys,8bdd8e3fd58bafa48af76b2c5fd71974,SP,2324.82,11
toys,3078096983cf766a32a06257648502d1,SP,2239.73,23
toys,b8630e1121437d41cb08e3c749c2c2e2,RJ,2175.0,3
toys,87d30a6a0cbf89356e49324971ab1d24,SP,2134.13,17
toys,44073f8b7e41514de3b7815dd0237f4f,DF,1976.79,8
toys,f5f2ab9bdb6b30c14c61be68c5ed37da,SP,1900.58,16
toys,2c9e548be18521d1c43cde1c582c6de8,SP,1894.6,25
toys,f615fe7efbef0f4f08fd3086bc7a3e60,SP,1854.27,18
toys,f593898ec748b7a8cb81fc04edafd98a,SP,1800.0,8
toys,3ca08eeb8d5595949fed424bd3677742,PR,1768.87,14
toys,30c7f28fd3a5897b2c82d152bb760c17,RJ,1708.69,3
toys,6ddc28b61be28373b4503a1f61cf98a9,SP,1684.0,10
toys,e48b04bf1aa1ef711caebeb7aede6180,PR,1671.9,11
toys,afa6714acee029b2dfdf357e5579cc03,SP,1654.87,13
toys,fe49ee029e61e789a1f3a5525f57ba8d,SP,1652.89,9
toys,0eaa7e33d73809f1f925f7d07c506cbd,SP,1510.0,14
toys,5b581417df4480f632484ba681e53944,SC,1501.8,10
toys,0ad80de75c811326389cfb1daba7d45e,RJ,1449.4,6
toys,23d7c96d4a1160db1c726b248601b25a,SP,1425.1,9
toys,c6bda72e4dbf5c5866b13cb1810c6d03,SP,1419.1,2
toys,1554a68530182680ad5c8b042c3ab563,MG,1412.79,21
toys,0bae85eb84b9fb3bd773911e89288d54,SP,1378.47,36
toys,5a425cc503b39b262a847fd6212bf53b,PR,1360.59,15
toys,45a3d05fb00435e52a28859dd03703b3,SP,1299.0,1
toys,fec8cd45395b3cb0c2b173d7739706a1,SP,1280.0,4
toys,7f40d06aa0b5f1aa4f41af8c0480e2ef,SP,1259.95,5
toys,f61c63d13f7cd800549d5acdd390ae72,SP,1220.0,6
toys,9c4d31c7e46ab03a43fc06e3142afd4e,RJ,1218.9,2
toys,f9d010e39375d9c91dce3f40b73a2f84,SP,1212.0,5
toys,81783131d2a97c8d44d406a4be81b5d9,SP,1190.05,13
toys,e7f3bf1ecd8526eb7f3b18059e6716e5,SP,1164.7,12
toys,817f85dbb65aa3e70831d90fe75cdf89,SP,1162.3,8
toys,dee656f0f566ed1aa85bd137c943f08f,SP,1152.37,10
toys,1ca7077d890b907f89be8c954a02686a,SP,1149.75,25
toys,1da3aeb70d7989d1e6d9b0e887f97c23,SP,1147.51,49
toys,42ef3192a9ff87a22d1867b74b3ee205,SP,1134.29,17
toys,4c8545742faaf58fafd5fd14d25d75cf,SP,1080.0,2
toys,7040e82f899a04d1b434b795a43b4617,SP,1049.0,10
toys,8444e55c1f13cd5c179851e5ca5ebd00,MG,1028.0,9
toys,2f09f7d37a97956d11cc1a7cadd5262b,SP,1020.0,2
toys,0be8ff43f22e456b4e0371b2245e4d01,SP,1019.2,9
toys,6288c69c4ce638e59925e59193f98b16,SP,1018.9,10
toys,d1582f4043306e6b91afa6a8a884f898,SP,990.0,9
toys,7a9c12e235c36247c3c81f50d6ea9cea,SP,983.9,5
toys,8b87cd0d43d49b9bdf40f56229364d59,SP,958.0,2
toys,cc5a78bbad32776dc4e3af205218368c,MG,948.86,6
toys,4f1f1c8666cdb6442f775c4e8caed465,MG,944.98,2
toys,c12b92bf1c350f3e6bf88d3596219c86,SP,907.0,3
toys,2a7dc43cecabf23403078e2188437d1d,SP,889.4,6
toys,b74d1c09cb380e1d03a6f859c6f4224b,RJ,879.92,8
toys,cac63f48c38cd7d002a7e846dcd99a23,SP,874.0,10
toys,ba5daa4041e1f15cdf34b76e3e18a450,SP,806.8,15
toys,1b1ae47a313a825a7ccceb8e2e30fa9d,PR,804.6,4
toys,a247197e2e9c19a6a53a6888cb8b660f,SP,798.0,2
toys,2ff97219cb8622eaf3cd89b7d9c09824,SP,790.9,11
toys,099095b050cfe8eb1ddff5317587e96e,SP,777.97,3
toys,dbb9b48c841a0e39e21f98e1a6b2ec3e,SP,769.9,10
toys,f783a638e9c6af4a7d0dbfde811e7a81,SP,745.8,4
toys,c89cf7c468a48af70aada384e722f9e2,RJ,745.0,14
toys,d9a84e1403de8da0c3aa531d6d108ba6,SP,739.5,26
toys,95e03ca3d4146e4011985981aeb959b9,RJ,739.4,16
toys,71039d19d4303bf9054d69e9a9236699,SP,733.5,25
toys,63a79f5a7eb5cb48a7e5787b141c7993,MG,726.1,10
toys,d3dcf0604eabf0224fbd5948b5e02f69,SP,724.6,4
toys,312ba1d77e9c332ef21f9598b7f64cd7,SP,711.0,9
toys,87d3c3aeb3ead335511b3ce315eb341e,SP,689.39,11
toys,caa9bc43a9fe8cf9c564ddd8a03cc4a6,SP,683.91,10
toys,cd6efc47efaabf134f8bdb654e10b4f1,RJ,646.78,4
toys,89f69225956f951295ca4c7fb1266553,RJ,645.6,7
toys,cfa5ab0e4d3fc212fd0b3410e7081c62,MG,589.96,4
toys,5ef131ac72773e5b3f6c0d63cf424657,SP,575.79,11
toys,8bd0f31cf0a614c658f6763bd02dea69,SP,574.0,7
toys,f214d28e8d8e3ef068748498ccc2f813,SP,569.84,16
toys,1caf283236cd69af44cbc09a0a1e7d32,RJ,553.7,25
toys,daeb5653dd96c1b11860f72209795012,MG,553.1,19
toys,af7cdac9d9897cddead9c6b08976c642,SP,543.54,6
toys,1b938a7ec6ac5061a66a3766e0e75f90,SP,539.6,4
toys,7e79d65b5c6f1f544b7daea036acf720,SP,517.8,4
toys,2b2fed75b8e5ea3a052fc4c0825da485,MG,510.9,4
toys,5bc55dbe2f12b6af6d83ed46023e0dc8,MG,500.0,2
toys,f3da5b2ff499efb8d4a6d371d175d7dd,SP,476.2,6
toys,6c99c983ce3b6ba0ab813e6790e81691,MG,472.36,8
toys,5f1dc28029d2c244352a68107ec2b542,SP,471.45,9
toys,8fec2e460530482132c436cfb5439925,SP,468.46,5
toys,8cbac7e12637ed9cffa18c7875207478,SC,419.89,18
toys,b274baf5bbd142410eb2958cf685d684,RS,407.0,5
toys,768a86e36ad6aae3d03ee3c6433d61df,SP,401.46,10
toys,3492e68f37fd1df87f4f2f2ea247f445,SP,379.95,1
toys,382229d1e840115ffe3dbf5ff460e417,RJ,379.89,2
toys,3a4127e1ba7208ea37044c5092aae170,SP,376.9,1
toys,cac4c8e7b1ca6252d8f20b2fc1a2e4af,SP,359.95,6
toys,7b0df942f46435babab05d49b744b2c4,SP,359.0,1
toys,e53d5b9b29d1218281f4a907ada18626,PR,350.67,5
toys,f41ce2e25237f9092cd8e6e7516c7a2f,SP,349.5,5
toys,01fd077212124329bac32490e8ef80d9,SP,345.0,9
toys,c68fb906c8f4b4b946d8386bfa6e5467,SP,339.81,4
toys,4c8b8048e33af2bf94f2eb547746a916,SP,339.1,3
toys,e49c26c3edfa46d227d5121a6b6e4d37,PE,329.98,2
toys,d149de2f383552baea37a7198c2296ce,SP,320.7,3
toys,4f40d2ed38d1cc945364a7cd202a82c7,SP,319.9,1
toys,7f7b8245c336066a1f9933c359f11d77,SP,312.35,3
toys,7ddcbb64b5bc1ef36ca8c151f6ec77df,SP,307.96,4
toys,2b402d5dc42554061f8ea98d1916f148,BA,299.89,1
toys,b26741d31a563d769b4af0465ab20c56,SC,299.0,1
toys,b76f4d90e85657a240495c876313adc5,SP,299.0,1
toys,955fee9216a65b617aa5c0531780ce60,SP,297.96,4
toys,59fb871bf6f4522a87ba567b42dafecf,SP,288.97,3
toys,834f8533b2ecb6598dd004ff3de7203a,SP,282.07,3
toys,ad420dd0c4f92f8af951ac24b86d0cf5,MG,280.0,1
toys,36890be00bbfc1cdb9a4a38a6af05a69,SP,275.2,4
toys,cd68562d3f44870c08922d380acae552,SP,270.0,3
toys,bab0a8cd684e41ba6e2637dca0979d3b,RJ,269.9,1
toys,e06f09ec0a4aca210779cf1cfc63cf19,SP,269.8,4
toys,f1b854361f4e15d5851b494df66f22b2,RJ,269.45,1
toys,ea6b12bf9ffe2bac34602ec631d97a47,SP,267.5,2
toys,9e6967d3cf386d284251784b18ccb485,SP,263.97,3
toys,634964b17796e64304cadf1ad3050fb7,RJ,260.0,1
toys,68ca56ce86830f3d31b1b7ec6a54da3e,PR,249.9,1
toys,99a54764c341d5dc80b4a8fac4eba3fb,SP,245.0,1
toys,45d33f715e24d15a6ccf5c17b3a23e3c,SP,243.7,3
toys,73b8eb4a9a729d4019b24ed1be748cbf,SP,243.5,2
toys,dfa0c4c6229ab200a4a1336b4d7128ff,SC,240.7,6
toys,4677a5437afda5fa7140b927b07be1cc,PR,239.8,2
toys,e88c9b79e592e370d6bd852eeefbf057,PR,236.97,8
toys,94c49f20a123aeb9360dbf80ff912bf6,SP,227.8,2
toys,455c5640e8c5bd1b2ee85c0158f85727,SC,219.9,1
toys,522620dcb18a6b31cd7bdf73665113a9,PR,219.7,3
toys,87e24fc7052259b1f7f607d61c10d8be,SP,199.9,1
toys,8090490573c6c0aa343a7231ebcb8c86,SP,198.0,2
toys,cf1313c6e2c01c2f4b014f97db4bcd2b,RJ,195.7,3
toys,41ab63a91b8b264e8c8780368bf1dd5b,MG,194.78,2
toys,9e7c5f4d7770eab65738cca38f9efccf,SP,184.8,2
toys,7d484ca289afaac6bf5fc6a1e96d2226,MS,183.2,2
toys,888faa8bfb0b159c37de6d898b961c31,SC,179.9,1
toys,76ea5315acb3f5f7ade3cd261faf922a,SP,178.79,2
toys,a420f60ff1aa9acc80d0e42959f2b313,SP,176.9,2
toys,734def04b237117a09321dd6d8f3f2a2,SP,166.44,1
toys,596849622429351f47b32e6cae1055ff,SP,165.9,1
toys,05f51e13da97139648b8125c31e5f51b,MG,164.9,1
toys,6b90f847357d8981edd79a1eb1bf0acb,SP,159.8,2
toys,762fafdaa57a532ee0119731697579dd,SP,157.7,3
toys,37303482a42fb700d8d127e70a9cd6c8,SP,148.89,2
toys,276677b5d08786d5dce7c2149dcce48b,MG,143.2,3
toys,a45314082d50d578a4721c9787ce09ab,SP,139.9,1
toys,6d1b9c9579132c87d2703ec38c30f2c5,PR,139.89,2
toys,a080fc8a850289b27500f6b49cca2553,SP,139.0,1
toys,2be17df1c49978426251562096c3cc09,SC,132.9,1
toys,fd386aa7bed2af3c7035c65506c9b4a3,SP,131.09,9
toys,594f9aaa48e5bf431f011ddc5669b0d5,MG,125.8,2
toys,c092292535a57dacd95a8765f5518f87,RJ,125.0,1
toys,f3975e8a41157005d4bcbb358678cd9b,SC,123.9,1
toys,11eac105f3f90a9b87b19c89d91e24f3,SP,119.99,1
toys,07a9bc7f61396b658ddf3ac534efe44c,SP,119.9,1
toys,e883aa812c37a7413226856f4579fe91,SP,119.8,2
toys,0d33a55da925bbf1ff02af5f6059fc7f,SP,111.8,3
toys,dd39ad39b5d3df33037e141c72497ba6,SP,110.9,1
toys,553a440137d6e0cf776aee0bb83ac9f5,SP,108.9,1
toys,eb72802c83dc7547529c9546d1a9b8ef,SP,106.99,1
toys,6426d21aca402a131fc0a5d0960a3c90,SP,102.65,2
toys,af3ef48d0e13835e529c29ac573c63e5,SP,101.88,1
toys,f67efa3f0b6761102a7f8c6b7b571f5d,PR,99.99,1
toys,0ea22c1cfbdc755f86b9b54b39c16043,MG,99.9,1
toys,034b9387752bfa309f350a70cd45ffa3,SC,96.0,8
toys,0e72c1a751b496722a6cb1f10653b62a,SP,94.9,2
toys,4c1c7281388a33dd06daac44f9fadbd1,SP,92.56,3
toys,fc99f99385ae90f66f01733856fb88c9,SP,89.9,1
toys,83d458c0d6d4f94295d63f091460bd60,SP,89.9,1
toys,97e50a621f8e801f4baf69e08687c192,SP,89.9,1
toys,89c127985a8b130cfa45c1d36764017a,SP,84.9,1
toys,c542f5a8c64d973f30e9df8d06f70b4a,SP,81.0,1
toys,4bde6149c15cf7e177b36fa060dd6de8,RS,79.9,1
toys,9f50216bfd01913736a55a11b55ea842,SP,79.0,1
toys,70126eecc6aa1274392a1743866e9678,SP,77.6,2
toys,cac876b37d3abcd6bd76caca30277996,PR,67.39,2
toys,ececbfcff9804a2d6b40f589df8eef2b,SP,64.99,1
toys,c8771b1a10bb99bb34d3c459c5cffb53,SP,64.9,1
toys,9803a40e82e45418ab7fb84091af5231,GO,60.0,1
toys,6ba4733aa33f6386e9fb0c0fd3993b38,RS,59.99,1
toys,827f8f69dfa529c561901c4f2e0f332f,PR,59.8,2
toys,75745ef7bc7d4f3ea3380f6f5303f514,DF,58.5,2
toys,cecd97bc34ed8330bd4cd15713eda670,SC,57.99,1
toys,bbad7e518d7af88a0897397ffdca1979,SP,55.9,1
toys,66dc1b1632bd6a3e508510c5b3492107,SP,49.9,1
toys,3504c0cb71d7fa48d967e0e4c94d59d9,SP,49.8,2
toys,138dbe45fc62f1e244378131a6801526,SP,48.9,1
toys,e9c2dc0dd4ac38448289be644ac94f42,SC,48.49,2
toys,f9ec7093df3a7b346b7bcf7864069ca3,SP,47.0,1
toys,f45122a9ab94eb4f3f8953578bc0c560,SP,45.99,1
toys,e1dc0754bada9ee4cfe9713f22f61292,RJ,45.0,1
toys,e5545d4d4473876ea78c5bcebca365c3,SP,44.5,1
toys,6edacfd9f9074789dad6d62ba7950b9c,SP,42.9,1
toys,0691148aee60ca47977c187804f935ae,PR,41.47,1
toys,b98b715fe9e276204e2a3464f48cd796,SP,36.99,1
toys,45c20d94d9171b0bcfab3c955e47d67b,SP,36.49,1
toys,1b45169b635ef59425637e9a33eb5fb3,PR,36.0,1
toys,373ee4a3a775a733770ca3f790b8b9ac,RJ,35.0,1
toys,74a9b9bddf14ece02beb81f52c41a88d,SP,35.0,1
toys,7ea5bfa6c340f58f8e71fc1f0412b0d6,MG,34.99,1
toys,85cc55e048b6bcc90c75afe7f0e72f72,RJ,31.39,2
toys,bdb3edbaee43a761e2d4f258dc08f348,SP,29.9,1
toys,080102cd0a76b09e0dcf55fcacc60e05,MG,28.99,1
toys,59b22a78efb79a4797979612b885db36,MG,26.9,1
toys,3d4824f20035949c710eaf111f869d39,SP,20.03,1
toys,512d298ac2a96d1931b6bd30aa21f61d,RJ,18.9,1
toys,804287717b9156fb7a787acd9af4fac1,PR,18.8,1
toys,70849ca4f400aaabb62cb7462a6f1428,MG,16.99,1
toys,3dfd3dc96f7f8598eca74e9ac8a2fa31,SP,15.0,1
toys,48efc9d94a9834137efd9ea76b065a38,PR,8.9,1
unknown,c826c40d7b19f62a09e2d7c5e7295ee2,SP,45532.97,372
unknown,5d378b73ab7dd6f0418d743e5dcb0bd1,SP,13243.0,7
unknown,1ca7077d890b907f89be8c954a02686a,SP,11106.83,84
unknown,46dc3b2cc0980fb8ec44634e21d2718e,RJ,10014.59,41
unknown,abe021b01ba992245271b9aa422032df,PR,6720.0,2
unknown,17306570e772e7718c92a562d33f5f1d,SP,3434.3,7
unknown,ba90964cff9b9e0e6f32b23b82465f7b,SP,3057.0,3
unknown,e5a3438891c0bfdb9394643f95273d8e,SP,2644.78,90
unknown,4e8dacf3d38f281ae26c3e0321d92d88,SP,2435.65,8
unknown,f5a590cf36251cf1162ea35bef76fe84,SP,2410.0,3
unknown,42fa4ee7240e9b8eb4576358ec142ba7,RS,2341.0,13
unknown,99eaacc9e6046db1c82b163c5f84869f,SP,2187.6,14
unknown,0c8380b62e38e8a1e6adbeba7eb9688c,MG,2024.0,31
unknown,8cc6a0e5738e61a87b03c78b2ba9db4b,MG,1999.8,2
unknown,17a053fcb14bd219540cbde0df490be0,SP,1959.5,5
unknown,004c9cd9d87a3c30c522c48c4fc07416,SP,1871.02,12
unknown,520b493b57809f446cb0a233bb3e25c7,SP,1648.6,23
unknown,15cd6eefe58588619aaed41dfa6621b1,MG,1622.74,18
unknown,d66c305afaec317ebee552073a674429,MG,1477.68,16
unknown,25c5c91f63607446a97b143d2d535d31,MG,1421.7,7
unknown,f7496d659ca9fdaf323c0aae84176632,SP,1419.5,5
unknown,3faf68a3b0af94b10bac70d86077be49,SP,1322.93,7
unknown,3771c85bac139d2344864ede5d9341e3,SP,1317.1,22
unknown,dd7ddc04e1b6c2c614352b383efe2d36,SP,1226.08,21
unknown,2eb70248d66e0e3ef83659f71b244378,SP,1199.7,3
unknown,7e26c750b4cb9f6766f58265ff9ebe95,MG,1194.3,24
unknown,b0f2a6122a90a93eb03e68653dd960e3,PR,1163.7,3
unknown,1f1bb1f0859883505541bdd6606193e5,SP,1159.0,1
unknown,54065e9aef7e9e9c2dc23b7594db021a,RJ,1140.0,2
unknown,6b89abe95848c850399130d149a39b63,GO,1135.2,8
unknown,293dee954235e4e4e43f129313625ebe,DF,1133.96,4
unknown,fc906263ca5083d09dce42fe02247800,MG,1132.1,29
unknown,f4c4daa86e30c7e5a553a8d518ac03a5,PR,1131.88,2
unknown,897060da8b9a21f655304d50fd935913,SP,1077.2,12
unknown,3078096983cf766a32a06257648502d1,SP,1064.93,7
unknown,15aac934c58d886785ac1b17953ea898,ES,1015.0,2
unknown,226b05fe067266c59c15dae208213d06,PR,973.0,10
unknown,b45d7ebfb7378630f1bcd74b6ff86ff7,MG,899.7,3
unknown,1961c3e1272bfeceb05d0b78b5bbfdaf,SP,896.0,4
unknown,eddd1991bd6d9309995a480c39b95137,PR,866.0,3
unknown,4bf658053d453036c70976bccb2c31b2,SP,843.0,1
unknown,b335c59ab742f751a85db9c411a86739,MG,806.59,8
unknown,ea6b12bf9ffe2bac34602ec631d97a47,SP,762.7,6
unknown,b74d1c09cb380e1d03a6f859c6f4224b,RJ,759.87,13
unknown,01cf7e3d21494c41fb86034f2e714fa1,PR,743.26,2
unknown,1b8356dabde1d35e17cef975c3f82730,SP,729.92,8
unknown,14ee35374a7876217954b5fa08e50463,SP,690.0,5
unknown,d29ba1220fb8634fa3a107e54497b8a4,SP,689.95,8
unknown,365e445f796710c3431557e85caa25db,SP,687.0,3
unknown,2138ccb85b11a4ec1e37afbd1c8eda1f,SP,674.94,6
unknown,f0e103c63864d5405b958d984b6e94c9,SP,639.2,6
unknown,3481aa57cd91f9f9d3fa1fa12d9a3bf7,SP,626.96,9
unknown,80e6699fe29150b372a0c8a1ebf7dcc8,PR,626.8,5
unknown,5f7300535881cef3b625fd683cf7d145,RS,616.18,9
unknown,1b8b75e227c9a9c100d0c210fb6176ce,SP,609.97,5
unknown,05ff92fedb5be47920fea08e501238b9,RS,598.4,1
unknown,4e922959ae960d389249c378d1c939f5,SP,563.0,17
unknown,52ac6f920b7280e4c6d30dd94de6259b,PR,559.9,1
unknown,d32e3909cfb714fb2a6cb092c85b9c5f,SP,538.7,3
unknown,ff314fa6033cc68ec451c47aee2d6ba4,SP,537.9,2
unknown,ac51cac5e20d69ff485a54746488ef48,SP,536.9,3
unknown,cb9fb4ca75d7ba8437480e8dde64fe98,SP,532.14,10
unknown,3296662b1331dea51e744505065ae889,SP,517.8,1
unknown,e26901d5ab434ce92fd9b5c256820a4e,SP,514.5,15
unknown,83a75eea11694e36e56dd0cb2240229a,SP,487.0,3
unknown,07017df32dc5f2f1d2801e579548d620,PB,457.99,3
unknown,20a7efa9721046319bdde5d60b6b5365,SP,449.5,5
unknown,66fd84ee7528c0c0de85d0f44a73d5ab,RS,449.09,3
unknown,ba6b68b55fe8704377a7d43c8e5c0185,MG,439.8,2
unknown,b6e1504972665f739dec4facb9943775,SP,427.5,5
unknown,91f848e9f4be368f4318775aac733370,SP,419.89,11
unknown,c157bdeedcbc9a8e3c8bf0d87ff24428,SP,409.47,8
unknown,e48b04bf1aa1ef711caebeb7aede6180,PR,403.6,4
unknown,62d977e2b2aee830de3e039a28490d12,PR,399.8,2
unknown,6cd68b3ed6d59aaa9fece558ad360c0a,MG,384.38,11
unknown,3f8034bfc6b8b4135534975d49f04c63,PR,369.9,5
unknown,8648b1e89e9b349e32d3741b30ec737e,SP,362.4,6
unknown,9baf5cb77970f539089d09a38bcec5c3,SP,349.99,1
unknown,a37c340b91cb0169e8b029db6440fba2,SP,345.0,5
unknown,c113b8df1fc375bc3d73d29c1b1144d1,SP,333.0,5
unknown,f18112da765e0971ca5d510dec322bdd,SC,327.8,2
unknown,4b98b0428fc1932cc2514ef9ce2505e6,SP,327.63,2
unknown,63ffcb71394dd8ea3872ed9ffda17c74,RJ,326.3,14
unknown,38e6dada03429a47197d5d584d793b41,SP,310.34,8
unknown,325f3178fb58e2a9778334621eecdbf9,SP,307.6,14
unknown,2f09f7d37a97956d11cc1a7cadd5262b,SP,305.0,4
unknown,af4a0e4cfe1d9c26b6712b1be25a72e5,MG,304.91,1
unknown,fe26f3ecb51a15e6d8335cd92da42562,SP,299.99,1
unknown,dc8798cbf453b7e0f98745e396cc5616,SP,299.4,6
unknown,e603cf3fec55f8697c9059638d6c8eb5,RS,297.0,11
unknown,834f8533b2ecb6598dd004ff3de7203a,SP,294.0,3
unknown,7bcd7c5f8631701474db233ccf1c094b,SP,275.0,7
unknown,6bb66d9870c2e01c05655c7ed0e7ee13,SP,269.0,3
unknown,6da1992f915d77be95d7fa48b36904af,SP,261.0,9
unknown,432c37c9dfba871172ec162e20118b8c,DF,257.9,3
unknown,c0f783394e37cd9c9d7f5f81141450fa,SP,249.4,6
unknown,f4aba7c0bca51484c30ab7bdc34bcdd1,SP,244.6,4
unknown,44073f8b7e41514de3b7815dd0237f4f,DF,244.55,3
unknown,94231344608e603693b0a8891143f65d,SP,239.0,1
unknown,578460d8319c51dab351cd9db95eadfe,GO,235.0,1
unknown,3a734b715d333a2588a3d54a0c9b8746,SP,232.0,2
unknown,23613d49c3ac2bd302259e55c06c050c,SP,227.5,5
unknown,f419677537694f0462a91990df6ca44f,SP,220.5,6
unknown,b5e3e38609125694d2ea2417522a60b7,SC,219.98,2
unknown,11305281b50fff20ae8bb473f8e11876,MG,219.88,3
unknown,6e0908ef4d4efadbc3cc2b74ea477cb0,RJ,215.75,4
unknown,93b9a99027bd8bd6af682aff18dd19bf,SP,214.0,3
unknown,59cd88080b93f3c18508673122d26169,SP,208.94,7
unknown,92c8bc6e8f925792247656fed09aad65,SP,207.8,2
unknown,3bfad056cf05c00dabe2f895925d83b1,SP,206.65,5
unknown,e627629ba868740e287800f1a9be81c2,SP,201.9,3
unknown,53e4c6e0f4312d4d2107a8c9cddf45cd,SP,197.95,3
unknown,784ba75dd9d20200c4caed3d7a77141a,SP,197.69,4
unknown,d5c530f4884a75ae0dba9c148718d278,MG,195.48,7
unknown,eb4df17aed01d918c65f0f8d650900c0,SP,189.99,1
unknown,2a7dc43cecabf23403078e2188437d1d,SP,189.2,8
unknown,7aa538dd6e114e503a2e6154ea352253,SP,186.8,2
unknown,3a79f35a2344ede41af21267f61d5ec6,SP,186.0,1
unknown,79565f7d5603b24ddf07ade262547f2f,SP,180.0,5
unknown,0d83f8e03188682112cc0d93523705cc,RS,179.96,2
unknown,fe1bbc5feda5c8979a8a1b3b2512d5a6,MG,179.9,1
unknown,32fdd5d44ecb43dfd6a24b9369eca144,MG,179.7,3
unknown,1352e06ae67b410cdae0b2a22361167b,RJ,178.0,2
unknown,1782ce2db72c3dda627d5e7c898104e1,SP,177.0,1
unknown,25e47381a6c510ddeb36084e33b89f0c,SP,173.8,5
unknown,5011f0d93373a4c5753adf58ca77af8d,SP,169.99,1
unknown,51702dc2a3e106c76dbff722b5bf0726,SP,169.9,1
unknown,b92e3c8f9738272ff7c59e111e108d7c,MG,169.9,1
unknown,695051e2981c8b19e77cafe450d5bdf3,SP,169.76,1
unknown,3c3017960b2dbd72711a61f0400aab8f,SC,169.6,2
unknown,0ea22c1cfbdc755f86b9b54b39c16043,MG,169.4,6
unknown,c7c7b2682c648339a0e9846bb1023a39,SP,168.0,3
unknown,8603f0038fe0e52fedd3382d266723de,SC,167.0,1
unknown,89d9a386b0b6e5fc8403071b03f7206a,SP,167.0,5
unknown,5075aaa8404020ae6aa8bf4792099b41,MG,167.0,2
unknown,c24173065483e421f9e5e7f599de101d,SP,165.96,4
unknown,432c67955c0acd1fd6b0b5d678766a71,SP,163.0,1
unknown,954e95f20808d7e5d11f0de292d078e0,MG,158.78,4
unknown,82e0a475a88cc9595229d8029273f045,SP,158.0,2
unknown,ffff564a4f9085cd26170f4732393726,SP,158.0,2
unknown,0c7f30ae9b147eca07affbef92832a6a,PR,149.9,1
unknown,49067458c68f7701fd334ce326accbe0,MG,144.25,5
unknown,acf974e4d5950ad143a247471b831eb9,RS,143.1,5
unknown,a154d7316f158bb42e6fa18bbe3afd3a,SP,139.8,2
unknown,fb8904a8ea99f8831b64ce27db2c1765,SP,139.0,1
unknown,e7f3bf1ecd8526eb7f3b18059e6716e5,SP,138.08,5
unknown,ed8cb7b190ceb6067227478e48cf8dde,SP,137.13,7
unknown,f3da5b2ff499efb8d4a6d371d175d7dd,SP,135.91,7
unknown,4ebdc7e6cd6102a022dadc49156d4ea8,SP,135.1,6
unknown,2f3d8b4c9e2ee165075331fea3f3095a,SC,130.0,1
unknown,47f55702f598c7c6cc8458b0fbc1c49a,MG,127.5,2
unknown,c26ba52cf8d2f34915f2f6b7ffa0a3f3,RJ,125.96,4
unknown,934ed5cd1b9c1c7382d0a94a94b9e639,PR,125.85,1
unknown,003554e2dce176b5555353e4f3555ac8,GO,120.0,1
unknown,caa9bc43a9fe8cf9c564ddd8a03cc4a6,SP,119.96,4
unknown,be1e9e378700cecaa4ebf71433d7915c,SP,119.89,2
unknown,c04d70d515d15a7e3db3a73320598566,RJ,119.7,3
unknown,e5bd51692380fd8cabb19b756b95e714,SP,119.7,3
unknown,5acd070dd3fe441bbb2ec1f1ede515ee,SP,119.27,5
unknown,391fc6631aebcf3004804e51b40bcf1e,SP,118.74,1
unknown,5c853bb56f70f4d14218944bae111d7a,SP,117.9,10
unknown,b416191c9813d821a295cfabafff4161,SP,117.8,2
unknown,b64d51f0435e884e8de603b1655155ae,SP,117.1,7
unknown,323ce52b5b81df2cd804b017b7f09aa7,SP,112.0,2
unknown,6df688df543f90e9b38f4319e75a9d88,MG,110.86,7
unknown,7722b1df1b0e383e000397b2c11e3e19,SP,109.8,2
unknown,7bb8fac2913a6064ec412e583c6d8b4d,SP,109.0,1
unknown,1dfe5347016252a7884b694d4f10f5c4,SP,100.6,1
unknown,b3f19518fcec265b2e97af287725f981,SP,99.99,1
unknown,d9cb0052a666de5308b32f32ad5f1b1c,SP,99.3,1
unknown,b57e8460909fa137df7951b4a3b5ea84,RS,99.0,1
unknown,b347677812ea483b0f528eaf8cbc09b7,PR,99.0,1
unknown,6f83d9e4da896daae20b9b6b2d3ff8d2,PR,98.8,2
unknown,9646c3513289980f17226a2fc4720dbd,SP,98.8,2
unknown,e21a1e8be4715b0fcfd5385643bc49c4,SC,95.7,3
unknown,623ad9d0c1e14bb5464a8c72bff7b4af,MG,95.0,1
unknown,5305693ffae2d3463377b1f6fe67b15a,SP,93.56,1
unknown,6ba4733aa33f6386e9fb0c0fd3993b38,RS,89.8,2
unknown,98115075dd26cb8835946fc6086f5d30,SP,88.99,1
unknown,b86a47b3366e3b5424a7b225781f4908,MG,86.5,1
unknown,7994b065a7ffb14e71c6312cf87b9de2,ES,85.8,2
unknown,4a82c4af97ffc0fb2dc26bfdc03b1842,MG,83.7,2
unknown,52f0fe436a347ddad7ed5f9aa4e27eaa,SP,81.98,2
unknown,f8db351d8c4c4c22c6835c19a46f01b0,SP,80.7,3
unknown,1a8e2d9c38b84a9702ac7922924b0573,SC,80.0,1
unknown,bba74270a87732727b5a3b4fd9ac1c39,MG,79.99,1
unknown,b274baf5bbd142410eb2958cf685d684,RS,79.0,1
unknown,166e8f1381e09651983c38b1f6f91c11,SC,78.8,2
unknown,9e6967d3cf386d284251784b18ccb485,SP,74.0,5
unknown,028872bfa080090a9d0abd4f1af168f8,MG,70.5,3
unknown,d354c38a7182125a748cb10474fe963b,RJ,69.99,1
unknown,3db66a856d18a9cba7c9241fc5221c50,MG,69.9,1
unknown,94e93ce877be27a515118dbfd2c2be41,SP,69.9,1
unknown,ea1776927851da2532aa70d6a32c095a,SP,69.8,2
unknown,e1643dff33666ca629e3644c02738179,SP,66.0,2
unknown,485452467ff670447e84a8370c3fc898,SC,65.8,2
unknown,e5d4b2b0c3bca22085f7a19a28de0c42,SC,64.9,1
unknown,5563732abe64c3036cb97ad924128dd1,SP,64.0,1
unknown,f593898ec748b7a8cb81fc04edafd98a,SP,63.3,3
unknown,f7c31656c19db6275a8acadca289f426,SP,61.56,1
unknown,08d2d642cf72b622b14dde1d2f5eb2f5,SP,60.0,2
unknown,09883d9ab71c8fe8a9bfc7fc3075b07e,SP,59.9,1
unknown,9ef932e837d8b7f392c0bfee9d359dc2,SP,59.9,1
unknown,b76a1f8356322f12529c37b67d5c96c2,SP,59.9,1
unknown,75fdd0a732287f9497b179f6bd445d32,SP,59.9,1
unknown,b8d890108a7a80e4f5d59eea9f362438,PR,59.8,2
unknown,d180e07dc1e58c31c3f0cd599dc4d945,MG,58.8,1
unknown,d4ffeb15b67e81ff9af2b4252d99fb7e,SP,58.0,1
unknown,8d92f3ea807b89465643c219455e7369,SP,57.3,7
unknown,bcc9dd23e2a8bd8267cf92b19304a1b9,SP,56.99,1
unknown,b29d3380981c51df13fc6fbe87e1763d,SP,56.9,1
unknown,f3295428338a40977a03f555246a70f4,ES,54.28,3
unknown,2bd05d410a8fd26dc4184a15f4f2f588,MG,53.0,1
unknown,ccada0ef508e698917a6eab263375905,PR,52.9,2
unknown,07e8e8fc5222bb358e6f259da3197074,SP,51.8,2
unknown,5cf1ec37aea089f45110c70653a166ab,SP,50.0,3
unknown,ac137bac82ffa8548e62bd9d01d2a14f,SP,49.6,1
unknown,c42fd8e4d47dfb18ce5222f2dd7752f9,SP,49.0,1
unknown,2e2f44824ab87a0cb961f68bf4073e7f,PR,48.0,1
unknown,0b3f27369a4d8df98f7eb91077e438ac,SP,47.84,1
unknown,22c32ec35d0116ef02c281798a25bf8b,PR,47.58,2
unknown,d9442042130b7fe579d1295f9f4a248f,SP,46.99,1
unknown,57fe6232e67823593374a2281d7a8af8,SP,44.28,2
unknown,0bfd0b434243adc5c2e1aa6baf19c6aa,RJ,42.5,1
unknown,749e7cdabbaf72f16677859e27874ba5,SP,41.9,1
unknown,f8e2c1b59cd4225a3e4fd0d013a76b93,SP,40.0,1
unknown,4200ddf1967c5e41e48db62bc6d4b5ac,SP,39.9,1
unknown,e4ebd3f87bf70440014f07ddda7fbe03,SP,39.0,1
unknown,d7ab82074b5f1dfba46db123df101bff,SP,38.67,3
unknown,5de1c80811ce7007f62f00d971236c09,SC,36.9,1
unknown,f664f98bfda2eaf266a23ff144e7a872,SP,34.99,1
unknown,876182d1918783bbe15233febfbd4926,SP,34.98,1
unknown,7c1fea10b5b006671d608b1d7c446ec4,SP,34.9,1
unknown,8ca5b19e0263150d2c57afdde2b3d011,SP,34.8,2
unknown,116ccb1a1604bc88e4d234a8c23f33de,SP,34.54,1
unknown,c1d1ebb4745cc43cb6f05e9c8a705c9a,SP,34.5,3
unknown,9cea4682e16655f7da87f406902e989e,PR,33.46,7
unknown,c4b911d06343b21dd906651f8101cb49,SP,32.99,1
unknown,1a6245add4353f18ed55138808906979,SP,30.0,1
unknown,4736e9d642ef4257cd7622516931eb51,SP,29.99,1
unknown,528ce32f560edd11add4169f6a5b65be,SP,29.9,1
unknown,7b3f6ce5c6c22e9b96e7581ebf0df6e1,SP,29.8,1
unknown,d4a5e99e0dd915df64ba55a7fbd583fd,SP,27.9,1
unknown,7315baebc0572ff220d226283dc66728,SP,25.95,1
unknown,cac4e0bc1a3269fa2b6ea5e763f6115b,SC,25.84,1
unknown,38f276ca6e7cc95a6d1bb55ac9e5550f,SP,24.99,1
unknown,916748bc99315c2d202898ae58b1617e,SP,24.0,2
unknown,085f6f7e049c996695fb2074fe38d45e,SP,23.8,2
unknown,2c3d56f92f360fb89d849b84e8f50eae,SP,23.0,1
unknown,afac9f6b0c4e5f0a7ee87e922cd0f873,SP,20.99,1
unknown,698624c6632eeba1774924dbea24c700,SP,19.9,1
unknown,c8417879a15366a17c30af34c798c332,SP,19.7,1
unknown,3dbbce181edfaa4a597ec858c382d2ec,PR,16.9,1
unknown,2059c39f76271d4ca3f15b5ffaccc8b8,PR,16.0,1
unknown,e3e290b38963293022cdcd6db8328103,SP,15.9,1
unknown,eae9af4811c294c56795d70e715b7337,SP,15.9,1
unknown,e88c9b79e592e370d6bd852eeefbf057,PR,14.9,1
unknown,bfd938b22bc99bce1ae60dc602889f52,RJ,13.9,1
unknown,b3e2faf2c1004d674f16a3aa3197f0e1,SP,12.49,1
unknown,2f4b0d3b9634b647d4edee577d7ebb7e,SP,11.9,1
unknown,d2f3e277560ed4c6361284429b00f037,SP,10.05,2
unknown,702835e4b785b67a084280efca355756,MG,7.6,1
unknown,60da8bfa7eebe230b7d66ac4082d79b3,SP,6.8,1
watches_gifts,4869f7a5dfa277a7dca6462dcf3b52b2,SP,201071.73,1002
watches_gifts,fa1c13f2614d7b5c4749cbc52fecda94,SP,192092.74,579
watches_gifts,7e93a43ef30c4f03f38b393420bc753a,SP,169768.06,314
watches_gifts,6560211a19b47992c3666cc44a7e94c0,SP,100913.0,1628
watches_gifts,7d13fca15225358621be4086e1eb0964,SP,90112.07,508
watches_gifts,966cb4760537b1404caedd472cc610a5,SP,51286.05,75
watches_gifts,2bf6a2c1e71bbd29a4ad64e6d3c3629f,RJ,48778.9,30
watches_gifts,b33e7c55446eabf8fe1a42d037ac7d6d,SP,36342.5,133
watches_gifts,634964b17796e64304cadf1ad3050fb7,RJ,34187.6,278
watches_gifts,2eb70248d66e0e3ef83659f71b244378,SP,25604.87,118
watches_gifts,744dac408745240a2c2528fb1b6028f3,PR,19998.8,77
watches_gifts,d650b663c3b5f6fb392b6326366efa9a,SP,18215.9,57
watches_gifts,c3acdfac4e3e97ff87529454fbc03642,SP,16788.0,12
watches_gifts,86ccac0b835037332a596a33b6949ee1,SC,15785.16,206
watches_gifts,a6bd7d1ccdac48c6b33b28596b7eb122,PB,14368.61,16
watches_gifts,d921b68bf747894be13a97ae52b0f386,MG,13950.2,67
watches_gifts,c66dccfb3f109511246da627dd5a2498,SP,12418.65,44
watches_gifts,8ae520247981aa06bc94abddf5f46d34,SC,12178.09,52
watches_gifts,c60b801f2d52c7f7f91de00870882a75,SP,10976.9,31
watches_gifts,056b4ada5bbc2c50cc7842547dda6b51,RJ,10043.44,61
watches_gifts,b1fc4f64df5a0e8b6913ab38803c57a9,RJ,7994.74,121
watches_gifts,67883baaae6134ee81b271a542613728,SP,7698.9,18
watches_gifts,93dc87703c046b603023e75222018b45,MG,7492.35,31
watches_gifts,381c83fdca332ea6afd896da20bf6e4a,PR,7016.8,43
watches_gifts,522620dcb18a6b31cd7bdf73665113a9,PR,5619.9,21
watches_gifts,612170e34b97004b3ba37eae81836b4c,RS,4690.7,25
watches_gifts,4d600e08ecbe08258c79e536c5a42fee,PR,4241.18,7
watches_gifts,f8db351d8c4c4c22c6835c19a46f01b0,SP,4220.0,30
watches_gifts,58f1a6197ed863543e0136bdedb3fce2,MG,4033.0,30
watches_gifts,f4c4daa86e30c7e5a553a8d518ac03a5,PR,3813.43,15
watches_gifts,bce6a5ecf98e99fd2a8868b15c51f04b,SP,3464.9,15
watches_gifts,a0415d9b25ede3c4b1e477e9916ffc03,RJ,3184.4,7
watches_gifts,8444e55c1f13cd5c179851e5ca5ebd00,MG,3006.5,9
watches_gifts,606ce7768feac12c5e8bd58db8b08f0f,SP,2916.6,5
watches_gifts,4342d4b2ba6b161468c63a7e7cfce593,RJ,2867.1,20
watches_gifts,1996942dc085d7773ba77a529b163cd0,SP,2248.63,8
watches_gifts,747e73c01a4593d4cf60dcf970fd2689,PE,2217.99,3
watches_gifts,26d8a1c7c75d513045798992ead43aa2,PR,2150.0,1
watches_gifts,ececbfcff9804a2d6b40f589df8eef2b,SP,2144.04,34
watches_gifts,3d871de0142ce09b7081e2b9d1733cb1,SP,1633.6,64
watches_gifts,01ed254b9ff8407dfb9d99ba1e17d923,SP,1465.99,5
watches_gifts,1284de4ae8aa26997e748c851557cf0e,SP,1459.97,3
watches_gifts,0aea4c6ae1505b3228ddf3dd7822ee5b,SP,1427.91,8
watches_gifts,1f1bb1f0859883505541bdd6606193e5,SP,1399.0,1
watches_gifts,4fb41dff7c50136976d1a5cf004a42e2,BA,1230.0,3
watches_gifts,715bbd5ba4e6b74cb0d2f29eb45058b0,SP,1218.8,27
watches_gifts,850f4f8af5ea87287ac68de36e29107f,SP,1143.0,17
watches_gifts,b19c48688808720822399ffa9f2dbe2f,SP,959.99,1
watches_gifts,1782ce2db72c3dda627d5e7c898104e1,SP,948.0,4
watches_gifts,4bf658053d453036c70976bccb2c31b2,SP,899.99,1
watches_gifts,1710c3aaa9c6b44ec3883ee0fe300e21,SP,899.0,1
watches_gifts,e7df4cd29ab5abab70fb0783ddb53987,SP,799.0,1
watches_gifts,0ac4201fda2c68ebc0e47cb9423cf3c9,SP,799.0,1
watches_gifts,d624126b9206f595fb3fbb6ba03b28a8,PR,790.0,1
watches_gifts,f9eedec3129e8cc6b6429c42d0808c5b,RJ,789.8,2
watches_gifts,61c36f0fc4a47f9532e5512b66668e62,SP,750.0,1
watches_gifts,7299e27ed73d2ad986de7f7c77d919fa,MG,659.99,1
watches_gifts,b2ba3715d723d245138f291a6fe42594,SP,614.6,4
watches_gifts,95e03ca3d4146e4011985981aeb959b9,RJ,519.85,17
watches_gifts,1352e06ae67b410cdae0b2a22361167b,RJ,518.0,2
watches_gifts,7e959205cebc10adefcb331f934238a4,SP,513.9,2
watches_gifts,fcba71d4d5db057f43249145e4eb1e27,SP,494.55,3
watches_gifts,dee656f0f566ed1aa85bd137c943f08f,SP,465.81,10
watches_gifts,710e3548e02bc1d2831dfc4f1b5b14d4,PR,449.97,3
watches_gifts,5d76d80a2f5f39c891b996a1bf4c9853,SP,444.9,2
watches_gifts,0be8ff43f22e456b4e0371b2245e4d01,SP,409.7,3
watches_gifts,6b536a23086fba0d58c08d68814397f6,RJ,388.0,3
watches_gifts,66dc1b1632bd6a3e508510c5b3492107,SP,369.3,3
watches_gifts,beadbee30901a7f61d031b6b686095ad,SP,300.0,2
watches_gifts,921323538c9f1c4e816f2720eac02bea,SP,286.98,2
watches_gifts,4e0d109ccfba9a1151c103049880c857,RJ,279.89,2
watches_gifts,a673821011d0cec28146ea42f5ab767f,SP,249.7,3
watches_gifts,3a734b715d333a2588a3d54a0c9b8746,SP,249.0,1
watches_gifts,4830e40640734fc1c52cd21127c341d4,SP,243.97,5
watches_gifts,54583ab379489add547fe47b628db589,SP,240.0,2
watches_gifts,ffc470761de7d0232558ba5e786e57b7,SP,200.94,5
watches_gifts,bec568278124768c474ee90971ca94d1,SP,199.0,1
watches_gifts,4e922959ae960d389249c378d1c939f5,SP,189.99,1
watches_gifts,f9eda05b67bef472deaddbba84aca289,SC,185.0,1
watches_gifts,1d503743d2526f03f0c2c89540ee008c,SP,179.97,3
watches_gifts,6e85dc5ecd97a61094b89b046a509d8e,SP,169.9,1
watches_gifts,a1bea7061f61f6fdd9a85a6325ba1033,SP,154.98,1
watches_gifts,7722b1df1b0e383e000397b2c11e3e19,SP,153.8,2
watches_gifts,e8b3a3a38279a82f0e5d006d5e5b7d2c,PR,150.9,1
watches_gifts,e5def42655b7490edac5a56fe8e9e603,SP,129.9,1
watches_gifts,432c37c9dfba871172ec162e20118b8c,DF,120.0,1
watches_gifts,d9a84e1403de8da0c3aa531d6d108ba6,SP,116.3,7
watches_gifts,0bae85eb84b9fb3bd773911e89288d54,SP,110.51,2
watches_gifts,9f505651f4a6abe901a56cdc21508025,SP,104.95,5
watches_gifts,994f04b3718c2bab35c2adfa8afecd2a,SP,89.9,1
watches_gifts,08d2d642cf72b622b14dde1d2f5eb2f5,SP,89.5,5
watches_gifts,a425f92c199eb576938df686728acd20,PR,85.0,1
watches_gifts,e82de6494d91d3c4c54450f59b227a94,SP,76.0,2
watches_gifts,0bfd0b434243adc5c2e1aa6baf19c6aa,RJ,69.9,1
watches_gifts,c68fb906c8f4b4b946d8386bfa6e5467,SP,55.88,1
watches_gifts,89f69225956f951295ca4c7fb1266553,RJ,52.9,1
watches_gifts,2ff97219cb8622eaf3cd89b7d9c09824,SP,36.9,1
watches_gifts,891071be6ba827b591264c90c2ae8a63,SP,25.0,1
watches_gifts,b98b715fe9e276204e2a3464f48cd796,SP,24.99,1
watches_gifts,75d34ebb1bd0bd7dde40dd507b8169c3,BA,10.99,1
watches_gifts,1da3aeb70d7989d1e6d9b0e887f97c23,SP,8.99,1
